Date,Ticker,Company_Name,Sector,Open,High,Low,Close,Adj_Close,Volume
2021-09-20,JPM,JPMorgan Chase & Co.,Banking,155.57,156.74,154.44,155.93,155.93,7420344
2021-09-21,JPM,JPMorgan Chase & Co.,Banking,155.9,156.85,155.27,155.73,155.73,12814736
2021-09-22,JPM,JPMorgan Chase & Co.,Banking,155.06,157.89,154.61,156.93,156.92,15387208
2021-09-23,JPM,JPMorgan Chase & Co.,Banking,156.89,161.66,155.84,159.72,159.7,12288362
2021-09-24,JPM,JPMorgan Chase & Co.,Banking,159.47,160.66,157.89,159.35,159.32,11216918
2021-09-27,JPM,JPMorgan Chase & Co.,Banking,159.42,161.26,158.73,158.98,158.94,15095533
2021-09-28,JPM,JPMorgan Chase & Co.,Banking,158.18,164.82,156.94,161.91,161.86,14140198
2021-09-29,JPM,JPMorgan Chase & Co.,Banking,161.93,164.43,159.08,163.38,163.32,18896694
2021-09-30,JPM,JPMorgan Chase & Co.,Banking,163.18,166.8,158.79,162.56,162.5,9382108
2021-10-01,JPM,JPMorgan Chase & Co.,Banking,163.0,164.95,162.1,163.62,163.55,8987577
2021-10-04,JPM,JPMorgan Chase & Co.,Banking,163.19,164.9,161.76,162.82,162.74,8788265
2021-10-05,JPM,JPMorgan Chase & Co.,Banking,163.2,165.43,161.53,162.01,161.92,11851608
2021-10-06,JPM,JPMorgan Chase & Co.,Banking,162.39,164.56,159.55,162.51,162.41,7290118
2021-10-07,JPM,JPMorgan Chase & Co.,Banking,162.55,163.23,158.49,159.08,158.97,10087838
2021-10-08,JPM,JPMorgan Chase & Co.,Banking,159.72,160.05,155.03,156.05,155.94,14387719
2021-10-11,JPM,JPMorgan Chase & Co.,Banking,156.61,157.16,154.48,155.11,154.99,12608769
2021-10-12,JPM,JPMorgan Chase & Co.,Banking,154.31,155.68,153.12,153.39,153.26,10912394
2021-10-13,JPM,JPMorgan Chase & Co.,Banking,153.69,154.26,153.37,153.99,153.85,13975632
2021-10-14,JPM,JPMorgan Chase & Co.,Banking,155.04,156.62,151.35,152.46,152.32,14652302
2021-10-15,JPM,JPMorgan Chase & Co.,Banking,151.97,152.73,149.76,150.09,149.94,11950731
2021-10-18,JPM,JPMorgan Chase & Co.,Banking,150.7,154.41,150.2,152.66,152.5,15971624
2021-10-19,JPM,JPMorgan Chase & Co.,Banking,152.07,153.23,151.5,152.32,152.15,13771964
2021-10-20,JPM,JPMorgan Chase & Co.,Banking,152.89,153.7,151.07,152.48,152.31,13507249
2021-10-21,JPM,JPMorgan Chase & Co.,Banking,152.93,155.34,148.98,150.09,149.91,11498645
2021-10-22,JPM,JPMorgan Chase & Co.,Banking,150.16,151.01,148.61,149.22,149.03,13254757
2021-10-25,JPM,JPMorgan Chase & Co.,Banking,149.42,149.73,149.35,149.45,149.26,7920431
2021-10-26,JPM,JPMorgan Chase & Co.,Banking,149.83,152.29,147.22,147.56,147.37,12799741
2021-10-27,JPM,JPMorgan Chase & Co.,Banking,147.36,148.39,146.95,148.24,148.04,13823689
2021-10-28,JPM,JPMorgan Chase & Co.,Banking,148.34,148.49,146.93,147.29,147.08,11440882
2021-10-29,JPM,JPMorgan Chase & Co.,Banking,147.08,147.31,145.65,146.85,146.63,15585139
2021-11-01,JPM,JPMorgan Chase & Co.,Banking,146.09,146.38,145.48,145.9,145.68,11606884
2021-11-02,JPM,JPMorgan Chase & Co.,Banking,144.89,150.06,141.55,149.04,148.81,7655958
2021-11-03,JPM,JPMorgan Chase & Co.,Banking,147.93,149.7,146.97,149.07,148.83,15365559
2021-11-04,JPM,JPMorgan Chase & Co.,Banking,149.74,150.47,147.23,147.34,147.1,17539910
2021-11-05,JPM,JPMorgan Chase & Co.,Banking,146.81,149.94,146.54,148.77,148.52,9867384
2021-11-08,JPM,JPMorgan Chase & Co.,Banking,148.43,149.42,145.66,146.78,146.51,11753546
2021-11-09,JPM,JPMorgan Chase & Co.,Banking,147.33,147.89,146.7,147.17,146.9,14123146
2021-11-10,JPM,JPMorgan Chase & Co.,Banking,147.54,148.76,141.51,143.99,143.72,12589563
2021-11-11,JPM,JPMorgan Chase & Co.,Banking,144.33,146.19,141.79,141.88,141.61,13124933
2021-11-12,JPM,JPMorgan Chase & Co.,Banking,141.52,142.3,139.69,142.25,141.96,12384313
2021-11-15,JPM,JPMorgan Chase & Co.,Banking,141.92,144.18,140.85,143.49,143.2,11169303
2021-11-16,JPM,JPMorgan Chase & Co.,Banking,143.48,144.19,141.5,143.82,143.52,7248291
2021-11-17,JPM,JPMorgan Chase & Co.,Banking,144.19,144.81,142.88,143.68,143.37,11927469
2021-11-18,JPM,JPMorgan Chase & Co.,Banking,143.4,143.4,142.24,143.23,142.92,16510194
2021-11-19,JPM,JPMorgan Chase & Co.,Banking,143.66,144.95,140.85,140.9,140.58,11192441
2021-11-22,JPM,JPMorgan Chase & Co.,Banking,140.86,141.67,139.58,139.8,139.48,17393059
2021-11-23,JPM,JPMorgan Chase & Co.,Banking,140.11,140.97,138.34,139.12,138.79,12826531
2021-11-24,JPM,JPMorgan Chase & Co.,Banking,138.74,140.94,137.7,140.84,140.51,14094669
2021-11-25,JPM,JPMorgan Chase & Co.,Banking,141.03,142.4,139.23,141.44,141.09,12343600
2021-11-26,JPM,JPMorgan Chase & Co.,Banking,141.9,145.63,137.47,138.69,138.34,17207891
2021-11-29,JPM,JPMorgan Chase & Co.,Banking,138.78,140.07,138.36,139.24,138.89,13856059
2021-11-30,JPM,JPMorgan Chase & Co.,Banking,139.78,142.12,138.1,138.68,138.32,12114010
2021-12-01,JPM,JPMorgan Chase & Co.,Banking,138.74,139.22,137.47,137.67,137.3,15273138
2021-12-02,JPM,JPMorgan Chase & Co.,Banking,137.62,139.47,135.05,138.67,138.3,8322703
2021-12-03,JPM,JPMorgan Chase & Co.,Banking,137.98,143.48,134.04,140.35,139.96,11683824
2021-12-06,JPM,JPMorgan Chase & Co.,Banking,141.2,142.21,139.55,141.89,141.49,13956968
2021-12-07,JPM,JPMorgan Chase & Co.,Banking,141.13,142.15,138.2,140.59,140.19,16130410
2021-12-08,JPM,JPMorgan Chase & Co.,Banking,140.96,141.4,139.92,140.14,139.74,10349084
2021-12-09,JPM,JPMorgan Chase & Co.,Banking,139.82,141.36,139.25,140.72,140.3,7048526
2021-12-10,JPM,JPMorgan Chase & Co.,Banking,140.7,143.78,135.41,142.33,141.9,15446297
2021-12-13,JPM,JPMorgan Chase & Co.,Banking,141.49,141.95,141.41,141.61,141.17,14421879
2021-12-14,JPM,JPMorgan Chase & Co.,Banking,141.01,141.89,140.61,141.36,140.92,11859238
2021-12-15,JPM,JPMorgan Chase & Co.,Banking,141.59,143.73,139.38,139.64,139.2,11222248
2021-12-16,JPM,JPMorgan Chase & Co.,Banking,140.23,141.77,136.95,137.81,137.36,10954043
2021-12-17,JPM,JPMorgan Chase & Co.,Banking,137.64,139.76,136.74,139.13,138.67,15643527
2021-12-20,JPM,JPMorgan Chase & Co.,Banking,139.08,143.16,138.67,141.33,140.86,11222873
2021-12-21,JPM,JPMorgan Chase & Co.,Banking,141.24,141.31,140.5,141.26,140.79,11607252
2021-12-22,JPM,JPMorgan Chase & Co.,Banking,140.76,143.08,136.89,142.93,142.44,14748983
2021-12-23,JPM,JPMorgan Chase & Co.,Banking,143.09,146.36,139.2,143.56,143.06,9386598
2021-12-24,JPM,JPMorgan Chase & Co.,Banking,143.76,144.6,141.78,142.56,142.06,13838321
2021-12-27,JPM,JPMorgan Chase & Co.,Banking,142.05,143.75,140.75,143.2,142.68,15219262
2021-12-28,JPM,JPMorgan Chase & Co.,Banking,143.12,146.61,142.64,145.76,145.24,12451256
2021-12-29,JPM,JPMorgan Chase & Co.,Banking,145.94,147.3,145.32,145.75,145.22,10653237
2021-12-30,JPM,JPMorgan Chase & Co.,Banking,145.79,150.67,143.41,148.41,147.86,13916190
2021-12-31,JPM,JPMorgan Chase & Co.,Banking,147.83,148.83,143.74,144.11,143.57,15015427
2022-01-03,JPM,JPMorgan Chase & Co.,Banking,143.99,148.41,143.18,145.51,144.96,11267530
2022-01-04,JPM,JPMorgan Chase & Co.,Banking,145.99,147.22,145.03,145.7,145.14,14164398
2022-01-05,JPM,JPMorgan Chase & Co.,Banking,146.02,146.22,145.09,145.26,144.69,11480784
2022-01-06,JPM,JPMorgan Chase & Co.,Banking,145.27,146.96,143.34,145.46,144.88,9344509
2022-01-07,JPM,JPMorgan Chase & Co.,Banking,146.23,147.09,140.53,142.26,141.69,16926045
2022-01-10,JPM,JPMorgan Chase & Co.,Banking,142.75,146.23,140.91,141.96,141.38,12177426
2022-01-11,JPM,JPMorgan Chase & Co.,Banking,142.5,144.46,140.27,142.58,141.99,15067711
2022-01-12,JPM,JPMorgan Chase & Co.,Banking,143.76,146.1,142.88,145.04,144.43,11241942
2022-01-13,JPM,JPMorgan Chase & Co.,Banking,145.23,146.73,143.68,144.24,143.63,6921129
2022-01-14,JPM,JPMorgan Chase & Co.,Banking,144.19,145.26,142.29,142.97,142.36,6263690
2022-01-17,JPM,JPMorgan Chase & Co.,Banking,143.16,144.68,140.77,142.2,141.59,9052537
2022-01-18,JPM,JPMorgan Chase & Co.,Banking,142.1,144.67,141.57,143.74,143.11,17539879
2022-01-19,JPM,JPMorgan Chase & Co.,Banking,143.85,145.7,143.46,144.32,143.68,11941086
2022-01-20,JPM,JPMorgan Chase & Co.,Banking,144.59,145.65,143.39,143.5,142.86,13415883
2022-01-21,JPM,JPMorgan Chase & Co.,Banking,143.57,144.47,143.51,144.39,143.74,9894024
2022-01-24,JPM,JPMorgan Chase & Co.,Banking,144.06,146.38,143.6,144.6,143.93,11174030
2022-01-25,JPM,JPMorgan Chase & Co.,Banking,144.97,147.0,144.03,146.24,145.56,11115150
2022-01-26,JPM,JPMorgan Chase & Co.,Banking,146.86,147.26,143.85,145.13,144.45,18668086
2022-01-27,JPM,JPMorgan Chase & Co.,Banking,144.52,145.24,144.13,144.64,143.96,11444137
2022-01-28,JPM,JPMorgan Chase & Co.,Banking,144.58,145.5,142.83,144.05,143.36,7389156
2022-01-31,JPM,JPMorgan Chase & Co.,Banking,144.18,144.29,138.55,141.72,141.04,9588976
2022-02-01,JPM,JPMorgan Chase & Co.,Banking,142.51,143.77,140.83,142.25,141.55,12908056
2022-02-02,JPM,JPMorgan Chase & Co.,Banking,141.99,143.28,141.69,142.72,142.01,10254957
2022-02-03,JPM,JPMorgan Chase & Co.,Banking,142.22,143.37,142.02,142.77,142.06,9722878
2022-02-04,JPM,JPMorgan Chase & Co.,Banking,142.79,143.21,139.67,142.44,141.72,12992640
2022-02-07,JPM,JPMorgan Chase & Co.,Banking,142.84,144.52,138.49,140.22,139.51,14084993
2022-02-08,JPM,JPMorgan Chase & Co.,Banking,141.15,142.33,139.51,139.6,138.88,13674980
2022-02-09,JPM,JPMorgan Chase & Co.,Banking,139.64,140.55,138.52,139.1,138.38,9255122
2022-02-10,JPM,JPMorgan Chase & Co.,Banking,139.14,140.09,136.32,137.89,137.17,15273930
2022-02-11,JPM,JPMorgan Chase & Co.,Banking,138.18,139.19,135.03,137.68,136.95,12218990
2022-02-14,JPM,JPMorgan Chase & Co.,Banking,138.05,142.51,137.35,138.36,137.62,12576147
2022-02-15,JPM,JPMorgan Chase & Co.,Banking,138.22,141.84,137.72,141.4,140.64,8788216
2022-02-16,JPM,JPMorgan Chase & Co.,Banking,140.97,143.91,140.37,141.73,140.95,8689900
2022-02-17,JPM,JPMorgan Chase & Co.,Banking,140.69,143.46,140.64,142.19,141.41,12753916
2022-02-18,JPM,JPMorgan Chase & Co.,Banking,142.19,142.34,141.93,142.12,141.33,14757229
2022-02-21,JPM,JPMorgan Chase & Co.,Banking,141.98,143.04,138.01,139.1,138.32,10478630
2022-02-22,JPM,JPMorgan Chase & Co.,Banking,138.99,139.76,137.89,139.11,138.32,12084543
2022-02-23,JPM,JPMorgan Chase & Co.,Banking,139.1,139.6,138.8,139.25,138.46,19394632
2022-02-24,JPM,JPMorgan Chase & Co.,Banking,139.11,143.26,136.88,143.24,142.42,8804659
2022-02-25,JPM,JPMorgan Chase & Co.,Banking,143.09,143.71,142.91,142.98,142.15,6592773
2022-02-28,JPM,JPMorgan Chase & Co.,Banking,142.66,144.83,142.46,143.51,142.67,8370915
2022-03-01,JPM,JPMorgan Chase & Co.,Banking,143.81,145.31,142.86,143.51,142.66,9933999
2022-03-02,JPM,JPMorgan Chase & Co.,Banking,143.48,143.78,140.98,141.66,140.82,10159792
2022-03-03,JPM,JPMorgan Chase & Co.,Banking,141.52,143.59,140.33,143.56,142.7,7397104
2022-03-04,JPM,JPMorgan Chase & Co.,Banking,144.0,148.86,142.54,144.84,143.96,7899363
2022-03-07,JPM,JPMorgan Chase & Co.,Banking,144.73,147.68,144.34,146.19,145.3,14635930
2022-03-08,JPM,JPMorgan Chase & Co.,Banking,146.57,147.0,142.82,144.74,143.85,10361266
2022-03-09,JPM,JPMorgan Chase & Co.,Banking,144.93,148.58,144.89,147.11,146.19,6119525
2022-03-10,JPM,JPMorgan Chase & Co.,Banking,148.14,148.19,143.09,144.84,143.93,10670153
2022-03-11,JPM,JPMorgan Chase & Co.,Banking,144.4,149.86,143.63,145.85,144.93,9375538
2022-03-14,JPM,JPMorgan Chase & Co.,Banking,144.72,150.81,142.86,149.57,148.62,10183153
2022-03-15,JPM,JPMorgan Chase & Co.,Banking,150.5,150.6,146.94,147.95,147.0,16231704
2022-03-16,JPM,JPMorgan Chase & Co.,Banking,148.56,151.15,143.97,147.05,146.1,12096012
2022-03-17,JPM,JPMorgan Chase & Co.,Banking,146.67,147.35,145.05,147.27,146.31,11313051
2022-03-18,JPM,JPMorgan Chase & Co.,Banking,147.31,147.62,146.32,146.48,145.51,7958621
2022-03-21,JPM,JPMorgan Chase & Co.,Banking,145.99,146.81,142.59,143.97,143.02,10645771
2022-03-22,JPM,JPMorgan Chase & Co.,Banking,143.76,145.14,143.14,144.13,143.17,14988143
2022-03-23,JPM,JPMorgan Chase & Co.,Banking,143.76,145.72,141.67,142.45,141.49,12843538
2022-03-24,JPM,JPMorgan Chase & Co.,Banking,142.0,144.07,138.23,143.27,142.3,10069445
2022-03-25,JPM,JPMorgan Chase & Co.,Banking,143.72,146.69,138.2,141.83,140.86,14237403
2022-03-28,JPM,JPMorgan Chase & Co.,Banking,142.11,144.98,140.78,144.39,143.4,8865572
2022-03-29,JPM,JPMorgan Chase & Co.,Banking,143.43,144.18,142.97,143.16,142.17,10548566
2022-03-30,JPM,JPMorgan Chase & Co.,Banking,143.0,143.3,141.89,142.69,141.69,14581420
2022-03-31,JPM,JPMorgan Chase & Co.,Banking,142.4,145.64,140.89,144.06,143.04,15641194
2022-04-01,JPM,JPMorgan Chase & Co.,Banking,143.99,145.12,140.13,142.11,141.1,12543064
2022-04-04,JPM,JPMorgan Chase & Co.,Banking,141.48,142.71,141.31,142.52,141.51,14438068
2022-04-05,JPM,JPMorgan Chase & Co.,Banking,142.8,145.95,142.78,144.7,143.66,12926499
2022-04-06,JPM,JPMorgan Chase & Co.,Banking,145.54,148.45,142.02,142.13,141.1,17434125
2022-04-07,JPM,JPMorgan Chase & Co.,Banking,142.43,144.91,141.17,142.48,141.44,11584632
2022-04-08,JPM,JPMorgan Chase & Co.,Banking,141.88,143.55,141.22,142.95,141.9,15863947
2022-04-11,JPM,JPMorgan Chase & Co.,Banking,142.74,145.93,142.35,144.27,143.2,8412350
2022-04-12,JPM,JPMorgan Chase & Co.,Banking,144.48,144.82,140.58,142.3,141.25,7650430
2022-04-13,JPM,JPMorgan Chase & Co.,Banking,141.77,142.42,139.9,140.24,139.19,17180891
2022-04-14,JPM,JPMorgan Chase & Co.,Banking,140.05,144.31,137.33,141.12,140.05,17043276
2022-04-15,JPM,JPMorgan Chase & Co.,Banking,140.76,142.73,139.86,141.64,140.56,10344425
2022-04-18,JPM,JPMorgan Chase & Co.,Banking,142.87,143.07,141.01,142.09,141.0,17583946
2022-04-19,JPM,JPMorgan Chase & Co.,Banking,143.0,144.56,141.79,142.7,141.6,14335083
2022-04-20,JPM,JPMorgan Chase & Co.,Banking,142.43,143.97,140.76,141.65,140.55,14843477
2022-04-21,JPM,JPMorgan Chase & Co.,Banking,141.98,143.67,141.7,142.07,140.96,9849533
2022-04-22,JPM,JPMorgan Chase & Co.,Banking,141.17,142.99,140.04,142.59,141.47,12569543
2022-04-25,JPM,JPMorgan Chase & Co.,Banking,142.87,144.43,140.75,141.48,140.37,11320547
2022-04-26,JPM,JPMorgan Chase & Co.,Banking,141.02,146.79,137.5,144.56,143.41,8239955
2022-04-27,JPM,JPMorgan Chase & Co.,Banking,144.73,145.56,142.58,145.38,144.22,12969503
2022-04-28,JPM,JPMorgan Chase & Co.,Banking,145.31,146.43,143.27,143.48,142.33,10893509
2022-04-29,JPM,JPMorgan Chase & Co.,Banking,143.68,146.72,138.5,144.6,143.43,11917455
2022-05-02,JPM,JPMorgan Chase & Co.,Banking,145.47,146.67,142.05,143.06,141.89,13064335
2022-05-03,JPM,JPMorgan Chase & Co.,Banking,142.53,145.08,141.43,144.39,143.21,11699537
2022-05-04,JPM,JPMorgan Chase & Co.,Banking,144.29,146.74,144.05,146.35,145.14,9479155
2022-05-05,JPM,JPMorgan Chase & Co.,Banking,145.89,148.53,144.56,145.04,143.84,11935898
2022-05-06,JPM,JPMorgan Chase & Co.,Banking,144.67,146.76,143.8,146.68,145.46,6711502
2022-05-09,JPM,JPMorgan Chase & Co.,Banking,146.17,147.55,145.16,147.42,146.18,7312362
2022-05-10,JPM,JPMorgan Chase & Co.,Banking,147.16,150.81,146.16,148.85,147.59,8000528
2022-05-11,JPM,JPMorgan Chase & Co.,Banking,150.07,155.61,147.6,152.14,150.84,9796225
2022-05-12,JPM,JPMorgan Chase & Co.,Banking,151.72,153.77,146.47,151.77,150.47,11113376
2022-05-13,JPM,JPMorgan Chase & Co.,Banking,151.84,153.31,150.37,150.52,149.23,8783582
2022-05-16,JPM,JPMorgan Chase & Co.,Banking,149.03,149.5,147.06,149.06,147.77,17309587
2022-05-17,JPM,JPMorgan Chase & Co.,Banking,148.54,148.57,146.65,147.74,146.45,11451310
2022-05-18,JPM,JPMorgan Chase & Co.,Banking,148.43,148.94,147.17,147.66,146.37,9872898
2022-05-19,JPM,JPMorgan Chase & Co.,Banking,147.4,148.43,145.46,148.28,146.97,12969237
2022-05-20,JPM,JPMorgan Chase & Co.,Banking,148.15,149.51,147.15,148.8,147.48,12952415
2022-05-23,JPM,JPMorgan Chase & Co.,Banking,148.78,151.87,148.64,150.25,148.91,11458560
2022-05-24,JPM,JPMorgan Chase & Co.,Banking,151.88,152.83,149.87,150.32,148.97,15928418
2022-05-25,JPM,JPMorgan Chase & Co.,Banking,150.03,153.11,146.99,152.87,151.49,14757686
2022-05-26,JPM,JPMorgan Chase & Co.,Banking,152.52,154.41,151.61,152.46,151.08,14296170
2022-05-27,JPM,JPMorgan Chase & Co.,Banking,152.36,158.05,151.07,157.29,155.86,10069350
2022-05-30,JPM,JPMorgan Chase & Co.,Banking,157.84,159.01,156.84,158.46,157.01,10360477
2022-05-31,JPM,JPMorgan Chase & Co.,Banking,158.18,160.21,156.09,156.98,155.53,18187574
2022-06-01,JPM,JPMorgan Chase & Co.,Banking,156.41,156.59,154.92,155.14,153.7,13563885
2022-06-02,JPM,JPMorgan Chase & Co.,Banking,155.14,157.52,154.55,156.04,154.59,11438567
2022-06-03,JPM,JPMorgan Chase & Co.,Banking,156.57,156.6,155.43,155.7,154.24,17378767
2022-06-06,JPM,JPMorgan Chase & Co.,Banking,155.82,157.42,155.08,157.02,155.54,13015451
2022-06-07,JPM,JPMorgan Chase & Co.,Banking,156.86,161.54,156.16,157.91,156.42,11089015
2022-06-08,JPM,JPMorgan Chase & Co.,Banking,156.86,162.1,155.65,157.84,156.33,15890983
2022-06-09,JPM,JPMorgan Chase & Co.,Banking,157.82,158.53,155.31,156.38,154.88,10304145
2022-06-10,JPM,JPMorgan Chase & Co.,Banking,156.16,158.25,153.36,153.77,152.29,15651475
2022-06-13,JPM,JPMorgan Chase & Co.,Banking,154.56,154.7,151.48,153.04,151.56,12113851
2022-06-14,JPM,JPMorgan Chase & Co.,Banking,153.11,155.71,151.99,154.59,153.08,10606148
2022-06-15,JPM,JPMorgan Chase & Co.,Banking,154.69,155.43,154.15,155.01,153.5,10472414
2022-06-16,JPM,JPMorgan Chase & Co.,Banking,155.42,155.64,149.62,152.89,151.39,8999006
2022-06-17,JPM,JPMorgan Chase & Co.,Banking,152.54,154.08,151.47,153.24,151.73,14170831
2022-06-20,JPM,JPMorgan Chase & Co.,Banking,153.59,154.67,153.17,153.96,152.43,14017721
2022-06-21,JPM,JPMorgan Chase & Co.,Banking,154.96,156.56,150.38,152.48,150.96,12422485
2022-06-22,JPM,JPMorgan Chase & Co.,Banking,153.05,153.75,152.68,152.8,151.26,12995940
2022-06-23,JPM,JPMorgan Chase & Co.,Banking,152.9,153.46,152.02,152.95,151.41,12587925
2022-06-24,JPM,JPMorgan Chase & Co.,Banking,153.11,154.91,148.97,151.03,149.5,10392109
2022-06-27,JPM,JPMorgan Chase & Co.,Banking,151.44,152.37,150.15,151.69,150.15,9267888
2022-06-28,JPM,JPMorgan Chase & Co.,Banking,151.74,152.73,151.41,152.71,151.15,14399825
2022-06-29,JPM,JPMorgan Chase & Co.,Banking,151.87,155.92,150.85,154.65,153.06,13284938
2022-06-30,JPM,JPMorgan Chase & Co.,Banking,155.12,156.73,154.85,156.56,154.94,12210156
2022-07-01,JPM,JPMorgan Chase & Co.,Banking,157.18,157.49,153.18,154.19,152.58,12795466
2022-07-04,JPM,JPMorgan Chase & Co.,Banking,154.52,154.9,150.65,152.61,151.01,3890303
2022-07-05,JPM,JPMorgan Chase & Co.,Banking,152.96,155.36,152.53,153.55,151.94,14657409
2022-07-06,JPM,JPMorgan Chase & Co.,Banking,153.67,156.78,151.82,154.5,152.87,16919893
2022-07-07,JPM,JPMorgan Chase & Co.,Banking,154.89,156.54,154.86,155.46,153.81,11230236
2022-07-08,JPM,JPMorgan Chase & Co.,Banking,154.19,162.67,153.24,162.45,160.72,12130807
2022-07-11,JPM,JPMorgan Chase & Co.,Banking,163.39,163.75,163.06,163.56,161.81,10681233
2022-07-12,JPM,JPMorgan Chase & Co.,Banking,162.33,166.12,161.72,165.74,163.95,7781047
2022-07-13,JPM,JPMorgan Chase & Co.,Banking,165.69,169.2,164.5,167.59,165.78,11385194
2022-07-14,JPM,JPMorgan Chase & Co.,Banking,167.6,169.16,166.96,168.89,167.06,12957523
2022-07-15,JPM,JPMorgan Chase & Co.,Banking,169.66,170.29,168.05,168.35,166.51,9662545
2022-07-18,JPM,JPMorgan Chase & Co.,Banking,168.23,170.44,166.79,169.86,168.0,15228021
2022-07-19,JPM,JPMorgan Chase & Co.,Banking,169.87,170.52,167.37,168.43,166.58,7866897
2022-07-20,JPM,JPMorgan Chase & Co.,Banking,167.37,168.43,166.61,168.04,166.18,7256427
2022-07-21,JPM,JPMorgan Chase & Co.,Banking,168.55,168.86,165.86,167.17,165.31,9875134
2022-07-22,JPM,JPMorgan Chase & Co.,Banking,167.36,170.48,166.33,167.38,165.51,11366609
2022-07-25,JPM,JPMorgan Chase & Co.,Banking,166.82,172.95,166.48,171.89,169.96,15679215
2022-07-26,JPM,JPMorgan Chase & Co.,Banking,172.56,172.71,168.32,168.34,166.45,14124643
2022-07-27,JPM,JPMorgan Chase & Co.,Banking,168.48,170.41,167.32,169.71,167.79,12175053
2022-07-28,JPM,JPMorgan Chase & Co.,Banking,169.28,169.32,166.47,166.69,164.8,11614387
2022-07-29,JPM,JPMorgan Chase & Co.,Banking,165.63,169.25,164.36,165.86,163.97,14566380
2022-08-01,JPM,JPMorgan Chase & Co.,Banking,166.59,169.38,162.76,167.98,166.05,8419089
2022-08-02,JPM,JPMorgan Chase & Co.,Banking,168.5,168.85,166.26,168.16,166.22,13584205
2022-08-03,JPM,JPMorgan Chase & Co.,Banking,168.43,168.73,164.41,166.17,164.25,14380466
2022-08-04,JPM,JPMorgan Chase & Co.,Banking,165.18,167.4,163.79,164.88,162.96,9039641
2022-08-05,JPM,JPMorgan Chase & Co.,Banking,165.71,167.42,165.48,166.21,164.27,11075897
2022-08-08,JPM,JPMorgan Chase & Co.,Banking,166.65,166.71,164.72,164.9,162.96,7761994
2022-08-09,JPM,JPMorgan Chase & Co.,Banking,165.58,167.16,164.6,165.36,163.41,14894554
2022-08-10,JPM,JPMorgan Chase & Co.,Banking,166.26,168.91,164.85,165.5,163.54,11862089
2022-08-11,JPM,JPMorgan Chase & Co.,Banking,164.85,165.32,164.33,164.33,162.38,10690842
2022-08-12,JPM,JPMorgan Chase & Co.,Banking,164.27,169.41,163.96,168.43,166.42,6588655
2022-08-15,JPM,JPMorgan Chase & Co.,Banking,168.23,171.3,167.47,169.7,167.67,15519373
2022-08-16,JPM,JPMorgan Chase & Co.,Banking,169.92,173.65,162.39,165.91,163.91,13586873
2022-08-17,JPM,JPMorgan Chase & Co.,Banking,164.76,168.17,162.38,166.31,164.3,13914153
2022-08-18,JPM,JPMorgan Chase & Co.,Banking,166.6,168.22,163.81,165.12,163.12,8215635
2022-08-19,JPM,JPMorgan Chase & Co.,Banking,164.64,171.43,162.9,166.78,164.75,8781770
2022-08-22,JPM,JPMorgan Chase & Co.,Banking,166.92,167.23,161.81,165.35,163.32,12875585
2022-08-23,JPM,JPMorgan Chase & Co.,Banking,165.85,167.96,164.34,165.19,163.16,10604068
2022-08-24,JPM,JPMorgan Chase & Co.,Banking,165.13,168.59,164.75,166.19,164.14,12797658
2022-08-25,JPM,JPMorgan Chase & Co.,Banking,167.19,168.57,166.33,167.89,165.81,12807380
2022-08-26,JPM,JPMorgan Chase & Co.,Banking,167.69,167.85,164.2,165.67,163.61,11959584
2022-08-29,JPM,JPMorgan Chase & Co.,Banking,165.89,169.75,162.37,165.1,163.04,9282803
2022-08-30,JPM,JPMorgan Chase & Co.,Banking,164.73,165.21,159.43,164.27,162.21,20147839
2022-08-31,JPM,JPMorgan Chase & Co.,Banking,164.12,164.23,162.5,163.11,161.06,13563367
2022-09-01,JPM,JPMorgan Chase & Co.,Banking,163.47,168.48,163.12,166.46,164.36,11594237
2022-09-02,JPM,JPMorgan Chase & Co.,Banking,167.03,168.36,166.71,167.28,165.16,11943873
2022-09-05,JPM,JPMorgan Chase & Co.,Banking,167.06,168.89,162.88,164.96,162.86,10770118
2022-09-06,JPM,JPMorgan Chase & Co.,Banking,164.54,167.62,163.36,166.75,164.61,14859375
2022-09-07,JPM,JPMorgan Chase & Co.,Banking,167.04,171.55,166.11,170.86,168.67,13264139
2022-09-08,JPM,JPMorgan Chase & Co.,Banking,170.52,175.45,169.04,172.93,170.7,13054344
2022-09-09,JPM,JPMorgan Chase & Co.,Banking,173.56,174.39,170.01,170.04,167.83,7079200
2022-09-12,JPM,JPMorgan Chase & Co.,Banking,169.09,169.91,168.8,169.16,166.96,6319155
2022-09-13,JPM,JPMorgan Chase & Co.,Banking,169.28,173.09,169.28,171.67,169.43,11462368
2022-09-14,JPM,JPMorgan Chase & Co.,Banking,171.71,173.28,169.61,170.35,168.12,9692572
2022-09-15,JPM,JPMorgan Chase & Co.,Banking,169.81,171.6,168.31,171.27,169.01,11164826
2022-09-16,JPM,JPMorgan Chase & Co.,Banking,171.64,173.88,169.62,172.83,170.55,12179797
2022-09-19,JPM,JPMorgan Chase & Co.,Banking,173.0,174.23,170.61,171.08,168.82,12023892
2022-09-20,JPM,JPMorgan Chase & Co.,Banking,171.67,174.52,169.07,171.03,168.75,12628978
2022-09-21,JPM,JPMorgan Chase & Co.,Banking,170.74,171.79,164.24,164.91,162.71,12709745
2022-09-22,JPM,JPMorgan Chase & Co.,Banking,165.68,166.32,162.24,163.06,160.87,11923277
2022-09-23,JPM,JPMorgan Chase & Co.,Banking,162.08,163.07,160.9,162.65,160.46,10121429
2022-09-26,JPM,JPMorgan Chase & Co.,Banking,162.66,163.06,160.23,160.42,158.25,14475294
2022-09-27,JPM,JPMorgan Chase & Co.,Banking,159.94,163.82,158.95,163.47,161.25,14186054
2022-09-28,JPM,JPMorgan Chase & Co.,Banking,163.2,163.54,160.64,160.89,158.7,14552693
2022-09-29,JPM,JPMorgan Chase & Co.,Banking,160.82,160.91,157.43,160.14,157.96,16706335
2022-09-30,JPM,JPMorgan Chase & Co.,Banking,159.42,162.23,157.13,160.43,158.23,12265972
2022-10-03,JPM,JPMorgan Chase & Co.,Banking,160.54,163.39,160.19,163.13,160.89,10685670
2022-10-04,JPM,JPMorgan Chase & Co.,Banking,163.21,163.21,159.74,160.55,158.33,7668435
2022-10-05,JPM,JPMorgan Chase & Co.,Banking,159.3,164.33,157.73,162.74,160.48,15705365
2022-10-06,JPM,JPMorgan Chase & Co.,Banking,162.56,164.13,160.15,162.81,160.54,15117335
2022-10-07,JPM,JPMorgan Chase & Co.,Banking,162.77,163.88,159.25,161.06,158.81,9773981
2022-10-10,JPM,JPMorgan Chase & Co.,Banking,160.83,163.53,158.82,161.96,159.69,8431764
2022-10-11,JPM,JPMorgan Chase & Co.,Banking,162.87,163.23,162.1,162.38,160.1,9364551
2022-10-12,JPM,JPMorgan Chase & Co.,Banking,161.6,161.64,160.44,161.33,159.06,14222473
2022-10-13,JPM,JPMorgan Chase & Co.,Banking,161.05,162.78,160.11,161.51,159.23,11345892
2022-10-14,JPM,JPMorgan Chase & Co.,Banking,160.06,164.28,158.96,160.86,158.58,11942218
2022-10-17,JPM,JPMorgan Chase & Co.,Banking,160.72,165.69,160.23,161.12,158.83,15160837
2022-10-18,JPM,JPMorgan Chase & Co.,Banking,160.73,163.27,160.69,162.39,160.07,14018583
2022-10-19,JPM,JPMorgan Chase & Co.,Banking,162.72,166.39,161.98,165.39,163.02,5515319
2022-10-20,JPM,JPMorgan Chase & Co.,Banking,165.54,165.77,163.07,163.14,160.79,12520024
2022-10-21,JPM,JPMorgan Chase & Co.,Banking,163.28,171.88,161.39,167.19,164.77,10812513
2022-10-24,JPM,JPMorgan Chase & Co.,Banking,167.09,167.21,161.67,163.59,161.21,11472436
2022-10-25,JPM,JPMorgan Chase & Co.,Banking,164.51,165.0,163.31,163.36,160.98,11382817
2022-10-26,JPM,JPMorgan Chase & Co.,Banking,163.0,164.95,162.63,164.51,162.1,15844931
2022-10-27,JPM,JPMorgan Chase & Co.,Banking,164.82,165.65,164.19,165.09,162.67,8105619
2022-10-28,JPM,JPMorgan Chase & Co.,Banking,165.97,167.5,161.64,163.98,161.57,11297940
2022-10-31,JPM,JPMorgan Chase & Co.,Banking,164.24,164.75,162.69,163.65,161.23,8732759
2022-11-01,JPM,JPMorgan Chase & Co.,Banking,163.56,167.25,162.37,162.79,160.38,18070818
2022-11-02,JPM,JPMorgan Chase & Co.,Banking,162.8,163.58,161.19,161.76,159.35,18562949
2022-11-03,JPM,JPMorgan Chase & Co.,Banking,160.72,165.49,160.33,163.38,160.94,10712266
2022-11-04,JPM,JPMorgan Chase & Co.,Banking,163.71,164.21,162.95,164.1,161.64,10728670
2022-11-07,JPM,JPMorgan Chase & Co.,Banking,163.2,163.52,161.73,162.87,160.42,13277661
2022-11-08,JPM,JPMorgan Chase & Co.,Banking,162.88,164.76,160.42,164.59,162.11,9115534
2022-11-09,JPM,JPMorgan Chase & Co.,Banking,165.06,166.96,164.2,165.22,162.72,16452348
2022-11-10,JPM,JPMorgan Chase & Co.,Banking,165.42,167.81,165.09,166.81,164.27,13885875
2022-11-11,JPM,JPMorgan Chase & Co.,Banking,166.09,169.11,165.56,168.06,165.5,10589873
2022-11-14,JPM,JPMorgan Chase & Co.,Banking,168.21,168.24,165.81,166.54,164.0,9611487
2022-11-15,JPM,JPMorgan Chase & Co.,Banking,166.73,167.69,165.31,165.54,163.0,10051880
2022-11-16,JPM,JPMorgan Chase & Co.,Banking,166.29,167.37,166.07,167.01,164.44,12301560
2022-11-17,JPM,JPMorgan Chase & Co.,Banking,167.34,169.18,166.23,168.22,165.62,6089688
2022-11-18,JPM,JPMorgan Chase & Co.,Banking,168.73,170.07,167.11,168.24,165.63,7421187
2022-11-21,JPM,JPMorgan Chase & Co.,Banking,168.26,168.89,167.64,168.52,165.9,12317683
2022-11-22,JPM,JPMorgan Chase & Co.,Banking,168.85,171.89,164.8,171.03,168.37,9584672
2022-11-23,JPM,JPMorgan Chase & Co.,Banking,171.59,171.86,168.64,169.95,167.29,11617352
2022-11-24,JPM,JPMorgan Chase & Co.,Banking,170.82,171.74,168.63,171.06,168.38,10347836
2022-11-25,JPM,JPMorgan Chase & Co.,Banking,170.46,176.52,170.02,170.73,168.04,13310215
2022-11-28,JPM,JPMorgan Chase & Co.,Banking,170.96,172.4,169.34,170.36,167.67,9143463
2022-11-29,JPM,JPMorgan Chase & Co.,Banking,170.61,176.62,169.89,172.56,169.82,10487460
2022-11-30,JPM,JPMorgan Chase & Co.,Banking,172.51,174.98,169.77,174.24,171.47,9805459
2022-12-01,JPM,JPMorgan Chase & Co.,Banking,173.63,176.85,172.06,175.91,173.1,13998937
2022-12-02,JPM,JPMorgan Chase & Co.,Banking,176.19,180.29,174.29,178.59,175.73,14590789
2022-12-05,JPM,JPMorgan Chase & Co.,Banking,178.94,179.88,178.39,178.69,175.83,10207469
2022-12-06,JPM,JPMorgan Chase & Co.,Banking,179.56,181.28,179.13,180.14,177.24,17406494
2022-12-07,JPM,JPMorgan Chase & Co.,Banking,180.38,180.87,177.91,179.57,176.67,13951350
2022-12-08,JPM,JPMorgan Chase & Co.,Banking,178.65,181.65,177.53,180.29,177.37,12099983
2022-12-09,JPM,JPMorgan Chase & Co.,Banking,179.7,181.15,179.38,180.08,177.16,13603516
2022-12-12,JPM,JPMorgan Chase & Co.,Banking,180.63,182.35,180.18,180.34,177.4,15262392
2022-12-13,JPM,JPMorgan Chase & Co.,Banking,180.91,183.62,179.45,181.62,178.65,10325094
2022-12-14,JPM,JPMorgan Chase & Co.,Banking,180.94,182.5,178.63,180.01,177.05,13900834
2022-12-15,JPM,JPMorgan Chase & Co.,Banking,180.06,186.33,179.39,184.39,181.35,14086613
2022-12-16,JPM,JPMorgan Chase & Co.,Banking,184.92,185.02,181.64,182.36,179.35,14322394
2022-12-19,JPM,JPMorgan Chase & Co.,Banking,181.74,182.89,179.81,179.92,176.94,12021189
2022-12-20,JPM,JPMorgan Chase & Co.,Banking,179.52,182.87,178.95,182.36,179.33,12730911
2022-12-21,JPM,JPMorgan Chase & Co.,Banking,183.22,184.84,181.84,184.07,181.0,14080436
2022-12-22,JPM,JPMorgan Chase & Co.,Banking,183.82,186.8,182.22,185.44,182.34,15334735
2022-12-23,JPM,JPMorgan Chase & Co.,Banking,186.66,187.71,186.31,186.83,183.69,6671294
2022-12-26,JPM,JPMorgan Chase & Co.,Banking,187.09,188.93,184.63,186.86,183.72,15653245
2022-12-27,JPM,JPMorgan Chase & Co.,Banking,186.31,187.19,182.25,185.03,181.91,8650426
2022-12-28,JPM,JPMorgan Chase & Co.,Banking,185.81,186.37,185.1,185.25,182.12,16161772
2022-12-29,JPM,JPMorgan Chase & Co.,Banking,185.98,186.71,181.23,183.9,180.78,10759604
2022-12-30,JPM,JPMorgan Chase & Co.,Banking,184.06,186.72,181.72,186.0,182.84,8015055
2023-01-02,JPM,JPMorgan Chase & Co.,Banking,186.05,186.66,183.33,185.76,182.58,14670595
2023-01-03,JPM,JPMorgan Chase & Co.,Banking,186.41,188.26,181.34,184.09,180.93,9514453
2023-01-04,JPM,JPMorgan Chase & Co.,Banking,183.67,185.29,181.72,183.48,180.33,12621801
2023-01-05,JPM,JPMorgan Chase & Co.,Banking,183.52,184.56,183.16,184.4,181.22,12591981
2023-01-06,JPM,JPMorgan Chase & Co.,Banking,183.89,186.49,181.63,183.29,180.12,14434189
2023-01-09,JPM,JPMorgan Chase & Co.,Banking,182.57,185.92,179.69,181.65,178.5,13966804
2023-01-10,JPM,JPMorgan Chase & Co.,Banking,180.7,183.53,179.89,182.21,179.04,13172087
2023-01-11,JPM,JPMorgan Chase & Co.,Banking,181.39,184.61,177.82,182.78,179.59,12131339
2023-01-12,JPM,JPMorgan Chase & Co.,Banking,182.62,183.39,181.71,181.79,178.61,15373060
2023-01-13,JPM,JPMorgan Chase & Co.,Banking,181.58,182.65,180.71,180.88,177.71,12949620
2023-01-16,JPM,JPMorgan Chase & Co.,Banking,181.0,182.14,178.36,181.42,178.23,17248751
2023-01-17,JPM,JPMorgan Chase & Co.,Banking,182.27,183.89,176.61,178.52,175.37,13077549
2023-01-18,JPM,JPMorgan Chase & Co.,Banking,178.87,179.59,175.13,175.75,172.65,9251424
2023-01-19,JPM,JPMorgan Chase & Co.,Banking,175.26,176.93,174.09,174.39,171.29,16844930
2023-01-20,JPM,JPMorgan Chase & Co.,Banking,174.98,175.48,173.55,174.02,170.93,12227865
2023-01-23,JPM,JPMorgan Chase & Co.,Banking,174.46,176.4,173.64,174.7,171.58,12463010
2023-01-24,JPM,JPMorgan Chase & Co.,Banking,175.71,178.39,175.5,177.7,174.52,15218934
2023-01-25,JPM,JPMorgan Chase & Co.,Banking,179.13,180.59,178.77,179.5,176.28,15320894
2023-01-26,JPM,JPMorgan Chase & Co.,Banking,179.89,182.12,178.08,179.23,176.01,10182417
2023-01-27,JPM,JPMorgan Chase & Co.,Banking,180.28,181.17,178.95,179.25,176.02,10562846
2023-01-30,JPM,JPMorgan Chase & Co.,Banking,178.17,178.2,175.51,177.29,174.08,11958486
2023-01-31,JPM,JPMorgan Chase & Co.,Banking,176.87,177.92,175.96,177.31,174.09,17247672
2023-02-01,JPM,JPMorgan Chase & Co.,Banking,176.69,177.15,176.33,176.79,173.57,14371115
2023-02-02,JPM,JPMorgan Chase & Co.,Banking,176.99,179.05,176.25,177.49,174.26,8976558
2023-02-03,JPM,JPMorgan Chase & Co.,Banking,176.82,180.65,174.29,175.9,172.68,7946776
2023-02-06,JPM,JPMorgan Chase & Co.,Banking,175.1,178.51,172.85,176.99,173.75,8563385
2023-02-07,JPM,JPMorgan Chase & Co.,Banking,176.17,180.56,174.71,180.16,176.84,12525634
2023-02-08,JPM,JPMorgan Chase & Co.,Banking,181.99,182.5,178.95,179.99,176.67,12524453
2023-02-09,JPM,JPMorgan Chase & Co.,Banking,180.09,185.35,177.64,180.88,177.53,13420896
2023-02-10,JPM,JPMorgan Chase & Co.,Banking,180.31,183.62,179.41,182.36,178.97,12336314
2023-02-13,JPM,JPMorgan Chase & Co.,Banking,183.44,184.29,180.1,181.59,178.21,11348948
2023-02-14,JPM,JPMorgan Chase & Co.,Banking,181.4,184.66,180.32,182.11,178.72,11561739
2023-02-15,JPM,JPMorgan Chase & Co.,Banking,181.75,183.54,179.01,182.2,178.79,7242050
2023-02-16,JPM,JPMorgan Chase & Co.,Banking,181.03,184.46,179.11,182.46,179.04,12001336
2023-02-17,JPM,JPMorgan Chase & Co.,Banking,181.66,182.18,179.45,180.93,177.53,8958312
2023-02-20,JPM,JPMorgan Chase & Co.,Banking,180.98,181.69,179.45,181.04,177.63,13300469
2023-02-21,JPM,JPMorgan Chase & Co.,Banking,180.54,183.21,180.25,182.13,178.68,12114713
2023-02-22,JPM,JPMorgan Chase & Co.,Banking,181.23,185.28,179.99,185.21,181.7,18085886
2023-02-23,JPM,JPMorgan Chase & Co.,Banking,185.81,187.9,182.06,187.3,183.74,13116316
2023-02-24,JPM,JPMorgan Chase & Co.,Banking,187.54,197.17,187.09,191.99,188.33,11283261
2023-02-27,JPM,JPMorgan Chase & Co.,Banking,192.92,193.96,190.31,190.39,186.75,15712314
2023-02-28,JPM,JPMorgan Chase & Co.,Banking,190.09,193.06,187.68,192.35,188.66,13488494
2023-03-01,JPM,JPMorgan Chase & Co.,Banking,192.37,193.47,192.15,192.81,189.11,15600236
2023-03-02,JPM,JPMorgan Chase & Co.,Banking,192.49,199.66,191.28,197.72,193.92,8237103
2023-03-03,JPM,JPMorgan Chase & Co.,Banking,196.73,197.41,193.54,195.98,192.2,14691198
2023-03-06,JPM,JPMorgan Chase & Co.,Banking,196.83,197.31,189.41,194.19,190.43,12805601
2023-03-07,JPM,JPMorgan Chase & Co.,Banking,195.19,195.69,191.36,192.94,189.2,14113519
2023-03-08,JPM,JPMorgan Chase & Co.,Banking,193.46,196.24,188.28,188.41,184.75,15222741
2023-03-09,JPM,JPMorgan Chase & Co.,Banking,189.39,190.4,186.28,187.35,183.7,12889726
2023-03-10,JPM,JPMorgan Chase & Co.,Banking,187.65,189.03,182.18,185.81,182.18,14352382
2023-03-13,JPM,JPMorgan Chase & Co.,Banking,186.01,188.2,185.23,186.19,182.54,17427919
2023-03-14,JPM,JPMorgan Chase & Co.,Banking,186.05,187.86,184.64,186.98,183.3,9725744
2023-03-15,JPM,JPMorgan Chase & Co.,Banking,186.54,191.09,185.02,191.06,187.29,9276731
2023-03-16,JPM,JPMorgan Chase & Co.,Banking,192.05,195.92,190.59,193.19,189.37,14779816
2023-03-17,JPM,JPMorgan Chase & Co.,Banking,192.47,192.72,191.2,192.0,188.19,8473216
2023-03-20,JPM,JPMorgan Chase & Co.,Banking,191.41,192.73,189.21,190.11,186.34,7422210
2023-03-21,JPM,JPMorgan Chase & Co.,Banking,190.51,192.43,189.18,191.24,187.43,9909684
2023-03-22,JPM,JPMorgan Chase & Co.,Banking,191.62,192.68,186.89,188.46,184.7,10619771
2023-03-23,JPM,JPMorgan Chase & Co.,Banking,188.42,192.98,186.23,192.48,188.63,12286032
2023-03-24,JPM,JPMorgan Chase & Co.,Banking,192.31,196.19,191.86,195.14,191.22,10592552
2023-03-27,JPM,JPMorgan Chase & Co.,Banking,195.57,197.11,192.93,194.17,190.26,8949950
2023-03-28,JPM,JPMorgan Chase & Co.,Banking,194.01,195.23,189.9,190.5,186.65,6563883
2023-03-29,JPM,JPMorgan Chase & Co.,Banking,190.91,194.85,188.08,193.51,189.59,13160425
2023-03-30,JPM,JPMorgan Chase & Co.,Banking,194.22,196.16,192.66,193.32,189.4,16901844
2023-03-31,JPM,JPMorgan Chase & Co.,Banking,194.47,197.1,190.12,196.12,192.13,9544714
2023-04-03,JPM,JPMorgan Chase & Co.,Banking,197.14,198.13,192.45,192.67,188.74,11380557
2023-04-04,JPM,JPMorgan Chase & Co.,Banking,193.03,194.24,189.74,191.43,187.51,10222932
2023-04-05,JPM,JPMorgan Chase & Co.,Banking,191.51,193.62,189.42,191.5,187.58,13674875
2023-04-06,JPM,JPMorgan Chase & Co.,Banking,191.4,194.14,191.39,191.67,187.73,15034389
2023-04-07,JPM,JPMorgan Chase & Co.,Banking,192.54,193.13,189.28,190.75,186.83,8381999
2023-04-10,JPM,JPMorgan Chase & Co.,Banking,191.0,196.61,189.82,192.17,188.2,10994586
2023-04-11,JPM,JPMorgan Chase & Co.,Banking,192.39,192.92,188.61,189.92,185.99,14539554
2023-04-12,JPM,JPMorgan Chase & Co.,Banking,190.24,190.35,188.35,189.68,185.74,4411319
2023-04-13,JPM,JPMorgan Chase & Co.,Banking,189.49,192.03,188.83,190.0,186.05,12453331
2023-04-14,JPM,JPMorgan Chase & Co.,Banking,190.49,192.12,190.19,191.18,187.19,11778157
2023-04-17,JPM,JPMorgan Chase & Co.,Banking,190.88,193.83,190.59,192.79,188.76,12995827
2023-04-18,JPM,JPMorgan Chase & Co.,Banking,193.31,194.16,189.34,190.41,186.42,14686066
2023-04-19,JPM,JPMorgan Chase & Co.,Banking,190.0,190.79,186.99,187.19,183.26,15577489
2023-04-20,JPM,JPMorgan Chase & Co.,Banking,187.11,190.53,186.91,189.98,185.98,11382421
2023-04-21,JPM,JPMorgan Chase & Co.,Banking,189.5,191.48,188.74,190.76,186.74,6810306
2023-04-24,JPM,JPMorgan Chase & Co.,Banking,190.61,190.9,188.94,189.21,185.21,11814707
2023-04-25,JPM,JPMorgan Chase & Co.,Banking,189.52,193.53,188.0,192.63,188.55,8955195
2023-04-26,JPM,JPMorgan Chase & Co.,Banking,192.14,193.88,190.59,192.95,188.85,10631637
2023-04-27,JPM,JPMorgan Chase & Co.,Banking,193.07,196.13,192.62,195.61,191.45,14643550
2023-04-28,JPM,JPMorgan Chase & Co.,Banking,195.36,195.87,194.29,195.83,191.65,13719383
2023-05-01,JPM,JPMorgan Chase & Co.,Banking,194.64,201.12,192.04,200.53,196.23,8502985
2023-05-02,JPM,JPMorgan Chase & Co.,Banking,200.54,204.84,196.67,204.62,200.24,11758200
2023-05-03,JPM,JPMorgan Chase & Co.,Banking,204.05,206.02,200.31,204.12,199.73,13625526
2023-05-04,JPM,JPMorgan Chase & Co.,Banking,205.26,207.57,204.4,206.45,202.0,13181391
2023-05-05,JPM,JPMorgan Chase & Co.,Banking,205.09,211.21,203.77,208.03,203.54,17108089
2023-05-08,JPM,JPMorgan Chase & Co.,Banking,207.98,213.89,207.85,211.36,206.78,14854347
2023-05-09,JPM,JPMorgan Chase & Co.,Banking,211.09,212.07,205.5,209.12,204.59,10525316
2023-05-10,JPM,JPMorgan Chase & Co.,Banking,209.37,213.58,207.04,210.83,206.24,18656340
2023-05-11,JPM,JPMorgan Chase & Co.,Banking,210.71,216.65,209.41,213.44,208.79,9323023
2023-05-12,JPM,JPMorgan Chase & Co.,Banking,213.74,215.04,207.48,209.3,204.72,10176374
2023-05-15,JPM,JPMorgan Chase & Co.,Banking,208.92,209.93,206.08,206.58,202.05,12202481
2023-05-16,JPM,JPMorgan Chase & Co.,Banking,206.89,208.49,201.27,201.92,197.49,9846243
2023-05-17,JPM,JPMorgan Chase & Co.,Banking,201.77,202.59,200.41,201.38,196.94,13559997
2023-05-18,JPM,JPMorgan Chase & Co.,Banking,200.71,203.67,200.27,203.09,198.61,9484242
2023-05-19,JPM,JPMorgan Chase & Co.,Banking,202.48,206.95,202.09,206.65,202.08,16062057
2023-05-22,JPM,JPMorgan Chase & Co.,Banking,207.13,209.91,206.11,206.89,202.3,11906823
2023-05-23,JPM,JPMorgan Chase & Co.,Banking,206.25,212.7,204.18,210.81,206.13,11791265
2023-05-24,JPM,JPMorgan Chase & Co.,Banking,211.45,212.66,206.72,207.61,202.99,3757485
2023-05-25,JPM,JPMorgan Chase & Co.,Banking,207.26,209.83,202.92,203.71,199.16,10201900
2023-05-26,JPM,JPMorgan Chase & Co.,Banking,202.94,205.18,202.51,203.65,199.09,13524805
2023-05-29,JPM,JPMorgan Chase & Co.,Banking,206.37,206.43,204.03,204.6,200.02,15598914
2023-05-30,JPM,JPMorgan Chase & Co.,Banking,204.45,204.66,203.89,204.59,200.0,10290501
2023-05-31,JPM,JPMorgan Chase & Co.,Banking,204.82,206.61,198.75,199.92,195.42,15663706
2023-06-01,JPM,JPMorgan Chase & Co.,Banking,199.59,200.71,198.97,199.79,195.28,9807131
2023-06-02,JPM,JPMorgan Chase & Co.,Banking,200.3,201.99,196.66,196.92,192.46,10080024
2023-06-05,JPM,JPMorgan Chase & Co.,Banking,196.81,198.59,195.49,198.48,193.98,9843502
2023-06-06,JPM,JPMorgan Chase & Co.,Banking,198.99,200.21,198.67,199.38,194.85,14085062
2023-06-07,JPM,JPMorgan Chase & Co.,Banking,198.39,200.35,196.31,197.33,192.84,9332277
2023-06-08,JPM,JPMorgan Chase & Co.,Banking,197.97,199.47,194.69,196.25,191.77,8735041
2023-06-09,JPM,JPMorgan Chase & Co.,Banking,195.39,197.23,193.53,193.97,189.53,14989711
2023-06-12,JPM,JPMorgan Chase & Co.,Banking,193.66,195.15,190.58,193.9,189.45,8713797
2023-06-13,JPM,JPMorgan Chase & Co.,Banking,194.09,196.31,185.91,196.07,191.57,11439311
2023-06-14,JPM,JPMorgan Chase & Co.,Banking,194.99,196.79,192.18,193.96,189.49,14595595
2023-06-15,JPM,JPMorgan Chase & Co.,Banking,194.07,197.48,189.77,195.13,190.63,14796574
2023-06-16,JPM,JPMorgan Chase & Co.,Banking,194.98,195.68,192.48,194.03,189.54,8686766
2023-06-19,JPM,JPMorgan Chase & Co.,Banking,194.64,195.34,190.98,192.36,187.9,15669249
2023-06-20,JPM,JPMorgan Chase & Co.,Banking,192.19,192.46,190.17,192.19,187.72,11812006
2023-06-21,JPM,JPMorgan Chase & Co.,Banking,190.98,193.02,187.06,190.01,185.58,14734088
2023-06-22,JPM,JPMorgan Chase & Co.,Banking,190.08,191.41,186.94,188.88,184.47,17728255
2023-06-23,JPM,JPMorgan Chase & Co.,Banking,189.4,193.62,183.99,186.4,182.04,11631873
2023-06-26,JPM,JPMorgan Chase & Co.,Banking,186.45,192.7,186.27,190.66,186.19,12446730
2023-06-27,JPM,JPMorgan Chase & Co.,Banking,190.22,190.96,189.74,190.8,186.32,9144244
2023-06-28,JPM,JPMorgan Chase & Co.,Banking,190.85,193.05,188.62,189.35,184.9,11802076
2023-06-29,JPM,JPMorgan Chase & Co.,Banking,189.64,190.53,186.68,189.88,185.4,13669659
2023-06-30,JPM,JPMorgan Chase & Co.,Banking,189.01,192.31,187.58,189.7,185.21,13288689
2023-07-03,JPM,JPMorgan Chase & Co.,Banking,189.98,192.3,186.78,189.29,184.8,10249202
2023-07-04,JPM,JPMorgan Chase & Co.,Banking,189.95,190.76,188.83,190.67,186.14,15701451
2023-07-05,JPM,JPMorgan Chase & Co.,Banking,190.63,194.02,190.0,192.38,187.8,10765720
2023-07-06,JPM,JPMorgan Chase & Co.,Banking,193.14,193.87,190.96,191.29,186.73,13008213
2023-07-07,JPM,JPMorgan Chase & Co.,Banking,192.56,195.11,189.44,190.11,185.57,13360526
2023-07-10,JPM,JPMorgan Chase & Co.,Banking,189.47,194.2,188.14,189.58,185.04,11595597
2023-07-11,JPM,JPMorgan Chase & Co.,Banking,189.12,189.83,184.58,184.76,180.32,10240406
2023-07-12,JPM,JPMorgan Chase & Co.,Banking,184.9,188.27,179.94,181.67,177.3,13209901
2023-07-13,JPM,JPMorgan Chase & Co.,Banking,181.93,187.29,180.55,184.57,180.12,11134353
2023-07-14,JPM,JPMorgan Chase & Co.,Banking,184.08,190.04,181.97,188.11,183.56,11503415
2023-07-17,JPM,JPMorgan Chase & Co.,Banking,187.67,188.07,187.22,187.64,183.1,11719839
2023-07-18,JPM,JPMorgan Chase & Co.,Banking,187.3,189.12,186.05,188.93,184.35,12042732
2023-07-19,JPM,JPMorgan Chase & Co.,Banking,187.92,190.17,186.37,189.66,185.05,8192008
2023-07-20,JPM,JPMorgan Chase & Co.,Banking,190.76,201.19,189.95,196.47,191.68,16879141
2023-07-21,JPM,JPMorgan Chase & Co.,Banking,196.13,199.64,195.51,199.04,194.18,15601594
2023-07-24,JPM,JPMorgan Chase & Co.,Banking,199.14,200.46,198.44,198.82,193.96,13964029
2023-07-25,JPM,JPMorgan Chase & Co.,Banking,198.5,202.2,196.47,196.74,191.92,6546062
2023-07-26,JPM,JPMorgan Chase & Co.,Banking,197.25,198.85,192.54,193.26,188.51,15924035
2023-07-27,JPM,JPMorgan Chase & Co.,Banking,192.48,194.08,191.08,193.77,189.0,9879322
2023-07-28,JPM,JPMorgan Chase & Co.,Banking,194.33,194.54,191.25,192.18,187.44,15847090
2023-07-31,JPM,JPMorgan Chase & Co.,Banking,192.89,194.42,188.5,189.16,184.49,13351810
2023-08-01,JPM,JPMorgan Chase & Co.,Banking,187.96,188.51,187.28,187.85,183.19,16488306
2023-08-02,JPM,JPMorgan Chase & Co.,Banking,187.54,188.03,183.73,185.62,181.01,15146121
2023-08-03,JPM,JPMorgan Chase & Co.,Banking,186.66,189.73,186.04,189.27,184.56,10218290
2023-08-04,JPM,JPMorgan Chase & Co.,Banking,189.2,193.19,187.86,191.23,186.47,12218041
2023-08-07,JPM,JPMorgan Chase & Co.,Banking,190.96,191.94,189.98,191.28,186.5,12290484
2023-08-08,JPM,JPMorgan Chase & Co.,Banking,190.95,194.65,190.21,194.58,189.71,14854649
2023-08-09,JPM,JPMorgan Chase & Co.,Banking,193.9,195.17,192.76,194.81,189.93,10109344
2023-08-10,JPM,JPMorgan Chase & Co.,Banking,194.86,195.62,192.17,192.99,188.14,9877122
2023-08-11,JPM,JPMorgan Chase & Co.,Banking,192.52,201.36,191.03,196.41,191.47,14032078
2023-08-14,JPM,JPMorgan Chase & Co.,Banking,195.89,200.83,195.49,197.68,192.7,8884368
2023-08-15,JPM,JPMorgan Chase & Co.,Banking,196.59,197.08,193.12,195.44,190.5,13825326
2023-08-16,JPM,JPMorgan Chase & Co.,Banking,195.91,196.49,194.21,195.08,190.14,8536911
2023-08-17,JPM,JPMorgan Chase & Co.,Banking,193.92,197.38,191.32,193.22,188.31,13575571
2023-08-18,JPM,JPMorgan Chase & Co.,Banking,192.47,193.9,189.21,190.27,185.44,7599644
2023-08-21,JPM,JPMorgan Chase & Co.,Banking,189.95,193.47,187.86,192.35,187.45,10873518
2023-08-22,JPM,JPMorgan Chase & Co.,Banking,193.12,197.61,191.46,196.62,191.6,8409634
2023-08-23,JPM,JPMorgan Chase & Co.,Banking,197.22,197.91,192.35,193.59,188.64,15158374
2023-08-24,JPM,JPMorgan Chase & Co.,Banking,193.74,198.33,192.82,194.9,189.9,7394879
2023-08-25,JPM,JPMorgan Chase & Co.,Banking,193.65,195.45,193.2,193.53,188.56,14784135
2023-08-28,JPM,JPMorgan Chase & Co.,Banking,193.89,195.77,191.19,192.53,187.57,9682021
2023-08-29,JPM,JPMorgan Chase & Co.,Banking,193.07,194.22,189.05,191.3,186.37,14704870
2023-08-30,JPM,JPMorgan Chase & Co.,Banking,192.4,193.91,185.9,189.5,184.6,7030130
2023-08-31,JPM,JPMorgan Chase & Co.,Banking,189.16,191.36,186.76,189.67,184.76,13855890
2023-09-01,JPM,JPMorgan Chase & Co.,Banking,188.82,189.46,185.72,187.95,183.08,9459447
2023-09-04,JPM,JPMorgan Chase & Co.,Banking,188.75,189.12,187.63,188.59,183.69,11049704
2023-09-05,JPM,JPMorgan Chase & Co.,Banking,188.58,189.74,186.47,188.55,183.64,8158633
2023-09-06,JPM,JPMorgan Chase & Co.,Banking,188.67,188.99,187.99,188.1,183.19,16866579
2023-09-07,JPM,JPMorgan Chase & Co.,Banking,189.35,192.41,184.32,186.23,181.37,11481594
2023-09-08,JPM,JPMorgan Chase & Co.,Banking,186.72,187.91,183.86,185.08,180.23,17704677
2023-09-11,JPM,JPMorgan Chase & Co.,Banking,185.24,188.34,182.6,186.74,181.84,13102859
2023-09-12,JPM,JPMorgan Chase & Co.,Banking,186.83,188.82,185.18,187.86,182.92,15637824
2023-09-13,JPM,JPMorgan Chase & Co.,Banking,188.97,189.85,184.73,185.85,180.96,13996250
2023-09-14,JPM,JPMorgan Chase & Co.,Banking,187.08,188.25,185.69,186.12,181.21,16605446
2023-09-15,JPM,JPMorgan Chase & Co.,Banking,185.71,189.9,182.6,187.78,182.81,15510596
2023-09-18,JPM,JPMorgan Chase & Co.,Banking,187.87,189.47,177.18,184.32,179.44,12297415
2023-09-19,JPM,JPMorgan Chase & Co.,Banking,183.79,188.0,181.42,185.52,180.6,11009639
2023-09-20,JPM,JPMorgan Chase & Co.,Banking,185.39,185.43,183.79,184.19,179.29,15206878
2023-09-21,JPM,JPMorgan Chase & Co.,Banking,184.25,188.85,183.36,185.45,180.51,8378935
2023-09-22,JPM,JPMorgan Chase & Co.,Banking,184.77,186.73,182.07,183.91,179.0,9623104
2023-09-25,JPM,JPMorgan Chase & Co.,Banking,183.66,184.1,178.22,180.25,175.43,15302464
2023-09-26,JPM,JPMorgan Chase & Co.,Banking,180.9,180.9,174.69,177.01,172.27,14235091
2023-09-27,JPM,JPMorgan Chase & Co.,Banking,177.88,180.38,175.95,177.17,172.41,10915611
2023-09-28,JPM,JPMorgan Chase & Co.,Banking,177.42,180.55,176.71,177.75,172.97,9440090
2023-09-29,JPM,JPMorgan Chase & Co.,Banking,177.8,177.99,175.11,175.99,171.25,7353118
2023-10-02,JPM,JPMorgan Chase & Co.,Banking,176.15,181.17,176.11,177.33,172.54,9486871
2023-10-03,JPM,JPMorgan Chase & Co.,Banking,176.68,179.7,173.0,174.08,169.37,16198783
2023-10-04,JPM,JPMorgan Chase & Co.,Banking,173.28,174.98,171.79,174.01,169.29,5923745
2023-10-05,JPM,JPMorgan Chase & Co.,Banking,174.49,176.92,168.83,171.69,167.03,9105883
2023-10-06,JPM,JPMorgan Chase & Co.,Banking,172.64,177.36,168.05,170.48,165.84,12654075
2023-10-09,JPM,JPMorgan Chase & Co.,Banking,169.92,172.06,169.52,170.63,165.98,12235731
2023-10-10,JPM,JPMorgan Chase & Co.,Banking,169.4,171.68,168.27,169.03,164.41,9216647
2023-10-11,JPM,JPMorgan Chase & Co.,Banking,168.89,172.92,165.32,168.35,163.74,9872937
2023-10-12,JPM,JPMorgan Chase & Co.,Banking,169.47,170.67,168.51,170.34,165.67,19333748
2023-10-13,JPM,JPMorgan Chase & Co.,Banking,170.03,173.02,167.47,169.29,164.64,11160568
2023-10-16,JPM,JPMorgan Chase & Co.,Banking,168.73,171.89,167.99,170.95,166.25,12242374
2023-10-17,JPM,JPMorgan Chase & Co.,Banking,170.56,170.94,167.0,168.83,164.18,15317701
2023-10-18,JPM,JPMorgan Chase & Co.,Banking,168.51,170.12,167.17,169.91,165.22,11387114
2023-10-19,JPM,JPMorgan Chase & Co.,Banking,170.37,172.87,170.27,172.77,167.99,17917626
2023-10-20,JPM,JPMorgan Chase & Co.,Banking,171.95,173.14,167.74,168.05,163.39,11862416
2023-10-23,JPM,JPMorgan Chase & Co.,Banking,167.57,168.47,165.55,166.59,161.96,12586445
2023-10-24,JPM,JPMorgan Chase & Co.,Banking,166.53,168.32,165.7,167.74,163.07,11695865
2023-10-25,JPM,JPMorgan Chase & Co.,Banking,167.46,168.58,167.2,167.41,162.74,11332575
2023-10-26,JPM,JPMorgan Chase & Co.,Banking,168.58,169.83,166.38,168.17,163.48,11475166
2023-10-27,JPM,JPMorgan Chase & Co.,Banking,167.56,168.58,166.81,167.08,162.41,14522203
2023-10-30,JPM,JPMorgan Chase & Co.,Banking,167.2,167.72,165.11,167.3,162.61,12977522
2023-10-31,JPM,JPMorgan Chase & Co.,Banking,167.99,168.34,165.14,167.06,162.37,13332594
2023-11-01,JPM,JPMorgan Chase & Co.,Banking,167.69,172.53,164.06,169.34,164.58,12155351
2023-11-02,JPM,JPMorgan Chase & Co.,Banking,169.68,170.93,167.36,169.89,165.1,8135077
2023-11-03,JPM,JPMorgan Chase & Co.,Banking,170.06,171.93,169.53,170.6,165.78,7366867
2023-11-06,JPM,JPMorgan Chase & Co.,Banking,170.67,170.89,168.32,169.86,165.06,10836900
2023-11-07,JPM,JPMorgan Chase & Co.,Banking,169.62,170.25,168.82,168.98,164.19,12858584
2023-11-08,JPM,JPMorgan Chase & Co.,Banking,167.54,169.96,166.94,168.21,163.43,12056457
2023-11-09,JPM,JPMorgan Chase & Co.,Banking,167.54,169.14,166.85,169.02,164.21,15040367
2023-11-10,JPM,JPMorgan Chase & Co.,Banking,169.12,169.42,165.96,168.27,163.48,10764529
2023-11-13,JPM,JPMorgan Chase & Co.,Banking,168.34,170.02,166.42,168.88,164.06,7087185
2023-11-14,JPM,JPMorgan Chase & Co.,Banking,168.95,174.37,165.97,172.96,168.01,15460771
2023-11-15,JPM,JPMorgan Chase & Co.,Banking,173.77,178.82,173.28,174.73,169.73,12331168
2023-11-16,JPM,JPMorgan Chase & Co.,Banking,175.03,176.95,170.85,174.15,169.15,11018948
2023-11-17,JPM,JPMorgan Chase & Co.,Banking,174.02,177.33,172.81,176.59,171.52,7787996
2023-11-20,JPM,JPMorgan Chase & Co.,Banking,178.18,178.63,174.98,175.84,170.77,15541922
2023-11-21,JPM,JPMorgan Chase & Co.,Banking,175.46,176.72,171.02,171.88,166.92,10511843
2023-11-22,JPM,JPMorgan Chase & Co.,Banking,172.22,172.71,169.89,169.98,165.07,13500721
2023-11-23,JPM,JPMorgan Chase & Co.,Banking,169.67,170.44,164.3,166.47,161.65,15603044
2023-11-24,JPM,JPMorgan Chase & Co.,Banking,166.63,168.29,164.98,165.86,161.05,15838556
2023-11-27,JPM,JPMorgan Chase & Co.,Banking,164.61,166.18,164.6,165.95,161.13,13195347
2023-11-28,JPM,JPMorgan Chase & Co.,Banking,165.48,170.05,163.79,169.19,164.27,11406186
2023-11-29,JPM,JPMorgan Chase & Co.,Banking,170.38,172.12,167.25,169.88,164.92,8459149
2023-11-30,JPM,JPMorgan Chase & Co.,Banking,170.03,173.39,166.96,169.51,164.56,14036840
2023-12-01,JPM,JPMorgan Chase & Co.,Banking,169.04,172.25,168.49,171.17,166.16,7135817
2023-12-04,JPM,JPMorgan Chase & Co.,Banking,171.42,174.14,166.38,166.99,162.09,14061197
2023-12-05,JPM,JPMorgan Chase & Co.,Banking,167.82,168.46,166.51,167.49,162.57,17428544
2023-12-06,JPM,JPMorgan Chase & Co.,Banking,166.65,172.07,166.6,169.02,164.05,13921628
2023-12-07,JPM,JPMorgan Chase & Co.,Banking,169.09,170.09,166.19,166.26,161.36,14557787
2023-12-08,JPM,JPMorgan Chase & Co.,Banking,167.46,169.91,167.38,168.49,163.52,12687224
2023-12-11,JPM,JPMorgan Chase & Co.,Banking,169.1,172.03,168.22,169.19,164.19,16676394
2023-12-12,JPM,JPMorgan Chase & Co.,Banking,168.94,171.85,167.8,168.45,163.47,9504135
2023-12-13,JPM,JPMorgan Chase & Co.,Banking,168.09,170.37,165.83,169.72,164.69,7332089
2023-12-14,JPM,JPMorgan Chase & Co.,Banking,170.8,174.34,168.41,174.21,169.03,9912915
2023-12-15,JPM,JPMorgan Chase & Co.,Banking,173.66,176.67,171.86,174.62,169.43,11677935
2023-12-18,JPM,JPMorgan Chase & Co.,Banking,175.22,177.49,173.1,175.17,169.95,9079863
2023-12-19,JPM,JPMorgan Chase & Co.,Banking,175.77,176.42,173.28,174.32,169.12,10578405
2023-12-20,JPM,JPMorgan Chase & Co.,Banking,174.11,178.77,172.71,172.71,167.54,14346390
2023-12-21,JPM,JPMorgan Chase & Co.,Banking,172.24,176.11,168.7,174.4,169.17,13679101
2023-12-22,JPM,JPMorgan Chase & Co.,Banking,174.51,175.46,171.78,172.77,167.59,9042588
2023-12-25,JPM,JPMorgan Chase & Co.,Banking,172.61,174.01,169.44,172.97,167.77,12066611
2023-12-26,JPM,JPMorgan Chase & Co.,Banking,172.11,174.7,170.8,172.09,166.91,9497030
2023-12-27,JPM,JPMorgan Chase & Co.,Banking,172.54,174.36,171.57,173.09,167.87,12328222
2023-12-28,JPM,JPMorgan Chase & Co.,Banking,173.13,174.42,172.74,173.8,168.55,10982633
2023-12-29,JPM,JPMorgan Chase & Co.,Banking,174.02,179.63,171.2,175.92,170.59,11930925
2024-01-01,JPM,JPMorgan Chase & Co.,Banking,175.48,176.34,173.79,174.96,169.66,12775983
2024-01-02,JPM,JPMorgan Chase & Co.,Banking,175.09,175.86,173.9,174.48,169.18,12994455
2024-01-03,JPM,JPMorgan Chase & Co.,Banking,174.57,174.58,168.5,172.62,167.36,12481468
2024-01-04,JPM,JPMorgan Chase & Co.,Banking,173.91,174.97,171.16,171.81,166.57,11613302
2024-01-05,JPM,JPMorgan Chase & Co.,Banking,172.0,174.02,170.86,172.6,167.33,11573560
2024-01-08,JPM,JPMorgan Chase & Co.,Banking,172.8,175.06,171.17,174.15,168.82,14536578
2024-01-09,JPM,JPMorgan Chase & Co.,Banking,174.83,174.91,172.3,172.39,167.11,12219590
2024-01-10,JPM,JPMorgan Chase & Co.,Banking,172.3,174.74,170.59,174.16,168.81,13016674
2024-01-11,JPM,JPMorgan Chase & Co.,Banking,173.96,178.0,172.46,176.91,171.48,19455569
2024-01-12,JPM,JPMorgan Chase & Co.,Banking,177.07,178.43,176.45,177.8,172.33,10220783
2024-01-15,JPM,JPMorgan Chase & Co.,Banking,177.99,184.54,175.57,181.69,176.09,14616591
2024-01-16,JPM,JPMorgan Chase & Co.,Banking,181.49,181.97,178.19,180.16,174.6,12218173
2024-01-17,JPM,JPMorgan Chase & Co.,Banking,180.28,182.08,176.07,177.7,172.2,11578874
2024-01-18,JPM,JPMorgan Chase & Co.,Banking,177.88,180.12,173.56,174.21,168.81,12071685
2024-01-19,JPM,JPMorgan Chase & Co.,Banking,174.05,180.85,170.8,177.25,171.74,12843027
2024-01-22,JPM,JPMorgan Chase & Co.,Banking,175.96,178.65,174.27,178.62,173.07,8586786
2024-01-23,JPM,JPMorgan Chase & Co.,Banking,178.64,179.1,178.3,178.57,173.01,14986744
2024-01-24,JPM,JPMorgan Chase & Co.,Banking,179.61,181.84,178.59,179.2,173.61,13530682
2024-01-25,JPM,JPMorgan Chase & Co.,Banking,178.9,181.29,172.44,176.99,171.46,14574042
2024-01-26,JPM,JPMorgan Chase & Co.,Banking,176.49,183.63,173.59,182.02,176.33,11991749
2024-01-29,JPM,JPMorgan Chase & Co.,Banking,182.04,183.49,181.64,182.35,176.64,10888251
2024-01-30,JPM,JPMorgan Chase & Co.,Banking,181.51,183.25,180.64,182.64,176.9,12448258
2024-01-31,JPM,JPMorgan Chase & Co.,Banking,182.46,186.72,182.0,184.21,178.42,5468804
2024-02-01,JPM,JPMorgan Chase & Co.,Banking,184.32,187.58,183.05,185.28,179.44,11680536
2024-02-02,JPM,JPMorgan Chase & Co.,Banking,184.99,187.42,180.42,185.81,179.95,12310314
2024-02-05,JPM,JPMorgan Chase & Co.,Banking,187.1,187.62,180.58,184.21,178.39,11969502
2024-02-06,JPM,JPMorgan Chase & Co.,Banking,184.4,187.41,182.23,185.26,179.4,12677284
2024-02-07,JPM,JPMorgan Chase & Co.,Banking,185.27,190.03,183.91,189.32,183.32,7736540
2024-02-08,JPM,JPMorgan Chase & Co.,Banking,188.99,194.74,187.79,192.29,186.19,9653989
2024-02-09,JPM,JPMorgan Chase & Co.,Banking,191.8,196.13,190.36,195.87,189.64,10022979
2024-02-12,JPM,JPMorgan Chase & Co.,Banking,194.76,198.25,194.61,194.8,188.59,11549038
2024-02-13,JPM,JPMorgan Chase & Co.,Banking,194.58,195.98,191.95,192.69,186.54,10845613
2024-02-14,JPM,JPMorgan Chase & Co.,Banking,192.88,193.26,189.73,192.48,186.33,13758497
2024-02-15,JPM,JPMorgan Chase & Co.,Banking,192.21,194.66,192.12,192.66,186.5,10082308
2024-02-16,JPM,JPMorgan Chase & Co.,Banking,192.08,197.22,189.71,195.13,188.88,8348151
2024-02-19,JPM,JPMorgan Chase & Co.,Banking,195.24,196.39,189.51,191.49,185.34,16337593
2024-02-20,JPM,JPMorgan Chase & Co.,Banking,191.5,197.22,190.54,194.9,188.64,9430505
2024-02-21,JPM,JPMorgan Chase & Co.,Banking,194.97,195.81,194.46,194.62,188.35,11597533
2024-02-22,JPM,JPMorgan Chase & Co.,Banking,194.89,195.31,192.5,193.74,187.49,10800302
2024-02-23,JPM,JPMorgan Chase & Co.,Banking,193.92,197.55,190.06,191.6,185.41,15591559
2024-02-26,JPM,JPMorgan Chase & Co.,Banking,190.63,192.17,187.48,188.1,182.01,11392427
2024-02-27,JPM,JPMorgan Chase & Co.,Banking,187.76,192.04,185.79,189.92,183.77,12892814
2024-02-28,JPM,JPMorgan Chase & Co.,Banking,189.22,192.48,188.48,190.15,183.97,10157030
2024-02-29,JPM,JPMorgan Chase & Co.,Banking,189.69,191.44,184.99,187.45,181.35,9044416
2024-03-01,JPM,JPMorgan Chase & Co.,Banking,188.34,188.7,181.4,184.78,178.76,10426012
2024-03-04,JPM,JPMorgan Chase & Co.,Banking,185.09,185.45,183.25,184.14,178.13,8670141
2024-03-05,JPM,JPMorgan Chase & Co.,Banking,184.85,189.16,184.25,187.72,181.58,9828029
2024-03-06,JPM,JPMorgan Chase & Co.,Banking,187.59,188.23,186.91,187.23,181.1,8816119
2024-03-07,JPM,JPMorgan Chase & Co.,Banking,187.2,187.67,181.72,184.12,178.09,12419661
2024-03-08,JPM,JPMorgan Chase & Co.,Banking,184.75,185.62,182.88,183.67,177.64,11261273
2024-03-11,JPM,JPMorgan Chase & Co.,Banking,184.04,185.2,181.31,183.17,177.15,14850047
2024-03-12,JPM,JPMorgan Chase & Co.,Banking,183.32,183.56,176.09,177.71,171.86,14231705
2024-03-13,JPM,JPMorgan Chase & Co.,Banking,177.2,182.13,175.05,177.66,171.8,11807766
2024-03-14,JPM,JPMorgan Chase & Co.,Banking,177.98,179.17,176.82,177.25,171.4,16540008
2024-03-15,JPM,JPMorgan Chase & Co.,Banking,177.49,180.52,173.21,178.72,172.81,10820841
2024-03-18,JPM,JPMorgan Chase & Co.,Banking,179.33,182.93,178.05,182.56,176.52,14354344
2024-03-19,JPM,JPMorgan Chase & Co.,Banking,182.95,186.3,182.64,184.97,178.84,17007208
2024-03-20,JPM,JPMorgan Chase & Co.,Banking,184.38,185.73,182.18,184.47,178.34,8593599
2024-03-21,JPM,JPMorgan Chase & Co.,Banking,184.78,187.93,181.75,182.23,176.17,15028415
2024-03-22,JPM,JPMorgan Chase & Co.,Banking,181.71,189.27,177.22,187.69,181.43,12179303
2024-03-25,JPM,JPMorgan Chase & Co.,Banking,188.3,189.06,184.35,187.88,181.61,11212021
2024-03-26,JPM,JPMorgan Chase & Co.,Banking,187.66,188.68,186.55,187.97,181.69,12544539
2024-03-27,JPM,JPMorgan Chase & Co.,Banking,188.75,189.56,186.13,187.98,181.69,14662511
2024-03-28,JPM,JPMorgan Chase & Co.,Banking,188.47,193.44,186.16,188.47,182.15,10285877
2024-03-29,JPM,JPMorgan Chase & Co.,Banking,188.59,189.48,186.27,188.22,181.9,13137459
2024-04-01,JPM,JPMorgan Chase & Co.,Banking,189.01,190.92,186.92,187.06,180.77,14560264
2024-04-02,JPM,JPMorgan Chase & Co.,Banking,186.83,187.41,185.5,185.97,179.7,11160020
2024-04-03,JPM,JPMorgan Chase & Co.,Banking,185.16,186.34,182.93,185.96,179.69,8497397
2024-04-04,JPM,JPMorgan Chase & Co.,Banking,186.29,186.41,184.57,184.88,178.63,15350501
2024-04-05,JPM,JPMorgan Chase & Co.,Banking,185.0,186.22,183.28,183.45,177.25,12999720
2024-04-08,JPM,JPMorgan Chase & Co.,Banking,183.56,184.85,182.89,183.73,177.51,12933329
2024-04-09,JPM,JPMorgan Chase & Co.,Banking,182.55,185.44,181.9,183.27,177.05,16374075
2024-04-10,JPM,JPMorgan Chase & Co.,Banking,182.33,187.42,181.84,186.48,180.14,13518722
2024-04-11,JPM,JPMorgan Chase & Co.,Banking,187.4,188.82,179.16,181.02,174.86,11251907
2024-04-12,JPM,JPMorgan Chase & Co.,Banking,182.56,183.78,178.77,183.33,177.08,13659447
2024-04-15,JPM,JPMorgan Chase & Co.,Banking,182.99,186.16,181.97,186.0,179.65,9719127
2024-04-16,JPM,JPMorgan Chase & Co.,Banking,187.23,190.04,180.7,181.74,175.53,5804750
2024-04-17,JPM,JPMorgan Chase & Co.,Banking,181.76,181.82,179.92,181.1,174.9,13790586
2024-04-18,JPM,JPMorgan Chase & Co.,Banking,180.95,182.47,180.06,180.4,174.21,9409519
2024-04-19,JPM,JPMorgan Chase & Co.,Banking,180.38,186.48,176.65,177.6,171.5,11700090
2024-04-22,JPM,JPMorgan Chase & Co.,Banking,176.64,177.41,175.09,176.1,170.04,12067892
2024-04-23,JPM,JPMorgan Chase & Co.,Banking,175.26,175.51,172.52,173.95,167.96,15532634
2024-04-24,JPM,JPMorgan Chase & Co.,Banking,173.83,178.19,173.71,177.5,171.38,18509809
2024-04-25,JPM,JPMorgan Chase & Co.,Banking,176.64,181.75,174.59,179.46,173.26,11171041
2024-04-26,JPM,JPMorgan Chase & Co.,Banking,178.96,183.85,178.11,182.12,175.82,14586670
2024-04-29,JPM,JPMorgan Chase & Co.,Banking,181.24,186.44,181.05,183.68,177.31,9109249
2024-04-30,JPM,JPMorgan Chase & Co.,Banking,182.96,183.01,179.69,181.4,175.11,12614276
2024-05-01,JPM,JPMorgan Chase & Co.,Banking,181.88,183.3,178.14,180.39,174.12,12577680
2024-05-02,JPM,JPMorgan Chase & Co.,Banking,181.09,181.64,180.39,181.45,175.14,9785828
2024-05-03,JPM,JPMorgan Chase & Co.,Banking,181.56,181.82,177.56,179.01,172.77,12662425
2024-05-06,JPM,JPMorgan Chase & Co.,Banking,178.4,182.65,177.88,180.53,174.23,14249700
2024-05-07,JPM,JPMorgan Chase & Co.,Banking,180.7,181.48,178.59,180.1,173.8,14291093
2024-05-08,JPM,JPMorgan Chase & Co.,Banking,180.79,181.6,178.4,179.39,173.11,7387245
2024-05-09,JPM,JPMorgan Chase & Co.,Banking,179.3,181.09,178.83,180.9,174.56,8480191
2024-05-10,JPM,JPMorgan Chase & Co.,Banking,180.84,182.88,180.05,181.88,175.49,13900983
2024-05-13,JPM,JPMorgan Chase & Co.,Banking,181.45,182.04,181.11,181.2,174.82,11823705
2024-05-14,JPM,JPMorgan Chase & Co.,Banking,180.88,185.65,180.7,183.65,177.19,15418666
2024-05-15,JPM,JPMorgan Chase & Co.,Banking,183.41,183.6,181.0,181.48,175.08,13675952
2024-05-16,JPM,JPMorgan Chase & Co.,Banking,181.37,184.52,179.95,182.81,176.35,13786472
2024-05-17,JPM,JPMorgan Chase & Co.,Banking,182.44,184.46,181.08,184.1,177.59,9058777
2024-05-20,JPM,JPMorgan Chase & Co.,Banking,183.42,187.05,181.11,183.52,177.02,11812081
2024-05-21,JPM,JPMorgan Chase & Co.,Banking,183.67,186.7,183.24,184.26,177.73,9971276
2024-05-22,JPM,JPMorgan Chase & Co.,Banking,183.58,187.04,178.36,181.73,175.27,16888926
2024-05-23,JPM,JPMorgan Chase & Co.,Banking,181.5,183.89,181.08,183.7,177.17,8185737
2024-05-24,JPM,JPMorgan Chase & Co.,Banking,183.64,184.57,183.17,183.38,176.85,14873374
2024-05-27,JPM,JPMorgan Chase & Co.,Banking,183.51,185.49,181.18,182.35,175.85,17092296
2024-05-28,JPM,JPMorgan Chase & Co.,Banking,181.93,185.0,181.93,184.6,178.0,15211095
2024-05-29,JPM,JPMorgan Chase & Co.,Banking,185.4,185.55,183.15,183.19,176.64,12199777
2024-05-30,JPM,JPMorgan Chase & Co.,Banking,181.5,183.02,176.34,180.35,173.89,13143928
2024-05-31,JPM,JPMorgan Chase & Co.,Banking,180.54,184.49,176.4,177.25,170.89,9702570
2024-06-03,JPM,JPMorgan Chase & Co.,Banking,177.23,180.33,176.84,178.53,172.12,13579610
2024-06-04,JPM,JPMorgan Chase & Co.,Banking,178.24,181.64,175.82,176.02,169.69,15438534
2024-06-05,JPM,JPMorgan Chase & Co.,Banking,175.96,180.04,175.62,179.62,173.14,14959129
2024-06-06,JPM,JPMorgan Chase & Co.,Banking,179.18,180.19,174.68,175.48,169.15,13379341
2024-06-07,JPM,JPMorgan Chase & Co.,Banking,175.38,178.96,174.94,178.95,172.49,17440223
2024-06-10,JPM,JPMorgan Chase & Co.,Banking,178.74,181.92,176.24,179.44,172.95,11706507
2024-06-11,JPM,JPMorgan Chase & Co.,Banking,178.76,180.1,178.64,179.3,172.81,13187396
2024-06-12,JPM,JPMorgan Chase & Co.,Banking,179.46,182.24,173.99,178.26,171.79,14679733
2024-06-13,JPM,JPMorgan Chase & Co.,Banking,178.1,181.76,174.36,179.13,172.62,2977102
2024-06-14,JPM,JPMorgan Chase & Co.,Banking,179.47,181.73,178.28,179.11,172.59,9972558
2024-06-17,JPM,JPMorgan Chase & Co.,Banking,178.15,181.71,176.55,181.42,174.81,13482191
2024-06-18,JPM,JPMorgan Chase & Co.,Banking,179.66,182.5,179.32,181.72,175.09,11520944
2024-06-19,JPM,JPMorgan Chase & Co.,Banking,181.98,182.18,180.93,182.09,175.44,17569942
2024-06-20,JPM,JPMorgan Chase & Co.,Banking,181.79,186.09,176.48,181.4,174.76,8471939
2024-06-21,JPM,JPMorgan Chase & Co.,Banking,181.19,181.36,178.16,181.34,174.7,7879791
2024-06-24,JPM,JPMorgan Chase & Co.,Banking,181.66,182.31,178.12,182.04,175.36,15859877
2024-06-25,JPM,JPMorgan Chase & Co.,Banking,181.66,183.54,177.21,178.6,172.04,16305262
2024-06-26,JPM,JPMorgan Chase & Co.,Banking,178.39,179.0,173.65,175.95,169.48,15219748
2024-06-27,JPM,JPMorgan Chase & Co.,Banking,175.62,177.53,173.66,177.5,170.96,12492884
2024-06-28,JPM,JPMorgan Chase & Co.,Banking,178.82,178.94,177.13,177.9,171.34,15171048
2024-07-01,JPM,JPMorgan Chase & Co.,Banking,178.02,179.58,174.94,177.59,171.03,11724881
2024-07-02,JPM,JPMorgan Chase & Co.,Banking,177.05,178.28,176.21,177.69,171.11,9748916
2024-07-03,JPM,JPMorgan Chase & Co.,Banking,176.93,178.59,175.76,178.45,171.84,12872691
2024-07-04,JPM,JPMorgan Chase & Co.,Banking,177.24,179.33,175.41,177.42,170.84,7279650
2024-07-05,JPM,JPMorgan Chase & Co.,Banking,176.68,179.53,175.78,175.92,169.38,10204687
2024-07-08,JPM,JPMorgan Chase & Co.,Banking,175.34,179.67,170.06,176.37,169.81,12868961
2024-07-09,JPM,JPMorgan Chase & Co.,Banking,176.39,177.88,173.24,174.48,167.98,9662721
2024-07-10,JPM,JPMorgan Chase & Co.,Banking,174.6,175.64,173.3,175.35,168.81,9527149
2024-07-11,JPM,JPMorgan Chase & Co.,Banking,175.75,179.12,171.59,172.05,165.63,15619824
2024-07-12,JPM,JPMorgan Chase & Co.,Banking,171.16,174.8,169.98,174.13,167.62,9764029
2024-07-15,JPM,JPMorgan Chase & Co.,Banking,173.73,176.64,172.64,175.12,168.56,8077890
2024-07-16,JPM,JPMorgan Chase & Co.,Banking,174.17,178.52,171.97,175.69,169.1,16598800
2024-07-17,JPM,JPMorgan Chase & Co.,Banking,175.71,178.67,173.4,177.72,171.04,8617511
2024-07-18,JPM,JPMorgan Chase & Co.,Banking,178.4,182.9,177.49,181.17,174.35,15140024
2024-07-19,JPM,JPMorgan Chase & Co.,Banking,181.64,184.18,180.35,183.32,176.42,17098307
2024-07-22,JPM,JPMorgan Chase & Co.,Banking,183.07,185.36,176.28,179.6,172.82,13266325
2024-07-23,JPM,JPMorgan Chase & Co.,Banking,180.55,183.37,176.64,177.07,170.38,14823545
2024-07-24,JPM,JPMorgan Chase & Co.,Banking,177.18,177.78,171.73,175.88,169.23,6102213
2024-07-25,JPM,JPMorgan Chase & Co.,Banking,175.83,178.39,175.77,175.99,169.32,11252784
2024-07-26,JPM,JPMorgan Chase & Co.,Banking,174.99,177.75,174.64,177.08,170.37,13948291
2024-07-29,JPM,JPMorgan Chase & Co.,Banking,177.43,178.1,173.92,175.69,169.02,12829802
2024-07-30,JPM,JPMorgan Chase & Co.,Banking,176.4,179.76,171.26,176.12,169.43,12290028
2024-07-31,JPM,JPMorgan Chase & Co.,Banking,175.93,177.69,174.13,174.68,168.03,8723636
2024-08-01,JPM,JPMorgan Chase & Co.,Banking,174.76,175.76,172.65,173.53,166.91,12236333
2024-08-02,JPM,JPMorgan Chase & Co.,Banking,174.15,174.63,169.59,170.84,164.32,12471383
2024-08-05,JPM,JPMorgan Chase & Co.,Banking,170.94,171.7,167.98,169.11,162.65,13727713
2024-08-06,JPM,JPMorgan Chase & Co.,Banking,169.03,169.96,165.13,166.6,160.22,12973020
2024-08-07,JPM,JPMorgan Chase & Co.,Banking,166.3,168.06,163.29,164.82,158.5,12962629
2024-08-08,JPM,JPMorgan Chase & Co.,Banking,164.73,167.8,163.91,166.86,160.45,13461915
2024-08-09,JPM,JPMorgan Chase & Co.,Banking,167.46,168.12,163.53,165.12,158.78,10375472
2024-08-12,JPM,JPMorgan Chase & Co.,Banking,165.08,170.96,163.87,170.18,163.64,9994964
2024-08-13,JPM,JPMorgan Chase & Co.,Banking,170.15,172.39,170.06,171.2,164.6,7831202
2024-08-14,JPM,JPMorgan Chase & Co.,Banking,171.8,172.4,167.83,171.61,164.99,16109103
2024-08-15,JPM,JPMorgan Chase & Co.,Banking,170.98,172.88,168.25,170.01,163.44,9715710
2024-08-16,JPM,JPMorgan Chase & Co.,Banking,169.79,171.61,168.87,171.42,164.79,6656524
2024-08-19,JPM,JPMorgan Chase & Co.,Banking,170.12,171.33,169.6,170.36,163.76,10601088
2024-08-20,JPM,JPMorgan Chase & Co.,Banking,169.48,171.4,168.39,170.65,164.03,7929193
2024-08-21,JPM,JPMorgan Chase & Co.,Banking,170.78,175.96,169.58,175.74,168.91,13790275
2024-08-22,JPM,JPMorgan Chase & Co.,Banking,174.53,176.1,173.0,175.6,168.78,10515103
2024-08-23,JPM,JPMorgan Chase & Co.,Banking,175.31,178.12,174.57,177.97,171.04,12287207
2024-08-26,JPM,JPMorgan Chase & Co.,Banking,177.61,180.22,173.62,176.61,169.73,7345463
2024-08-27,JPM,JPMorgan Chase & Co.,Banking,177.01,177.7,175.3,176.6,169.71,16672130
2024-08-28,JPM,JPMorgan Chase & Co.,Banking,176.91,181.43,174.59,180.24,173.2,14550237
2024-08-29,JPM,JPMorgan Chase & Co.,Banking,180.5,183.41,177.85,179.03,172.02,17601672
2024-08-30,JPM,JPMorgan Chase & Co.,Banking,179.78,184.71,178.64,182.8,175.64,10616490
2024-09-02,JPM,JPMorgan Chase & Co.,Banking,183.27,184.74,183.11,184.34,177.1,12236708
2024-09-03,JPM,JPMorgan Chase & Co.,Banking,184.05,185.07,182.56,183.23,176.03,11898224
2024-09-04,JPM,JPMorgan Chase & Co.,Banking,182.23,185.76,181.31,184.61,177.34,12011641
2024-09-05,JPM,JPMorgan Chase & Co.,Banking,185.63,187.72,183.21,186.72,179.36,10232003
2024-09-06,JPM,JPMorgan Chase & Co.,Banking,186.42,191.25,185.28,188.1,180.68,10476800
2024-09-09,JPM,JPMorgan Chase & Co.,Banking,186.91,188.49,182.64,184.84,177.54,7249234
2024-09-10,JPM,JPMorgan Chase & Co.,Banking,185.1,186.35,182.65,183.38,176.13,12879824
2024-09-11,JPM,JPMorgan Chase & Co.,Banking,182.92,184.56,182.75,182.93,175.69,8439019
2024-09-12,JPM,JPMorgan Chase & Co.,Banking,183.59,184.3,182.5,182.84,175.59,16075748
2024-09-13,JPM,JPMorgan Chase & Co.,Banking,182.62,184.6,181.58,184.19,176.88,10536883
2024-09-16,JPM,JPMorgan Chase & Co.,Banking,184.86,188.94,183.77,184.62,177.29,15101672
2024-09-17,JPM,JPMorgan Chase & Co.,Banking,185.54,185.62,181.16,181.91,174.67,12504046
2024-09-18,JPM,JPMorgan Chase & Co.,Banking,182.49,185.31,179.69,182.76,175.47,8727310
2024-09-19,JPM,JPMorgan Chase & Co.,Banking,183.25,184.59,182.55,184.09,176.74,11343401
2024-09-20,JPM,JPMorgan Chase & Co.,Banking,184.57,188.81,180.67,185.32,177.92,15207432
2021-09-20,MSFT,Microsoft Corporation,IT,294.78,297.94,291.57,292.01,292.01,24701439
2021-09-21,MSFT,Microsoft Corporation,IT,292.28,298.63,291.42,292.71,292.69,17173618
2021-09-22,MSFT,Microsoft Corporation,IT,292.62,298.42,289.74,292.4,292.37,23089011
2021-09-23,MSFT,Microsoft Corporation,IT,292.98,297.5,285.86,288.98,288.94,21082950
2021-09-24,MSFT,Microsoft Corporation,IT,287.78,294.57,286.74,292.57,292.51,17992362
2021-09-27,MSFT,Microsoft Corporation,IT,292.15,293.66,291.52,292.21,292.14,26574666
2021-09-28,MSFT,Microsoft Corporation,IT,291.91,294.94,290.58,291.41,291.32,30374298
2021-09-29,MSFT,Microsoft Corporation,IT,291.08,299.81,287.32,292.51,292.4,17437461
2021-09-30,MSFT,Microsoft Corporation,IT,293.0,296.86,291.12,295.6,295.48,26474552
2021-10-01,MSFT,Microsoft Corporation,IT,293.6,296.49,289.86,291.86,291.72,20536846
2021-10-04,MSFT,Microsoft Corporation,IT,291.02,295.65,290.67,295.57,295.42,14512766
2021-10-05,MSFT,Microsoft Corporation,IT,297.25,303.04,289.42,301.73,301.56,17926409
2021-10-06,MSFT,Microsoft Corporation,IT,303.08,304.31,294.15,295.99,295.8,21660643
2021-10-07,MSFT,Microsoft Corporation,IT,296.52,299.73,295.05,297.29,297.09,22095408
2021-10-08,MSFT,Microsoft Corporation,IT,296.64,297.87,294.13,296.2,295.98,30422624
2021-10-11,MSFT,Microsoft Corporation,IT,297.23,299.35,295.28,299.24,299.01,16849288
2021-10-12,MSFT,Microsoft Corporation,IT,297.9,299.83,287.66,294.4,294.16,11110161
2021-10-13,MSFT,Microsoft Corporation,IT,293.54,301.66,291.02,301.28,301.02,14617681
2021-10-14,MSFT,Microsoft Corporation,IT,301.85,302.83,287.55,294.8,294.53,23557454
2021-10-15,MSFT,Microsoft Corporation,IT,293.34,295.4,293.33,293.96,293.68,24962389
2021-10-18,MSFT,Microsoft Corporation,IT,294.22,297.88,293.66,295.9,295.59,27592749
2021-10-19,MSFT,Microsoft Corporation,IT,295.25,297.52,289.47,293.25,292.94,18148369
2021-10-20,MSFT,Microsoft Corporation,IT,292.48,295.8,288.2,290.0,289.68,16104458
2021-10-21,MSFT,Microsoft Corporation,IT,290.04,294.8,289.51,291.05,290.71,9968809
2021-10-22,MSFT,Microsoft Corporation,IT,289.29,292.45,289.06,291.52,291.17,20274265
2021-10-25,MSFT,Microsoft Corporation,IT,292.36,295.18,279.76,291.7,291.33,19372707
2021-10-26,MSFT,Microsoft Corporation,IT,290.86,297.38,289.28,295.36,294.96,20890558
2021-10-27,MSFT,Microsoft Corporation,IT,293.7,302.62,283.85,293.9,293.5,27699875
2021-10-28,MSFT,Microsoft Corporation,IT,293.78,297.25,290.0,295.37,294.95,28997432
2021-10-29,MSFT,Microsoft Corporation,IT,294.6,295.44,287.43,293.46,293.03,20655419
2021-11-01,MSFT,Microsoft Corporation,IT,293.44,297.59,289.42,290.18,289.74,23247088
2021-11-02,MSFT,Microsoft Corporation,IT,289.79,290.23,287.33,289.19,288.74,23927365
2021-11-03,MSFT,Microsoft Corporation,IT,289.69,290.14,287.1,287.36,286.89,30183699
2021-11-04,MSFT,Microsoft Corporation,IT,287.14,287.23,283.02,285.73,285.25,11345810
2021-11-05,MSFT,Microsoft Corporation,IT,287.14,295.67,275.47,290.54,290.03,25725754
2021-11-08,MSFT,Microsoft Corporation,IT,290.7,291.79,286.1,289.67,289.16,15957047
2021-11-09,MSFT,Microsoft Corporation,IT,287.97,288.47,286.71,287.18,286.65,18741624
2021-11-10,MSFT,Microsoft Corporation,IT,284.56,294.08,282.46,287.45,286.9,25093629
2021-11-11,MSFT,Microsoft Corporation,IT,288.32,288.6,285.85,288.02,287.46,26208903
2021-11-12,MSFT,Microsoft Corporation,IT,286.76,291.83,281.91,283.47,282.91,18077519
2021-11-15,MSFT,Microsoft Corporation,IT,285.59,289.63,276.89,282.45,281.88,14405151
2021-11-16,MSFT,Microsoft Corporation,IT,283.04,284.71,279.65,281.28,280.69,10726945
2021-11-17,MSFT,Microsoft Corporation,IT,280.5,284.09,276.86,280.76,280.16,18941831
2021-11-18,MSFT,Microsoft Corporation,IT,282.07,283.78,281.57,283.75,283.13,18776620
2021-11-19,MSFT,Microsoft Corporation,IT,284.14,291.48,283.45,284.44,283.81,34504502
2021-11-22,MSFT,Microsoft Corporation,IT,283.19,290.85,280.74,289.48,288.82,13860570
2021-11-23,MSFT,Microsoft Corporation,IT,287.87,299.2,286.24,289.59,288.91,13644151
2021-11-24,MSFT,Microsoft Corporation,IT,292.04,299.04,284.91,296.97,296.26,16092384
2021-11-25,MSFT,Microsoft Corporation,IT,298.76,299.92,295.14,295.24,294.51,14745360
2021-11-26,MSFT,Microsoft Corporation,IT,295.33,300.51,283.27,292.26,291.53,6397279
2021-11-29,MSFT,Microsoft Corporation,IT,292.52,295.28,292.44,294.65,293.89,25450368
2021-11-30,MSFT,Microsoft Corporation,IT,295.98,301.81,295.13,300.43,299.65,22464651
2021-12-01,MSFT,Microsoft Corporation,IT,298.91,298.93,292.79,294.9,294.12,12213307
2021-12-02,MSFT,Microsoft Corporation,IT,294.08,294.9,293.09,294.26,293.46,15628074
2021-12-03,MSFT,Microsoft Corporation,IT,295.29,303.88,287.06,291.93,291.13,18380176
2021-12-06,MSFT,Microsoft Corporation,IT,291.15,303.23,285.32,292.67,291.85,26740421
2021-12-07,MSFT,Microsoft Corporation,IT,292.94,293.91,290.69,292.87,292.03,13286140
2021-12-08,MSFT,Microsoft Corporation,IT,293.37,298.96,291.2,298.54,297.67,25434376
2021-12-09,MSFT,Microsoft Corporation,IT,299.14,300.14,296.98,298.25,297.37,23102917
2021-12-10,MSFT,Microsoft Corporation,IT,296.68,305.48,296.05,304.15,303.24,19928051
2021-12-13,MSFT,Microsoft Corporation,IT,305.24,305.54,300.93,302.99,302.07,22465791
2021-12-14,MSFT,Microsoft Corporation,IT,302.35,311.69,300.68,307.07,306.12,16080786
2021-12-15,MSFT,Microsoft Corporation,IT,306.97,308.79,303.85,308.21,307.24,24383255
2021-12-16,MSFT,Microsoft Corporation,IT,310.41,316.35,303.06,315.86,314.85,27558110
2021-12-17,MSFT,Microsoft Corporation,IT,316.32,317.56,309.24,309.63,308.62,23492259
2021-12-20,MSFT,Microsoft Corporation,IT,308.62,310.93,300.54,304.84,303.83,24909369
2021-12-21,MSFT,Microsoft Corporation,IT,304.44,315.46,291.18,312.85,311.79,28795947
2021-12-22,MSFT,Microsoft Corporation,IT,313.83,321.6,302.05,309.85,308.79,15890964
2021-12-23,MSFT,Microsoft Corporation,IT,311.23,313.01,306.92,307.15,306.09,27641198
2021-12-24,MSFT,Microsoft Corporation,IT,306.03,308.77,302.69,303.61,302.54,26365915
2021-12-27,MSFT,Microsoft Corporation,IT,303.12,309.47,303.09,308.65,307.55,14607265
2021-12-28,MSFT,Microsoft Corporation,IT,308.02,314.58,300.22,303.5,302.4,25627580
2021-12-29,MSFT,Microsoft Corporation,IT,303.7,305.97,296.28,303.75,302.64,22230031
2021-12-30,MSFT,Microsoft Corporation,IT,302.94,312.67,301.25,302.8,301.67,19666270
2021-12-31,MSFT,Microsoft Corporation,IT,301.44,307.9,297.23,307.35,306.19,20290890
2022-01-03,MSFT,Microsoft Corporation,IT,306.06,306.31,302.17,305.12,303.95,18310207
2022-01-04,MSFT,Microsoft Corporation,IT,302.94,313.37,297.18,307.05,305.86,21158704
2022-01-05,MSFT,Microsoft Corporation,IT,307.13,310.81,299.82,302.27,301.08,32013413
2022-01-06,MSFT,Microsoft Corporation,IT,302.62,312.83,300.63,312.11,310.87,18274161
2022-01-07,MSFT,Microsoft Corporation,IT,311.98,312.95,310.3,311.24,309.99,21625103
2022-01-10,MSFT,Microsoft Corporation,IT,308.63,313.32,305.34,311.45,310.18,23493988
2022-01-11,MSFT,Microsoft Corporation,IT,310.45,328.12,301.87,318.85,317.53,23336159
2022-01-12,MSFT,Microsoft Corporation,IT,319.02,320.77,314.45,316.44,315.11,19871221
2022-01-13,MSFT,Microsoft Corporation,IT,317.03,324.77,315.23,324.01,322.64,22365290
2022-01-14,MSFT,Microsoft Corporation,IT,321.82,323.22,320.75,322.34,320.96,15925969
2022-01-17,MSFT,Microsoft Corporation,IT,319.38,326.21,319.09,325.53,324.12,23667045
2022-01-18,MSFT,Microsoft Corporation,IT,325.45,327.45,320.16,323.13,321.71,20594372
2022-01-19,MSFT,Microsoft Corporation,IT,323.91,329.48,312.47,317.28,315.88,24612550
2022-01-20,MSFT,Microsoft Corporation,IT,321.36,322.13,318.23,319.28,317.85,23011402
2022-01-21,MSFT,Microsoft Corporation,IT,319.26,324.51,314.17,322.3,320.84,20953416
2022-01-24,MSFT,Microsoft Corporation,IT,321.09,322.23,314.77,316.65,315.2,20342843
2022-01-25,MSFT,Microsoft Corporation,IT,315.97,319.99,306.49,315.47,314.01,23287665
2022-01-26,MSFT,Microsoft Corporation,IT,314.7,321.98,314.12,320.94,319.44,20405768
2022-01-27,MSFT,Microsoft Corporation,IT,321.78,324.0,317.72,323.8,322.26,36167478
2022-01-28,MSFT,Microsoft Corporation,IT,323.27,323.71,320.53,322.2,320.66,17819541
2022-01-31,MSFT,Microsoft Corporation,IT,322.61,325.85,314.33,319.72,318.17,23367643
2022-02-01,MSFT,Microsoft Corporation,IT,320.84,333.55,320.32,328.64,327.03,24955680
2022-02-02,MSFT,Microsoft Corporation,IT,328.5,335.81,321.07,322.29,320.7,13507151
2022-02-03,MSFT,Microsoft Corporation,IT,324.77,326.2,320.65,322.2,320.59,21469029
2022-02-04,MSFT,Microsoft Corporation,IT,326.35,326.95,315.04,315.9,314.3,25476886
2022-02-07,MSFT,Microsoft Corporation,IT,318.41,332.87,306.89,321.88,320.24,20194953
2022-02-08,MSFT,Microsoft Corporation,IT,325.5,326.05,321.33,322.02,320.36,25362598
2022-02-09,MSFT,Microsoft Corporation,IT,320.98,324.05,311.12,322.99,321.31,25420816
2022-02-10,MSFT,Microsoft Corporation,IT,321.9,336.42,315.74,335.81,334.04,24991990
2022-02-11,MSFT,Microsoft Corporation,IT,334.9,336.52,329.8,333.24,331.47,13627652
2022-02-14,MSFT,Microsoft Corporation,IT,333.08,341.77,324.15,341.59,339.77,23455034
2022-02-15,MSFT,Microsoft Corporation,IT,342.04,343.9,339.42,339.93,338.1,19899861
2022-02-16,MSFT,Microsoft Corporation,IT,337.24,343.71,335.1,339.02,337.17,16471872
2022-02-17,MSFT,Microsoft Corporation,IT,336.96,358.81,334.38,351.83,349.89,19274068
2022-02-18,MSFT,Microsoft Corporation,IT,356.11,359.24,348.47,351.24,349.28,25138056
2022-02-21,MSFT,Microsoft Corporation,IT,349.91,355.54,336.94,344.79,342.86,19409654
2022-02-22,MSFT,Microsoft Corporation,IT,344.36,349.25,338.66,346.33,344.37,26802889
2022-02-23,MSFT,Microsoft Corporation,IT,344.35,346.16,342.62,345.69,343.72,18511405
2022-02-24,MSFT,Microsoft Corporation,IT,344.75,349.39,338.63,347.64,345.64,28138999
2022-02-25,MSFT,Microsoft Corporation,IT,348.34,353.41,344.85,347.18,345.17,23606457
2022-02-28,MSFT,Microsoft Corporation,IT,343.71,362.38,340.89,358.2,356.1,23374563
2022-03-01,MSFT,Microsoft Corporation,IT,356.13,362.61,349.48,361.17,359.04,20246108
2022-03-02,MSFT,Microsoft Corporation,IT,360.83,363.33,352.22,356.02,353.9,20095934
2022-03-03,MSFT,Microsoft Corporation,IT,357.78,362.96,356.71,356.83,354.68,27459026
2022-03-04,MSFT,Microsoft Corporation,IT,356.72,368.79,343.67,353.09,350.95,18625607
2022-03-07,MSFT,Microsoft Corporation,IT,352.82,357.18,345.44,352.07,349.91,17493121
2022-03-08,MSFT,Microsoft Corporation,IT,352.81,353.19,347.32,347.84,345.69,22468666
2022-03-09,MSFT,Microsoft Corporation,IT,345.45,362.88,342.73,358.34,356.11,16504776
2022-03-10,MSFT,Microsoft Corporation,IT,360.21,360.59,354.73,355.11,352.89,16687462
2022-03-11,MSFT,Microsoft Corporation,IT,354.94,360.69,352.77,358.71,356.44,22833279
2022-03-14,MSFT,Microsoft Corporation,IT,360.47,361.72,355.0,357.3,355.02,18609237
2022-03-15,MSFT,Microsoft Corporation,IT,357.06,359.24,345.1,351.79,349.54,24208733
2022-03-16,MSFT,Microsoft Corporation,IT,353.59,360.51,343.83,352.95,350.67,25538574
2022-03-17,MSFT,Microsoft Corporation,IT,352.44,355.57,352.43,355.11,352.79,14277830
2022-03-18,MSFT,Microsoft Corporation,IT,355.83,362.52,349.99,358.06,355.71,13414116
2022-03-21,MSFT,Microsoft Corporation,IT,356.22,357.1,345.19,345.47,343.18,22126926
2022-03-22,MSFT,Microsoft Corporation,IT,344.44,348.75,338.44,339.79,337.52,22587908
2022-03-23,MSFT,Microsoft Corporation,IT,342.24,348.16,339.22,344.51,342.2,32526487
2022-03-24,MSFT,Microsoft Corporation,IT,344.56,350.09,337.92,340.31,338.01,25975934
2022-03-25,MSFT,Microsoft Corporation,IT,339.23,343.02,334.57,341.46,339.13,22003777
2022-03-28,MSFT,Microsoft Corporation,IT,342.43,347.49,335.06,335.74,333.43,15992059
2022-03-29,MSFT,Microsoft Corporation,IT,336.37,340.44,331.7,339.34,336.99,30116283
2022-03-30,MSFT,Microsoft Corporation,IT,342.15,345.32,341.57,343.93,341.53,30730768
2022-03-31,MSFT,Microsoft Corporation,IT,344.65,351.89,339.05,347.63,345.18,24593965
2022-04-01,MSFT,Microsoft Corporation,IT,348.88,353.37,345.64,352.83,350.33,24796686
2022-04-04,MSFT,Microsoft Corporation,IT,350.63,363.91,348.1,360.75,358.18,19260020
2022-04-05,MSFT,Microsoft Corporation,IT,360.43,362.87,349.64,355.12,352.57,19258004
2022-04-06,MSFT,Microsoft Corporation,IT,356.74,357.56,349.41,351.45,348.91,17693452
2022-04-07,MSFT,Microsoft Corporation,IT,354.63,357.16,349.43,356.04,353.45,21328094
2022-04-08,MSFT,Microsoft Corporation,IT,355.93,369.42,354.5,361.86,359.2,22582892
2022-04-11,MSFT,Microsoft Corporation,IT,363.47,366.6,358.6,358.68,356.03,19926488
2022-04-12,MSFT,Microsoft Corporation,IT,357.64,363.3,353.71,355.2,352.55,17546255
2022-04-13,MSFT,Microsoft Corporation,IT,353.09,353.31,349.92,352.19,349.55,22766723
2022-04-14,MSFT,Microsoft Corporation,IT,353.05,356.78,339.86,344.63,342.03,28092401
2022-04-15,MSFT,Microsoft Corporation,IT,347.78,348.46,336.38,338.79,336.22,24832125
2022-04-18,MSFT,Microsoft Corporation,IT,335.64,335.65,329.27,333.17,330.62,27100182
2022-04-19,MSFT,Microsoft Corporation,IT,332.66,336.84,327.13,331.99,329.43,22798041
2022-04-20,MSFT,Microsoft Corporation,IT,334.43,345.87,333.21,333.42,330.83,25612234
2022-04-21,MSFT,Microsoft Corporation,IT,332.91,340.56,331.34,335.61,332.99,26129770
2022-04-22,MSFT,Microsoft Corporation,IT,334.04,339.72,330.44,333.43,330.81,14457220
2022-04-25,MSFT,Microsoft Corporation,IT,333.69,335.23,327.75,331.38,328.76,28511703
2022-04-26,MSFT,Microsoft Corporation,IT,332.4,336.43,327.25,332.13,329.49,23601082
2022-04-27,MSFT,Microsoft Corporation,IT,333.81,334.05,323.2,325.49,322.88,18713941
2022-04-28,MSFT,Microsoft Corporation,IT,324.45,330.55,322.99,330.02,327.36,21798330
2022-04-29,MSFT,Microsoft Corporation,IT,331.04,336.29,330.38,336.13,333.41,23227020
2022-05-02,MSFT,Microsoft Corporation,IT,337.12,337.6,328.9,333.41,330.69,22437368
2022-05-03,MSFT,Microsoft Corporation,IT,333.73,337.69,328.33,331.75,329.03,16494834
2022-05-04,MSFT,Microsoft Corporation,IT,332.0,339.45,329.9,337.7,334.91,27314268
2022-05-05,MSFT,Microsoft Corporation,IT,340.98,343.09,335.21,337.31,334.51,27318869
2022-05-06,MSFT,Microsoft Corporation,IT,335.97,342.36,335.02,340.25,337.41,16844873
2022-05-09,MSFT,Microsoft Corporation,IT,341.42,343.79,338.7,340.0,337.14,15837119
2022-05-10,MSFT,Microsoft Corporation,IT,339.71,351.36,334.15,347.6,344.66,29490488
2022-05-11,MSFT,Microsoft Corporation,IT,346.42,353.37,346.35,350.16,347.18,31083030
2022-05-12,MSFT,Microsoft Corporation,IT,348.7,355.69,345.24,353.02,349.99,19144080
2022-05-13,MSFT,Microsoft Corporation,IT,353.08,359.64,344.97,355.99,352.92,21270312
2022-05-16,MSFT,Microsoft Corporation,IT,357.96,364.09,348.26,353.45,350.39,17581404
2022-05-17,MSFT,Microsoft Corporation,IT,352.32,354.0,350.0,351.38,348.32,20277067
2022-05-18,MSFT,Microsoft Corporation,IT,351.84,358.51,350.96,355.34,352.22,17409904
2022-05-19,MSFT,Microsoft Corporation,IT,355.47,360.72,349.82,356.15,353.01,26450050
2022-05-20,MSFT,Microsoft Corporation,IT,354.21,363.1,344.93,350.58,347.47,21230011
2022-05-23,MSFT,Microsoft Corporation,IT,350.34,361.89,344.66,359.99,356.78,20021998
2022-05-24,MSFT,Microsoft Corporation,IT,363.34,369.8,358.53,365.1,361.82,20472776
2022-05-25,MSFT,Microsoft Corporation,IT,362.47,369.66,359.69,365.49,362.19,21275795
2022-05-26,MSFT,Microsoft Corporation,IT,367.19,368.79,359.87,364.3,361.0,16618094
2022-05-27,MSFT,Microsoft Corporation,IT,363.28,369.44,355.94,365.5,362.17,14083472
2022-05-30,MSFT,Microsoft Corporation,IT,364.73,369.37,363.22,368.33,364.95,16514281
2022-05-31,MSFT,Microsoft Corporation,IT,371.84,381.03,350.8,358.29,354.99,15939716
2022-06-01,MSFT,Microsoft Corporation,IT,361.51,380.26,358.72,369.13,365.71,15477052
2022-06-02,MSFT,Microsoft Corporation,IT,367.76,371.92,361.73,365.31,361.9,22084125
2022-06-03,MSFT,Microsoft Corporation,IT,364.61,382.04,364.11,365.5,362.07,31399372
2022-06-06,MSFT,Microsoft Corporation,IT,366.29,367.76,362.62,365.87,362.42,17623198
2022-06-07,MSFT,Microsoft Corporation,IT,365.18,381.76,364.27,376.34,372.77,26846846
2022-06-08,MSFT,Microsoft Corporation,IT,375.35,376.18,373.86,376.08,372.5,16406169
2022-06-09,MSFT,Microsoft Corporation,IT,378.85,390.38,375.65,384.66,380.98,24488941
2022-06-10,MSFT,Microsoft Corporation,IT,385.52,390.16,379.61,387.05,383.32,17799699
2022-06-13,MSFT,Microsoft Corporation,IT,387.09,392.15,380.3,382.13,378.43,10973528
2022-06-14,MSFT,Microsoft Corporation,IT,384.33,392.79,380.62,383.05,379.32,16512802
2022-06-15,MSFT,Microsoft Corporation,IT,383.59,388.97,381.77,382.62,378.88,23541460
2022-06-16,MSFT,Microsoft Corporation,IT,381.67,382.54,364.64,377.12,373.41,23791033
2022-06-17,MSFT,Microsoft Corporation,IT,376.69,379.75,375.94,379.2,375.45,25709111
2022-06-20,MSFT,Microsoft Corporation,IT,379.06,384.67,378.69,379.52,375.75,19719475
2022-06-21,MSFT,Microsoft Corporation,IT,377.88,385.31,370.38,382.67,378.84,22283708
2022-06-22,MSFT,Microsoft Corporation,IT,382.85,384.91,377.85,383.9,380.05,25204803
2022-06-23,MSFT,Microsoft Corporation,IT,384.96,388.01,376.37,380.66,376.82,20424590
2022-06-24,MSFT,Microsoft Corporation,IT,380.27,393.4,377.7,384.94,381.03,26938675
2022-06-27,MSFT,Microsoft Corporation,IT,383.73,386.85,380.64,381.83,377.94,19071036
2022-06-28,MSFT,Microsoft Corporation,IT,381.48,390.52,364.12,365.97,362.22,19246416
2022-06-29,MSFT,Microsoft Corporation,IT,365.03,368.56,353.21,366.82,363.04,26892289
2022-06-30,MSFT,Microsoft Corporation,IT,365.58,369.89,353.83,364.21,360.44,18068479
2022-07-01,MSFT,Microsoft Corporation,IT,365.26,372.21,352.75,366.34,362.53,19355266
2022-07-04,MSFT,Microsoft Corporation,IT,367.8,377.29,366.13,376.83,372.9,24285200
2022-07-05,MSFT,Microsoft Corporation,IT,374.6,389.64,372.64,387.78,383.71,25095164
2022-07-06,MSFT,Microsoft Corporation,IT,390.03,390.44,382.41,387.11,383.02,25585395
2022-07-07,MSFT,Microsoft Corporation,IT,387.39,387.96,381.25,382.9,378.85,19775965
2022-07-08,MSFT,Microsoft Corporation,IT,383.12,386.53,380.25,386.23,382.11,31037951
2022-07-11,MSFT,Microsoft Corporation,IT,386.71,387.91,384.16,384.46,380.34,21174597
2022-07-12,MSFT,Microsoft Corporation,IT,384.51,387.2,374.91,386.76,382.6,16827643
2022-07-13,MSFT,Microsoft Corporation,IT,386.57,393.89,377.23,383.44,379.3,25672383
2022-07-14,MSFT,Microsoft Corporation,IT,380.13,385.95,373.11,384.98,380.8,31505603
2022-07-15,MSFT,Microsoft Corporation,IT,387.5,390.54,378.22,380.88,376.73,25416062
2022-07-18,MSFT,Microsoft Corporation,IT,383.08,394.08,375.76,387.39,383.15,21259032
2022-07-19,MSFT,Microsoft Corporation,IT,386.8,387.92,381.72,384.44,380.21,28372142
2022-07-20,MSFT,Microsoft Corporation,IT,384.17,393.47,384.03,388.19,383.9,24156725
2022-07-21,MSFT,Microsoft Corporation,IT,387.78,394.19,379.22,381.65,377.41,21367405
2022-07-22,MSFT,Microsoft Corporation,IT,382.35,389.68,377.47,386.01,381.71,21818420
2022-07-25,MSFT,Microsoft Corporation,IT,386.01,391.36,375.72,381.08,376.81,18676744
2022-07-26,MSFT,Microsoft Corporation,IT,379.65,384.89,374.67,382.67,378.36,23302358
2022-07-27,MSFT,Microsoft Corporation,IT,381.27,389.87,379.42,388.35,383.95,24521353
2022-07-28,MSFT,Microsoft Corporation,IT,389.19,398.15,377.58,387.48,383.08,16837605
2022-07-29,MSFT,Microsoft Corporation,IT,387.23,391.49,370.38,382.2,377.84,23657354
2022-08-01,MSFT,Microsoft Corporation,IT,382.78,388.48,380.3,385.05,380.63,21310184
2022-08-02,MSFT,Microsoft Corporation,IT,384.67,386.4,376.73,380.79,376.4,22688309
2022-08-03,MSFT,Microsoft Corporation,IT,379.92,382.62,371.37,378.87,374.48,13658275
2022-08-04,MSFT,Microsoft Corporation,IT,378.53,384.74,372.32,380.47,376.05,15302651
2022-08-05,MSFT,Microsoft Corporation,IT,380.68,389.25,378.61,387.92,383.39,19501933
2022-08-08,MSFT,Microsoft Corporation,IT,387.82,393.08,383.12,388.27,383.72,26508643
2022-08-09,MSFT,Microsoft Corporation,IT,389.54,391.46,387.66,388.6,384.03,19022883
2022-08-10,MSFT,Microsoft Corporation,IT,388.66,395.58,387.64,392.81,388.16,26850875
2022-08-11,MSFT,Microsoft Corporation,IT,391.01,395.67,386.66,393.29,388.62,16102294
2022-08-12,MSFT,Microsoft Corporation,IT,394.3,400.88,393.43,396.99,392.25,15652673
2022-08-15,MSFT,Microsoft Corporation,IT,396.71,406.41,393.72,403.18,398.35,20147836
2022-08-16,MSFT,Microsoft Corporation,IT,402.93,403.9,400.08,401.57,396.74,18682819
2022-08-17,MSFT,Microsoft Corporation,IT,401.63,402.87,373.21,383.96,379.32,23491355
2022-08-18,MSFT,Microsoft Corporation,IT,382.15,387.78,378.52,379.84,375.23,23473596
2022-08-19,MSFT,Microsoft Corporation,IT,380.93,393.93,380.07,386.46,381.75,17020260
2022-08-22,MSFT,Microsoft Corporation,IT,384.16,386.99,382.51,386.49,381.76,28604978
2022-08-23,MSFT,Microsoft Corporation,IT,386.66,391.52,382.01,384.88,380.16,28113993
2022-08-24,MSFT,Microsoft Corporation,IT,385.64,395.5,385.29,391.37,386.54,20209602
2022-08-25,MSFT,Microsoft Corporation,IT,393.37,397.04,388.62,391.03,386.19,22877860
2022-08-26,MSFT,Microsoft Corporation,IT,388.97,399.97,372.42,380.06,375.33,24457063
2022-08-29,MSFT,Microsoft Corporation,IT,378.12,384.97,367.5,372.41,367.76,28462146
2022-08-30,MSFT,Microsoft Corporation,IT,373.33,388.44,358.84,374.78,370.08,23696779
2022-08-31,MSFT,Microsoft Corporation,IT,374.24,374.89,371.15,374.64,369.92,13298160
2022-09-01,MSFT,Microsoft Corporation,IT,374.33,384.8,374.29,382.47,377.64,17987849
2022-09-02,MSFT,Microsoft Corporation,IT,383.39,385.65,377.73,378.81,374.0,22340614
2022-09-05,MSFT,Microsoft Corporation,IT,379.57,381.3,374.42,377.39,372.58,25479660
2022-09-06,MSFT,Microsoft Corporation,IT,376.58,380.54,360.52,372.99,368.22,27977263
2022-09-07,MSFT,Microsoft Corporation,IT,370.58,375.67,369.24,370.51,365.75,24908908
2022-09-08,MSFT,Microsoft Corporation,IT,370.49,373.34,358.76,361.12,356.46,25270640
2022-09-09,MSFT,Microsoft Corporation,IT,360.04,360.58,358.79,359.39,354.73,27560503
2022-09-12,MSFT,Microsoft Corporation,IT,360.41,368.05,351.62,359.32,354.65,20307821
2022-09-13,MSFT,Microsoft Corporation,IT,360.36,360.6,352.95,358.84,354.16,21032861
2022-09-14,MSFT,Microsoft Corporation,IT,359.16,373.35,357.85,369.89,365.04,21826672
2022-09-15,MSFT,Microsoft Corporation,IT,371.01,380.83,366.7,379.61,374.62,19651177
2022-09-16,MSFT,Microsoft Corporation,IT,379.86,383.15,372.64,375.88,370.92,17177160
2022-09-19,MSFT,Microsoft Corporation,IT,374.86,374.98,364.84,365.58,360.74,23225193
2022-09-20,MSFT,Microsoft Corporation,IT,365.17,371.77,363.87,365.28,360.42,29724923
2022-09-21,MSFT,Microsoft Corporation,IT,366.06,370.37,365.55,367.38,362.48,16111192
2022-09-22,MSFT,Microsoft Corporation,IT,369.63,372.46,358.12,363.22,358.36,20061191
2022-09-23,MSFT,Microsoft Corporation,IT,363.83,369.29,354.57,359.36,354.52,22292247
2022-09-26,MSFT,Microsoft Corporation,IT,360.72,368.8,359.39,367.53,362.56,21960093
2022-09-27,MSFT,Microsoft Corporation,IT,369.01,372.86,364.64,366.41,361.45,23016797
2022-09-28,MSFT,Microsoft Corporation,IT,367.45,374.42,362.31,369.99,364.96,21212893
2022-09-29,MSFT,Microsoft Corporation,IT,369.99,373.71,358.78,365.45,360.46,33827038
2022-09-30,MSFT,Microsoft Corporation,IT,363.26,365.77,363.15,365.36,360.35,13887673
2022-10-03,MSFT,Microsoft Corporation,IT,363.97,377.42,359.72,363.85,358.85,11752427
2022-10-04,MSFT,Microsoft Corporation,IT,364.42,372.15,359.43,360.66,355.68,16324477
2022-10-05,MSFT,Microsoft Corporation,IT,359.42,368.09,358.69,366.68,361.6,18187910
2022-10-06,MSFT,Microsoft Corporation,IT,365.52,366.6,358.07,359.88,354.87,22675265
2022-10-07,MSFT,Microsoft Corporation,IT,359.41,364.62,357.33,361.58,356.53,30983326
2022-10-10,MSFT,Microsoft Corporation,IT,360.29,363.49,354.07,359.99,354.95,20375581
2022-10-11,MSFT,Microsoft Corporation,IT,360.93,372.64,359.46,362.26,357.17,20277613
2022-10-12,MSFT,Microsoft Corporation,IT,361.14,362.81,357.51,360.75,355.66,21571959
2022-10-13,MSFT,Microsoft Corporation,IT,361.31,368.7,360.92,365.31,360.13,23495428
2022-10-14,MSFT,Microsoft Corporation,IT,366.57,370.63,358.2,360.77,355.65,14056559
2022-10-17,MSFT,Microsoft Corporation,IT,357.96,367.16,356.63,366.81,361.57,17379685
2022-10-18,MSFT,Microsoft Corporation,IT,364.89,368.12,361.98,366.86,361.6,23234046
2022-10-19,MSFT,Microsoft Corporation,IT,368.86,376.94,354.61,360.36,355.18,25884683
2022-10-20,MSFT,Microsoft Corporation,IT,360.41,366.55,359.04,363.97,358.72,19550790
2022-10-21,MSFT,Microsoft Corporation,IT,363.82,370.63,363.06,363.16,357.91,22716531
2022-10-24,MSFT,Microsoft Corporation,IT,362.38,365.85,350.78,354.86,349.71,17168104
2022-10-25,MSFT,Microsoft Corporation,IT,356.0,357.24,354.4,356.69,351.49,16602335
2022-10-26,MSFT,Microsoft Corporation,IT,358.17,365.58,357.91,361.9,356.6,25998058
2022-10-27,MSFT,Microsoft Corporation,IT,361.65,373.1,360.72,368.58,363.17,16184786
2022-10-28,MSFT,Microsoft Corporation,IT,367.95,368.08,364.19,366.85,361.45,27349567
2022-10-31,MSFT,Microsoft Corporation,IT,367.97,368.43,365.03,367.79,362.36,23423772
2022-11-01,MSFT,Microsoft Corporation,IT,364.79,369.39,364.6,368.25,362.79,27004663
2022-11-02,MSFT,Microsoft Corporation,IT,368.59,381.12,365.76,376.13,370.53,27431903
2022-11-03,MSFT,Microsoft Corporation,IT,376.65,390.85,364.36,372.13,366.57,14197509
2022-11-04,MSFT,Microsoft Corporation,IT,372.52,375.19,363.59,369.94,364.4,17580655
2022-11-07,MSFT,Microsoft Corporation,IT,370.17,373.88,363.83,365.88,360.38,23899747
2022-11-08,MSFT,Microsoft Corporation,IT,366.33,370.69,341.83,358.8,353.39,16860381
2022-11-09,MSFT,Microsoft Corporation,IT,356.25,361.64,350.89,360.23,354.78,18018127
2022-11-10,MSFT,Microsoft Corporation,IT,361.22,369.43,359.19,368.51,362.92,24591094
2022-11-11,MSFT,Microsoft Corporation,IT,367.74,368.29,366.42,367.7,362.1,23438488
2022-11-14,MSFT,Microsoft Corporation,IT,367.4,373.44,362.05,363.43,357.87,24460071
2022-11-15,MSFT,Microsoft Corporation,IT,366.55,367.45,364.55,364.57,358.97,21941772
2022-11-16,MSFT,Microsoft Corporation,IT,364.93,369.52,355.75,367.75,362.09,24068081
2022-11-17,MSFT,Microsoft Corporation,IT,371.02,372.09,364.44,367.15,361.49,24130232
2022-11-18,MSFT,Microsoft Corporation,IT,366.9,379.08,362.82,374.57,368.77,26110330
2022-11-21,MSFT,Microsoft Corporation,IT,375.93,377.18,369.62,370.57,364.81,20157750
2022-11-22,MSFT,Microsoft Corporation,IT,370.59,378.36,368.97,369.3,363.54,20672036
2022-11-23,MSFT,Microsoft Corporation,IT,370.35,372.36,366.8,371.02,365.22,27993213
2022-11-24,MSFT,Microsoft Corporation,IT,368.52,377.2,367.4,373.25,367.39,28996139
2022-11-25,MSFT,Microsoft Corporation,IT,375.64,384.74,364.24,373.69,367.81,19260923
2022-11-28,MSFT,Microsoft Corporation,IT,374.1,380.9,363.95,367.33,361.53,21367337
2022-11-29,MSFT,Microsoft Corporation,IT,365.94,381.6,362.04,379.63,373.61,19717984
2022-11-30,MSFT,Microsoft Corporation,IT,376.76,383.39,371.04,378.59,372.58,22892645
2022-12-01,MSFT,Microsoft Corporation,IT,375.5,382.44,369.41,379.38,373.33,21443535
2022-12-02,MSFT,Microsoft Corporation,IT,382.16,384.23,380.09,382.84,376.71,19012605
2022-12-05,MSFT,Microsoft Corporation,IT,380.46,380.49,377.79,379.68,373.59,19884696
2022-12-06,MSFT,Microsoft Corporation,IT,380.15,384.92,379.15,380.19,374.07,16116775
2022-12-07,MSFT,Microsoft Corporation,IT,381.65,387.72,376.57,376.84,370.75,21396735
2022-12-08,MSFT,Microsoft Corporation,IT,376.37,385.78,364.15,379.22,373.07,24185633
2022-12-09,MSFT,Microsoft Corporation,IT,379.36,381.34,374.91,377.98,371.83,22635342
2022-12-12,MSFT,Microsoft Corporation,IT,377.17,382.48,377.07,379.59,373.4,13371144
2022-12-13,MSFT,Microsoft Corporation,IT,379.63,383.39,372.46,374.33,368.2,25106272
2022-12-14,MSFT,Microsoft Corporation,IT,375.84,380.71,362.82,370.25,364.18,23283753
2022-12-15,MSFT,Microsoft Corporation,IT,370.23,373.65,360.95,363.51,357.52,25555226
2022-12-16,MSFT,Microsoft Corporation,IT,365.0,366.56,353.27,360.14,354.19,19724005
2022-12-19,MSFT,Microsoft Corporation,IT,358.12,360.45,345.55,347.71,341.95,26226956
2022-12-20,MSFT,Microsoft Corporation,IT,344.53,351.73,340.17,346.42,340.66,21054928
2022-12-21,MSFT,Microsoft Corporation,IT,346.68,350.22,337.14,344.05,338.32,12459760
2022-12-22,MSFT,Microsoft Corporation,IT,344.08,347.59,339.22,344.95,339.19,24249136
2022-12-23,MSFT,Microsoft Corporation,IT,343.94,348.53,341.52,345.35,339.56,24707220
2022-12-26,MSFT,Microsoft Corporation,IT,343.81,354.13,340.16,351.61,345.7,22275014
2022-12-27,MSFT,Microsoft Corporation,IT,352.23,367.23,350.82,364.68,358.53,17100671
2022-12-28,MSFT,Microsoft Corporation,IT,363.88,372.86,357.49,370.67,364.4,28696632
2022-12-29,MSFT,Microsoft Corporation,IT,369.62,372.54,367.47,368.55,362.3,26031742
2022-12-30,MSFT,Microsoft Corporation,IT,369.77,377.48,359.22,366.24,360.01,21842407
2023-01-02,MSFT,Microsoft Corporation,IT,366.63,374.68,363.67,370.87,364.54,30570821
2023-01-03,MSFT,Microsoft Corporation,IT,369.28,370.44,362.24,362.52,356.31,16626694
2023-01-04,MSFT,Microsoft Corporation,IT,361.34,364.75,359.99,361.13,354.93,27752435
2023-01-05,MSFT,Microsoft Corporation,IT,360.76,361.91,358.58,360.14,353.93,26823849
2023-01-06,MSFT,Microsoft Corporation,IT,362.08,367.58,357.56,363.26,356.98,12663632
2023-01-09,MSFT,Microsoft Corporation,IT,362.3,368.11,359.96,366.56,360.21,25512666
2023-01-10,MSFT,Microsoft Corporation,IT,364.53,368.77,360.02,362.99,356.69,15741966
2023-01-11,MSFT,Microsoft Corporation,IT,365.4,368.11,350.09,361.11,354.82,22485778
2023-01-12,MSFT,Microsoft Corporation,IT,362.79,364.22,362.11,363.54,357.19,22617361
2023-01-13,MSFT,Microsoft Corporation,IT,362.4,366.32,359.61,359.73,353.42,26132016
2023-01-16,MSFT,Microsoft Corporation,IT,358.14,366.14,357.81,365.99,359.56,18532295
2023-01-17,MSFT,Microsoft Corporation,IT,366.16,382.69,364.36,369.29,362.78,27011180
2023-01-18,MSFT,Microsoft Corporation,IT,371.69,381.25,367.18,370.37,363.82,20826173
2023-01-19,MSFT,Microsoft Corporation,IT,370.97,374.16,370.45,372.58,365.98,18641396
2023-01-20,MSFT,Microsoft Corporation,IT,370.64,373.19,368.09,370.38,363.79,21693853
2023-01-23,MSFT,Microsoft Corporation,IT,371.91,374.86,362.62,367.38,360.83,27368109
2023-01-24,MSFT,Microsoft Corporation,IT,366.41,367.33,364.56,365.42,358.88,21982471
2023-01-25,MSFT,Microsoft Corporation,IT,364.79,371.96,361.58,368.16,361.55,20831379
2023-01-26,MSFT,Microsoft Corporation,IT,369.24,373.01,362.43,369.38,362.74,28702032
2023-01-27,MSFT,Microsoft Corporation,IT,370.72,384.19,361.83,367.42,360.8,25660404
2023-01-30,MSFT,Microsoft Corporation,IT,366.95,372.37,361.96,371.46,364.74,8370155
2023-01-31,MSFT,Microsoft Corporation,IT,371.13,376.8,368.25,370.77,364.04,22163194
2023-02-01,MSFT,Microsoft Corporation,IT,372.52,373.56,363.26,367.42,360.73,30170705
2023-02-02,MSFT,Microsoft Corporation,IT,367.33,369.65,365.89,368.91,362.18,17088378
2023-02-03,MSFT,Microsoft Corporation,IT,371.38,374.15,363.43,363.97,357.31,26319358
2023-02-06,MSFT,Microsoft Corporation,IT,363.38,370.32,353.04,355.75,349.22,19930525
2023-02-07,MSFT,Microsoft Corporation,IT,356.43,361.02,350.17,355.91,349.37,25847825
2023-02-08,MSFT,Microsoft Corporation,IT,357.57,365.27,347.05,352.88,346.37,23623291
2023-02-09,MSFT,Microsoft Corporation,IT,353.09,359.59,351.71,351.82,345.32,20710853
2023-02-10,MSFT,Microsoft Corporation,IT,353.26,361.99,343.8,347.33,340.89,22585621
2023-02-13,MSFT,Microsoft Corporation,IT,347.67,356.2,347.28,353.39,346.82,18058904
2023-02-14,MSFT,Microsoft Corporation,IT,350.55,353.57,343.59,350.35,343.82,27899710
2023-02-15,MSFT,Microsoft Corporation,IT,351.42,357.16,347.27,348.45,341.93,22142141
2023-02-16,MSFT,Microsoft Corporation,IT,347.1,359.23,345.09,350.47,343.9,28217345
2023-02-17,MSFT,Microsoft Corporation,IT,349.33,351.45,338.04,344.03,337.56,20922969
2023-02-20,MSFT,Microsoft Corporation,IT,342.22,342.56,337.05,337.36,331.0,26326448
2023-02-21,MSFT,Microsoft Corporation,IT,336.7,346.7,331.12,339.33,332.92,16864922
2023-02-22,MSFT,Microsoft Corporation,IT,339.24,350.61,333.79,337.43,331.03,14964564
2023-02-23,MSFT,Microsoft Corporation,IT,337.12,337.39,330.77,333.42,327.08,26395691
2023-02-24,MSFT,Microsoft Corporation,IT,333.36,339.64,326.37,336.4,329.99,23768853
2023-02-27,MSFT,Microsoft Corporation,IT,335.03,335.99,321.89,332.82,326.46,17413986
2023-02-28,MSFT,Microsoft Corporation,IT,331.56,338.91,322.55,331.73,325.37,20174236
2023-03-01,MSFT,Microsoft Corporation,IT,330.57,332.12,327.14,327.81,321.52,13737938
2023-03-02,MSFT,Microsoft Corporation,IT,327.7,330.91,327.61,329.37,323.03,25124517
2023-03-03,MSFT,Microsoft Corporation,IT,329.64,338.11,328.32,335.69,329.21,13133962
2023-03-06,MSFT,Microsoft Corporation,IT,334.69,336.44,326.02,327.32,320.98,28765345
2023-03-07,MSFT,Microsoft Corporation,IT,322.93,329.07,321.61,328.01,321.64,22026851
2023-03-08,MSFT,Microsoft Corporation,IT,327.37,337.96,322.22,332.1,325.64,18311316
2023-03-09,MSFT,Microsoft Corporation,IT,333.05,336.53,327.53,330.35,323.9,16492581
2023-03-10,MSFT,Microsoft Corporation,IT,327.55,329.28,321.35,325.38,319.02,19984670
2023-03-13,MSFT,Microsoft Corporation,IT,325.75,327.61,322.71,327.46,321.04,31944100
2023-03-14,MSFT,Microsoft Corporation,IT,327.43,335.82,322.51,332.22,325.69,22192775
2023-03-15,MSFT,Microsoft Corporation,IT,331.55,337.92,324.94,336.53,329.89,12542880
2023-03-16,MSFT,Microsoft Corporation,IT,335.63,343.46,333.68,338.42,331.73,18378487
2023-03-17,MSFT,Microsoft Corporation,IT,338.86,340.01,338.33,339.06,332.34,22494297
2023-03-20,MSFT,Microsoft Corporation,IT,342.6,349.04,334.02,335.04,328.39,11874800
2023-03-21,MSFT,Microsoft Corporation,IT,335.27,339.46,323.49,339.27,332.51,19868365
2023-03-22,MSFT,Microsoft Corporation,IT,338.94,348.36,328.64,343.28,336.43,14604019
2023-03-23,MSFT,Microsoft Corporation,IT,343.48,343.66,337.71,338.09,331.32,30367634
2023-03-24,MSFT,Microsoft Corporation,IT,339.33,342.97,334.17,339.99,333.16,27773468
2023-03-27,MSFT,Microsoft Corporation,IT,343.34,344.65,337.23,343.26,336.36,22426420
2023-03-28,MSFT,Microsoft Corporation,IT,340.74,351.5,336.92,347.67,340.66,10626894
2023-03-29,MSFT,Microsoft Corporation,IT,347.38,354.76,344.39,347.5,340.47,21923809
2023-03-30,MSFT,Microsoft Corporation,IT,349.87,353.67,342.73,343.58,336.61,25633970
2023-03-31,MSFT,Microsoft Corporation,IT,342.68,350.22,339.52,341.38,334.44,23441257
2023-04-03,MSFT,Microsoft Corporation,IT,340.61,342.88,334.84,336.83,329.96,19781965
2023-04-04,MSFT,Microsoft Corporation,IT,335.63,338.49,334.86,336.77,329.89,28888037
2023-04-05,MSFT,Microsoft Corporation,IT,336.76,337.02,334.66,335.8,328.93,18314853
2023-04-06,MSFT,Microsoft Corporation,IT,337.28,350.87,335.19,346.12,339.02,24006035
2023-04-07,MSFT,Microsoft Corporation,IT,346.48,353.13,342.22,350.63,343.41,31098858
2023-04-10,MSFT,Microsoft Corporation,IT,350.51,358.46,347.19,355.56,348.23,21793781
2023-04-11,MSFT,Microsoft Corporation,IT,355.57,362.06,353.69,358.09,350.68,28796487
2023-04-12,MSFT,Microsoft Corporation,IT,357.87,359.11,355.64,356.46,349.07,11972119
2023-04-13,MSFT,Microsoft Corporation,IT,357.76,365.01,352.61,355.3,347.91,20870966
2023-04-14,MSFT,Microsoft Corporation,IT,357.42,360.18,348.01,354.58,347.19,20349151
2023-04-17,MSFT,Microsoft Corporation,IT,354.46,355.75,350.09,355.7,348.27,21804279
2023-04-18,MSFT,Microsoft Corporation,IT,357.55,363.03,357.21,357.82,350.32,31460058
2023-04-19,MSFT,Microsoft Corporation,IT,357.78,361.31,355.39,358.01,350.5,17108725
2023-04-20,MSFT,Microsoft Corporation,IT,358.19,359.41,353.78,356.77,349.26,18280703
2023-04-21,MSFT,Microsoft Corporation,IT,355.06,357.01,352.88,354.03,346.56,23694967
2023-04-24,MSFT,Microsoft Corporation,IT,354.7,369.46,341.99,347.45,340.1,24465849
2023-04-25,MSFT,Microsoft Corporation,IT,347.39,354.16,346.06,353.88,346.38,18219979
2023-04-26,MSFT,Microsoft Corporation,IT,354.21,374.55,347.27,365.06,357.3,18029688
2023-04-27,MSFT,Microsoft Corporation,IT,363.16,375.67,360.43,371.38,363.47,21411663
2023-04-28,MSFT,Microsoft Corporation,IT,370.67,372.09,361.13,365.15,357.35,29352161
2023-05-01,MSFT,Microsoft Corporation,IT,364.6,372.85,356.24,369.35,361.45,25622455
2023-05-02,MSFT,Microsoft Corporation,IT,372.99,383.7,371.27,374.83,366.79,19680260
2023-05-03,MSFT,Microsoft Corporation,IT,376.72,376.79,370.4,372.94,364.92,24059764
2023-05-04,MSFT,Microsoft Corporation,IT,374.26,378.1,370.83,375.68,367.58,17908312
2023-05-05,MSFT,Microsoft Corporation,IT,377.75,381.22,370.22,373.51,365.44,22632296
2023-05-08,MSFT,Microsoft Corporation,IT,372.73,387.65,368.43,381.72,373.45,25401712
2023-05-09,MSFT,Microsoft Corporation,IT,382.15,387.44,379.13,383.86,375.53,25318231
2023-05-10,MSFT,Microsoft Corporation,IT,385.55,388.5,377.46,379.22,370.97,29613556
2023-05-11,MSFT,Microsoft Corporation,IT,377.98,387.36,377.37,382.96,374.61,22291063
2023-05-12,MSFT,Microsoft Corporation,IT,382.33,398.85,376.12,388.83,380.33,22728245
2023-05-15,MSFT,Microsoft Corporation,IT,389.44,395.66,387.51,390.11,381.56,18020055
2023-05-16,MSFT,Microsoft Corporation,IT,389.71,393.66,388.47,392.92,384.29,24282999
2023-05-17,MSFT,Microsoft Corporation,IT,393.27,394.36,385.88,392.76,384.11,22390037
2023-05-18,MSFT,Microsoft Corporation,IT,390.62,391.78,375.95,386.84,378.3,24700120
2023-05-19,MSFT,Microsoft Corporation,IT,387.75,390.6,383.23,386.23,377.69,24870209
2023-05-22,MSFT,Microsoft Corporation,IT,386.06,390.24,380.83,389.25,380.62,20816197
2023-05-23,MSFT,Microsoft Corporation,IT,390.34,396.86,384.79,388.77,380.14,22487170
2023-05-24,MSFT,Microsoft Corporation,IT,388.41,395.03,385.74,393.32,384.56,22346349
2023-05-25,MSFT,Microsoft Corporation,IT,392.06,394.93,391.36,391.4,382.67,20760599
2023-05-26,MSFT,Microsoft Corporation,IT,390.7,390.76,387.11,389.84,381.12,13167006
2023-05-29,MSFT,Microsoft Corporation,IT,388.44,396.64,387.65,394.57,385.73,14215244
2023-05-30,MSFT,Microsoft Corporation,IT,394.64,399.94,391.44,396.0,387.1,25911863
2023-05-31,MSFT,Microsoft Corporation,IT,395.87,398.17,390.45,393.96,385.09,25154378
2023-06-01,MSFT,Microsoft Corporation,IT,396.85,418.45,382.26,399.86,390.83,28530307
2023-06-02,MSFT,Microsoft Corporation,IT,400.8,401.54,391.73,396.28,387.31,19580332
2023-06-05,MSFT,Microsoft Corporation,IT,398.31,399.87,388.93,392.52,383.61,17401865
2023-06-06,MSFT,Microsoft Corporation,IT,390.85,394.45,374.62,377.62,369.04,25797500
2023-06-07,MSFT,Microsoft Corporation,IT,376.66,382.24,370.95,374.94,366.4,27907815
2023-06-08,MSFT,Microsoft Corporation,IT,374.1,391.37,372.54,382.01,373.29,20163814
2023-06-09,MSFT,Microsoft Corporation,IT,381.34,383.66,370.05,371.39,362.9,26189352
2023-06-12,MSFT,Microsoft Corporation,IT,373.38,375.56,366.54,366.72,358.31,30651609
2023-06-13,MSFT,Microsoft Corporation,IT,363.3,369.94,360.52,369.16,360.68,23742853
2023-06-14,MSFT,Microsoft Corporation,IT,368.61,370.06,357.28,358.04,349.8,18862896
2023-06-15,MSFT,Microsoft Corporation,IT,359.87,362.58,355.58,355.71,347.5,10612186
2023-06-16,MSFT,Microsoft Corporation,IT,355.53,362.55,354.2,361.57,353.21,32622781
2023-06-19,MSFT,Microsoft Corporation,IT,357.4,373.3,356.87,372.16,363.53,14532846
2023-06-20,MSFT,Microsoft Corporation,IT,372.77,384.18,368.62,373.86,365.17,10790420
2023-06-21,MSFT,Microsoft Corporation,IT,374.18,376.68,368.78,369.29,360.69,15903568
2023-06-22,MSFT,Microsoft Corporation,IT,368.06,368.37,358.68,364.6,356.1,24342700
2023-06-23,MSFT,Microsoft Corporation,IT,367.31,368.37,358.61,365.53,356.99,17227021
2023-06-26,MSFT,Microsoft Corporation,IT,366.46,367.92,366.1,367.16,358.55,18046145
2023-06-27,MSFT,Microsoft Corporation,IT,368.71,378.5,361.03,376.94,368.08,17535290
2023-06-28,MSFT,Microsoft Corporation,IT,374.98,383.58,373.46,382.25,373.25,11399563
2023-06-29,MSFT,Microsoft Corporation,IT,381.08,383.72,380.99,382.9,373.87,19413185
2023-06-30,MSFT,Microsoft Corporation,IT,385.12,392.93,381.26,381.33,372.32,17096059
2023-07-03,MSFT,Microsoft Corporation,IT,382.51,408.17,381.27,397.82,388.39,19663069
2023-07-04,MSFT,Microsoft Corporation,IT,394.07,403.88,390.94,401.5,391.97,23321451
2023-07-05,MSFT,Microsoft Corporation,IT,403.7,403.76,397.45,398.01,388.54,19374207
2023-07-06,MSFT,Microsoft Corporation,IT,400.08,405.45,394.92,396.99,387.52,13394612
2023-07-07,MSFT,Microsoft Corporation,IT,396.4,401.0,392.21,392.4,383.03,29348402
2023-07-10,MSFT,Microsoft Corporation,IT,393.02,395.34,376.96,379.75,370.65,15003858
2023-07-11,MSFT,Microsoft Corporation,IT,376.35,381.7,375.57,381.6,372.44,21728317
2023-07-12,MSFT,Microsoft Corporation,IT,380.63,392.46,378.12,391.36,381.94,25336225
2023-07-13,MSFT,Microsoft Corporation,IT,391.31,395.36,380.23,382.82,373.59,27287446
2023-07-14,MSFT,Microsoft Corporation,IT,383.41,383.97,382.36,383.32,374.06,22848738
2023-07-17,MSFT,Microsoft Corporation,IT,381.97,384.42,379.08,379.78,370.59,18614430
2023-07-18,MSFT,Microsoft Corporation,IT,378.72,387.77,375.27,382.75,373.46,23273655
2023-07-19,MSFT,Microsoft Corporation,IT,382.54,383.9,380.33,382.04,372.75,23587091
2023-07-20,MSFT,Microsoft Corporation,IT,380.06,382.8,374.05,375.11,365.97,21755850
2023-07-21,MSFT,Microsoft Corporation,IT,375.47,388.01,369.17,370.24,361.2,17227714
2023-07-24,MSFT,Microsoft Corporation,IT,371.93,374.84,360.58,366.2,357.25,23969876
2023-07-25,MSFT,Microsoft Corporation,IT,364.98,374.82,364.66,373.29,364.14,14306013
2023-07-26,MSFT,Microsoft Corporation,IT,374.29,380.5,371.22,380.25,370.91,24459967
2023-07-27,MSFT,Microsoft Corporation,IT,377.71,380.06,375.47,378.81,369.49,17154744
2023-07-28,MSFT,Microsoft Corporation,IT,378.45,393.37,372.71,385.52,376.01,20191859
2023-07-31,MSFT,Microsoft Corporation,IT,387.82,399.84,384.72,384.8,375.29,18156408
2023-08-01,MSFT,Microsoft Corporation,IT,384.97,389.19,381.35,383.27,373.78,19237153
2023-08-02,MSFT,Microsoft Corporation,IT,380.29,390.53,377.43,383.78,374.26,14444729
2023-08-03,MSFT,Microsoft Corporation,IT,380.51,392.64,371.45,385.51,375.92,11321000
2023-08-04,MSFT,Microsoft Corporation,IT,386.73,390.53,380.2,382.76,373.22,25142997
2023-08-07,MSFT,Microsoft Corporation,IT,383.87,389.22,377.13,383.08,373.52,19579914
2023-08-08,MSFT,Microsoft Corporation,IT,383.07,387.64,378.26,387.49,377.8,23171220
2023-08-09,MSFT,Microsoft Corporation,IT,386.81,390.31,386.16,388.4,378.66,3994574
2023-08-10,MSFT,Microsoft Corporation,IT,387.27,391.27,384.67,388.84,379.07,25795163
2023-08-11,MSFT,Microsoft Corporation,IT,391.74,393.51,388.93,391.72,381.86,24715161
2023-08-14,MSFT,Microsoft Corporation,IT,391.34,396.09,390.81,395.57,385.59,30263744
2023-08-15,MSFT,Microsoft Corporation,IT,396.73,400.78,390.29,395.44,385.45,14955404
2023-08-16,MSFT,Microsoft Corporation,IT,396.17,398.98,389.74,393.06,383.11,25259324
2023-08-17,MSFT,Microsoft Corporation,IT,392.74,395.67,388.82,394.31,384.3,21761003
2023-08-18,MSFT,Microsoft Corporation,IT,393.11,395.9,383.56,385.9,376.09,22668945
2023-08-21,MSFT,Microsoft Corporation,IT,386.83,393.76,380.97,384.98,375.18,27892096
2023-08-22,MSFT,Microsoft Corporation,IT,384.5,391.63,359.93,372.22,362.72,11689109
2023-08-23,MSFT,Microsoft Corporation,IT,369.83,374.7,362.52,363.87,354.56,22832465
2023-08-24,MSFT,Microsoft Corporation,IT,366.21,366.75,354.95,354.97,345.87,14592765
2023-08-25,MSFT,Microsoft Corporation,IT,354.46,360.39,346.46,360.35,351.1,24599355
2023-08-28,MSFT,Microsoft Corporation,IT,360.67,362.94,359.34,360.62,351.34,20591763
2023-08-29,MSFT,Microsoft Corporation,IT,361.58,371.76,350.69,354.56,345.41,28959604
2023-08-30,MSFT,Microsoft Corporation,IT,354.59,357.9,353.38,357.17,347.94,25520649
2023-08-31,MSFT,Microsoft Corporation,IT,358.35,368.68,352.91,362.29,352.91,15509480
2023-09-01,MSFT,Microsoft Corporation,IT,364.27,368.58,364.13,365.05,355.58,14892676
2023-09-04,MSFT,Microsoft Corporation,IT,364.87,371.13,361.32,364.29,354.83,27832641
2023-09-05,MSFT,Microsoft Corporation,IT,365.64,366.19,363.53,365.67,356.15,17442450
2023-09-06,MSFT,Microsoft Corporation,IT,366.19,372.39,359.52,370.46,360.8,16905650
2023-09-07,MSFT,Microsoft Corporation,IT,370.11,375.57,361.28,368.26,358.63,13223227
2023-09-08,MSFT,Microsoft Corporation,IT,371.66,372.02,367.94,368.61,358.96,18810956
2023-09-11,MSFT,Microsoft Corporation,IT,368.52,371.01,363.3,367.5,357.85,25441934
2023-09-12,MSFT,Microsoft Corporation,IT,367.79,368.61,353.99,359.57,350.11,20400868
2023-09-13,MSFT,Microsoft Corporation,IT,359.78,369.92,358.43,364.36,354.76,15381923
2023-09-14,MSFT,Microsoft Corporation,IT,366.51,378.8,359.31,375.1,365.2,12386141
2023-09-15,MSFT,Microsoft Corporation,IT,376.0,376.38,369.26,370.78,360.98,23597770
2023-09-18,MSFT,Microsoft Corporation,IT,369.98,377.62,368.53,375.97,366.0,23171296
2023-09-19,MSFT,Microsoft Corporation,IT,376.9,381.47,370.26,371.8,361.93,19310125
2023-09-20,MSFT,Microsoft Corporation,IT,373.25,374.3,372.57,372.69,362.78,20895341
2023-09-21,MSFT,Microsoft Corporation,IT,372.99,388.01,366.28,380.77,370.62,20291766
2023-09-22,MSFT,Microsoft Corporation,IT,379.18,393.18,376.48,378.23,368.13,20191380
2023-09-25,MSFT,Microsoft Corporation,IT,378.13,379.8,377.24,378.36,368.24,26930419
2023-09-26,MSFT,Microsoft Corporation,IT,379.38,384.78,367.75,369.23,359.33,20366762
2023-09-27,MSFT,Microsoft Corporation,IT,372.3,374.14,358.63,366.04,356.21,26840125
2023-09-28,MSFT,Microsoft Corporation,IT,364.81,368.43,348.15,356.69,347.1,24722912
2023-09-29,MSFT,Microsoft Corporation,IT,359.74,360.26,356.58,359.01,349.34,19442073
2023-10-02,MSFT,Microsoft Corporation,IT,360.91,367.56,354.85,363.37,353.56,25625405
2023-10-03,MSFT,Microsoft Corporation,IT,365.68,373.4,360.48,362.45,352.64,36931646
2023-10-04,MSFT,Microsoft Corporation,IT,365.03,366.24,362.73,364.09,354.22,23995220
2023-10-05,MSFT,Microsoft Corporation,IT,362.09,363.6,356.39,362.64,352.79,28505078
2023-10-06,MSFT,Microsoft Corporation,IT,360.21,371.93,359.22,366.58,356.61,27299750
2023-10-09,MSFT,Microsoft Corporation,IT,364.76,369.45,364.35,367.44,357.42,28606581
2023-10-10,MSFT,Microsoft Corporation,IT,366.93,378.22,350.32,357.66,347.89,19571606
2023-10-11,MSFT,Microsoft Corporation,IT,355.44,365.49,354.1,362.54,352.62,34030611
2023-10-12,MSFT,Microsoft Corporation,IT,364.43,368.08,359.02,360.78,350.89,24823945
2023-10-13,MSFT,Microsoft Corporation,IT,360.47,362.68,353.19,354.68,344.94,20798495
2023-10-16,MSFT,Microsoft Corporation,IT,353.57,354.63,351.41,352.72,343.01,24338450
2023-10-17,MSFT,Microsoft Corporation,IT,354.64,356.74,343.21,343.73,334.25,25712221
2023-10-18,MSFT,Microsoft Corporation,IT,344.81,345.71,335.35,338.01,328.67,22709899
2023-10-19,MSFT,Microsoft Corporation,IT,338.45,346.22,331.84,338.86,329.48,24972919
2023-10-20,MSFT,Microsoft Corporation,IT,340.14,340.45,332.44,340.11,330.68,34093888
2023-10-23,MSFT,Microsoft Corporation,IT,342.22,343.36,337.26,341.74,332.25,17731612
2023-10-24,MSFT,Microsoft Corporation,IT,341.87,343.27,340.75,341.94,332.43,17292984
2023-10-25,MSFT,Microsoft Corporation,IT,343.53,346.67,336.9,338.85,329.41,27769470
2023-10-26,MSFT,Microsoft Corporation,IT,337.64,341.12,332.82,338.78,329.32,32497037
2023-10-27,MSFT,Microsoft Corporation,IT,338.72,342.68,334.18,336.92,327.49,25909399
2023-10-30,MSFT,Microsoft Corporation,IT,339.01,340.29,328.14,329.59,320.35,19698466
2023-10-31,MSFT,Microsoft Corporation,IT,331.0,332.94,319.51,326.25,317.09,13198687
2023-11-01,MSFT,Microsoft Corporation,IT,324.97,332.37,324.79,330.48,321.18,23604650
2023-11-02,MSFT,Microsoft Corporation,IT,329.12,340.04,323.63,338.02,328.49,22664087
2023-11-03,MSFT,Microsoft Corporation,IT,337.28,342.63,337.15,341.26,331.63,31446393
2023-11-06,MSFT,Microsoft Corporation,IT,341.6,350.65,340.63,348.83,338.97,20527111
2023-11-07,MSFT,Microsoft Corporation,IT,348.31,350.43,341.84,349.43,339.53,21878567
2023-11-08,MSFT,Microsoft Corporation,IT,351.81,363.86,348.05,358.17,348.0,15407909
2023-11-09,MSFT,Microsoft Corporation,IT,357.34,368.8,356.73,368.71,358.23,17824377
2023-11-10,MSFT,Microsoft Corporation,IT,371.24,375.41,358.6,360.15,349.89,21710862
2023-11-13,MSFT,Microsoft Corporation,IT,362.61,369.86,360.91,361.45,351.14,29490058
2023-11-14,MSFT,Microsoft Corporation,IT,360.98,368.13,356.3,362.08,351.73,17263984
2023-11-15,MSFT,Microsoft Corporation,IT,359.91,361.41,353.87,360.15,349.84,26889237
2023-11-16,MSFT,Microsoft Corporation,IT,356.58,366.2,355.29,362.81,352.4,16959350
2023-11-17,MSFT,Microsoft Corporation,IT,362.77,371.67,358.31,363.22,352.78,22299526
2023-11-20,MSFT,Microsoft Corporation,IT,360.76,360.98,354.65,359.73,349.37,16483746
2023-11-21,MSFT,Microsoft Corporation,IT,361.09,365.67,353.68,359.79,349.41,14982206
2023-11-22,MSFT,Microsoft Corporation,IT,359.66,378.99,359.32,366.04,355.47,22347458
2023-11-23,MSFT,Microsoft Corporation,IT,366.56,370.25,363.49,367.17,356.54,25945376
2023-11-24,MSFT,Microsoft Corporation,IT,366.21,373.6,363.95,370.57,359.83,17522477
2023-11-27,MSFT,Microsoft Corporation,IT,369.17,370.68,367.66,369.35,358.62,24332222
2023-11-28,MSFT,Microsoft Corporation,IT,369.47,373.72,364.49,371.87,361.05,20275924
2023-11-29,MSFT,Microsoft Corporation,IT,373.21,374.04,357.71,365.89,355.22,26978468
2023-11-30,MSFT,Microsoft Corporation,IT,364.55,364.99,354.64,363.56,352.94,23996347
2023-12-01,MSFT,Microsoft Corporation,IT,362.66,364.94,356.42,363.24,352.61,22770159
2023-12-04,MSFT,Microsoft Corporation,IT,363.11,369.33,349.31,357.06,346.6,24124490
2023-12-05,MSFT,Microsoft Corporation,IT,358.51,360.0,348.81,353.17,342.8,23175676
2023-12-06,MSFT,Microsoft Corporation,IT,350.25,355.69,348.32,354.89,344.46,21263199
2023-12-07,MSFT,Microsoft Corporation,IT,354.94,356.43,350.31,355.72,345.25,27812868
2023-12-08,MSFT,Microsoft Corporation,IT,356.37,360.84,356.17,359.92,349.3,19078524
2023-12-11,MSFT,Microsoft Corporation,IT,357.5,360.82,352.71,357.13,346.57,12095817
2023-12-12,MSFT,Microsoft Corporation,IT,357.07,361.37,355.01,357.6,347.02,27313847
2023-12-13,MSFT,Microsoft Corporation,IT,354.74,359.85,351.42,354.48,343.97,21201257
2023-12-14,MSFT,Microsoft Corporation,IT,352.99,359.56,352.24,358.16,347.52,32124344
2023-12-15,MSFT,Microsoft Corporation,IT,357.53,365.07,352.61,364.31,353.47,17267546
2023-12-18,MSFT,Microsoft Corporation,IT,364.04,368.66,363.44,366.96,356.02,20930222
2023-12-19,MSFT,Microsoft Corporation,IT,364.2,380.26,361.61,372.6,361.47,25020537
2023-12-20,MSFT,Microsoft Corporation,IT,370.09,375.17,366.98,372.97,361.81,14590057
2023-12-21,MSFT,Microsoft Corporation,IT,372.89,386.9,369.14,377.36,366.05,30323209
2023-12-22,MSFT,Microsoft Corporation,IT,377.77,379.45,375.93,377.96,366.61,25944850
2023-12-25,MSFT,Microsoft Corporation,IT,375.11,381.07,371.75,372.83,361.62,16820190
2023-12-26,MSFT,Microsoft Corporation,IT,373.5,378.98,370.38,374.3,363.03,8024564
2023-12-27,MSFT,Microsoft Corporation,IT,374.36,377.65,362.19,369.38,358.23,25613374
2023-12-28,MSFT,Microsoft Corporation,IT,368.22,382.4,363.78,381.75,370.22,20755761
2023-12-29,MSFT,Microsoft Corporation,IT,383.14,385.06,377.3,380.19,368.69,27605940
2024-01-01,MSFT,Microsoft Corporation,IT,382.72,389.45,382.7,383.81,372.18,26604079
2024-01-02,MSFT,Microsoft Corporation,IT,383.97,384.0,383.72,383.96,372.29,15368689
2024-01-03,MSFT,Microsoft Corporation,IT,384.84,388.48,371.94,377.65,366.16,26285651
2024-01-04,MSFT,Microsoft Corporation,IT,377.16,378.85,367.36,368.04,356.83,26991088
2024-01-05,MSFT,Microsoft Corporation,IT,369.03,376.45,368.95,372.08,360.73,30430465
2024-01-08,MSFT,Microsoft Corporation,IT,372.14,389.77,369.89,380.36,368.73,17992580
2024-01-09,MSFT,Microsoft Corporation,IT,379.73,382.66,373.64,376.71,365.18,18443466
2024-01-10,MSFT,Microsoft Corporation,IT,379.42,383.17,366.77,368.36,357.06,25207708
2024-01-11,MSFT,Microsoft Corporation,IT,367.15,373.2,363.56,366.9,355.63,26455352
2024-01-12,MSFT,Microsoft Corporation,IT,366.67,370.14,361.4,362.36,351.21,15336607
2024-01-15,MSFT,Microsoft Corporation,IT,359.87,365.04,356.78,359.3,348.23,26574617
2024-01-16,MSFT,Microsoft Corporation,IT,358.92,363.1,357.98,362.55,351.36,32928653
2024-01-17,MSFT,Microsoft Corporation,IT,362.18,364.79,352.45,362.49,351.28,22259960
2024-01-18,MSFT,Microsoft Corporation,IT,364.46,370.02,353.77,358.54,347.44,17064769
2024-01-19,MSFT,Microsoft Corporation,IT,360.95,365.51,354.46,361.68,350.45,20654322
2024-01-22,MSFT,Microsoft Corporation,IT,361.45,365.4,347.29,365.23,353.88,25382537
2024-01-23,MSFT,Microsoft Corporation,IT,364.61,368.59,359.32,363.72,352.4,19266079
2024-01-24,MSFT,Microsoft Corporation,IT,367.66,372.69,362.76,364.62,353.25,23344061
2024-01-25,MSFT,Microsoft Corporation,IT,363.83,372.96,363.77,367.45,355.98,18760913
2024-01-26,MSFT,Microsoft Corporation,IT,365.49,373.63,361.72,369.83,358.26,25963555
2024-01-29,MSFT,Microsoft Corporation,IT,367.56,373.41,366.63,370.24,358.63,16977455
2024-01-30,MSFT,Microsoft Corporation,IT,370.4,383.8,366.42,377.86,366.0,27678102
2024-01-31,MSFT,Microsoft Corporation,IT,377.37,386.74,369.92,381.13,369.15,22556954
2024-02-01,MSFT,Microsoft Corporation,IT,380.17,381.83,376.08,378.96,367.03,12468816
2024-02-02,MSFT,Microsoft Corporation,IT,378.83,389.56,368.79,376.84,364.95,23536105
2024-02-05,MSFT,Microsoft Corporation,IT,377.32,386.75,373.19,374.14,362.32,27163287
2024-02-06,MSFT,Microsoft Corporation,IT,376.4,379.87,375.8,377.63,365.68,19043476
2024-02-07,MSFT,Microsoft Corporation,IT,374.75,376.55,372.51,374.59,362.72,35491644
2024-02-08,MSFT,Microsoft Corporation,IT,374.97,379.53,371.07,372.59,360.76,22942431
2024-02-09,MSFT,Microsoft Corporation,IT,373.45,378.96,368.54,378.3,366.27,19535408
2024-02-12,MSFT,Microsoft Corporation,IT,375.14,385.67,368.16,379.51,367.42,24532276
2024-02-13,MSFT,Microsoft Corporation,IT,377.98,386.22,377.02,386.07,373.76,20782948
2024-02-14,MSFT,Microsoft Corporation,IT,386.16,391.34,381.64,390.58,378.1,21425837
2024-02-15,MSFT,Microsoft Corporation,IT,393.44,400.97,378.63,384.47,372.16,15235670
2024-02-16,MSFT,Microsoft Corporation,IT,384.7,385.37,384.07,384.13,371.82,23300859
2024-02-19,MSFT,Microsoft Corporation,IT,386.37,398.58,385.05,389.65,377.14,23580339
2024-02-20,MSFT,Microsoft Corporation,IT,390.59,395.69,380.93,383.31,370.98,19907321
2024-02-21,MSFT,Microsoft Corporation,IT,384.01,394.72,383.73,385.75,373.33,17547821
2024-02-22,MSFT,Microsoft Corporation,IT,384.85,388.8,383.89,385.75,373.31,25999636
2024-02-23,MSFT,Microsoft Corporation,IT,386.7,393.85,373.26,376.69,364.52,23914608
2024-02-26,MSFT,Microsoft Corporation,IT,379.23,379.84,374.54,377.51,365.3,13996870
2024-02-27,MSFT,Microsoft Corporation,IT,378.74,378.87,372.26,373.36,361.26,20970800
2024-02-28,MSFT,Microsoft Corporation,IT,371.24,375.63,362.91,367.56,355.63,24254986
2024-02-29,MSFT,Microsoft Corporation,IT,365.34,368.35,358.42,367.81,355.85,23851701
2024-03-01,MSFT,Microsoft Corporation,IT,366.91,371.32,358.06,358.29,346.62,24758261
2024-03-04,MSFT,Microsoft Corporation,IT,359.5,361.97,352.41,355.15,343.57,22843256
2024-03-05,MSFT,Microsoft Corporation,IT,356.15,368.24,354.93,368.13,356.1,22910530
2024-03-06,MSFT,Microsoft Corporation,IT,368.63,373.07,365.83,371.66,359.5,21153627
2024-03-07,MSFT,Microsoft Corporation,IT,373.75,383.14,362.83,367.35,355.31,34706705
2024-03-08,MSFT,Microsoft Corporation,IT,370.58,378.12,369.14,374.77,362.47,23475704
2024-03-11,MSFT,Microsoft Corporation,IT,374.67,374.93,368.59,369.85,357.69,23623183
2024-03-12,MSFT,Microsoft Corporation,IT,368.0,369.39,365.28,367.22,355.13,21837480
2024-03-13,MSFT,Microsoft Corporation,IT,368.49,372.0,360.09,361.61,349.69,12822315
2024-03-14,MSFT,Microsoft Corporation,IT,362.84,365.07,362.5,363.1,351.11,22974775
2024-03-15,MSFT,Microsoft Corporation,IT,363.06,372.93,357.17,370.25,358.0,19655761
2024-03-18,MSFT,Microsoft Corporation,IT,368.36,369.7,364.16,365.35,353.25,17744097
2024-03-19,MSFT,Microsoft Corporation,IT,366.36,377.17,354.58,355.26,343.48,17008534
2024-03-20,MSFT,Microsoft Corporation,IT,355.66,361.55,351.06,360.87,348.88,18875826
2024-03-21,MSFT,Microsoft Corporation,IT,359.21,372.0,357.83,368.92,356.64,25378759
2024-03-22,MSFT,Microsoft Corporation,IT,366.43,371.71,357.29,359.05,347.09,16476126
2024-03-25,MSFT,Microsoft Corporation,IT,360.53,363.55,352.2,361.54,349.48,28465890
2024-03-26,MSFT,Microsoft Corporation,IT,362.52,365.63,359.86,362.88,350.75,19027481
2024-03-27,MSFT,Microsoft Corporation,IT,363.6,365.25,351.77,359.13,347.11,29149638
2024-03-28,MSFT,Microsoft Corporation,IT,360.62,361.83,350.64,352.45,340.63,21837594
2024-03-29,MSFT,Microsoft Corporation,IT,355.25,363.22,351.1,357.52,345.51,24123996
2024-04-01,MSFT,Microsoft Corporation,IT,355.9,361.2,349.39,358.6,346.54,17144689
2024-04-02,MSFT,Microsoft Corporation,IT,358.43,362.84,355.02,360.06,347.93,18832732
2024-04-03,MSFT,Microsoft Corporation,IT,361.85,367.96,348.7,357.16,345.12,19741794
2024-04-04,MSFT,Microsoft Corporation,IT,359.98,360.97,351.16,353.41,341.47,18845003
2024-04-05,MSFT,Microsoft Corporation,IT,354.55,356.32,341.76,341.77,330.21,24923114
2024-04-08,MSFT,Microsoft Corporation,IT,342.11,344.42,335.35,340.87,329.32,18882204
2024-04-09,MSFT,Microsoft Corporation,IT,342.34,349.13,341.21,347.93,336.12,16920022
2024-04-10,MSFT,Microsoft Corporation,IT,345.4,350.73,342.49,343.85,332.16,18346416
2024-04-11,MSFT,Microsoft Corporation,IT,343.48,345.16,335.28,336.85,325.38,28915972
2024-04-12,MSFT,Microsoft Corporation,IT,338.62,340.63,337.48,339.07,327.51,26208036
2024-04-15,MSFT,Microsoft Corporation,IT,340.4,343.07,338.89,342.18,330.5,15189783
2024-04-16,MSFT,Microsoft Corporation,IT,341.21,341.26,337.34,339.6,327.99,18329449
2024-04-17,MSFT,Microsoft Corporation,IT,338.95,338.98,337.69,338.14,326.56,27894217
2024-04-18,MSFT,Microsoft Corporation,IT,337.53,340.58,337.38,339.56,327.92,13549018
2024-04-19,MSFT,Microsoft Corporation,IT,339.67,342.26,337.08,339.02,327.37,32741484
2024-04-22,MSFT,Microsoft Corporation,IT,338.88,350.31,335.1,343.93,332.1,20036246
2024-04-23,MSFT,Microsoft Corporation,IT,344.31,362.2,331.18,355.94,343.68,22091262
2024-04-24,MSFT,Microsoft Corporation,IT,357.76,359.37,342.55,347.8,335.8,24403406
2024-04-25,MSFT,Microsoft Corporation,IT,348.16,355.27,347.52,353.96,341.74,24029120
2024-04-26,MSFT,Microsoft Corporation,IT,353.99,356.8,353.64,354.67,342.4,30171915
2024-04-29,MSFT,Microsoft Corporation,IT,353.79,362.6,346.44,361.76,349.22,25148697
2024-04-30,MSFT,Microsoft Corporation,IT,361.36,367.78,357.78,365.6,352.92,22507812
2024-05-01,MSFT,Microsoft Corporation,IT,365.33,367.48,362.13,366.11,353.39,13817984
2024-05-02,MSFT,Microsoft Corporation,IT,369.06,370.47,367.28,370.19,357.3,19141908
2024-05-03,MSFT,Microsoft Corporation,IT,372.15,376.22,367.39,368.37,355.53,18189332
2024-05-06,MSFT,Microsoft Corporation,IT,372.33,374.66,358.51,364.63,351.91,30065178
2024-05-07,MSFT,Microsoft Corporation,IT,363.51,378.36,361.8,368.95,356.06,24908616
2024-05-08,MSFT,Microsoft Corporation,IT,369.29,370.26,350.63,364.86,352.09,21455467
2024-05-09,MSFT,Microsoft Corporation,IT,366.3,372.86,362.68,368.32,355.41,25464076
2024-05-10,MSFT,Microsoft Corporation,IT,367.88,374.06,362.33,368.67,355.73,19285662
2024-05-13,MSFT,Microsoft Corporation,IT,368.13,372.13,353.14,357.15,344.6,27732435
2024-05-14,MSFT,Microsoft Corporation,IT,355.5,359.35,353.2,354.51,342.03,22815970
2024-05-15,MSFT,Microsoft Corporation,IT,353.45,357.87,350.01,356.35,343.79,18147876
2024-05-16,MSFT,Microsoft Corporation,IT,358.05,358.64,348.86,354.55,342.03,36458293
2024-05-17,MSFT,Microsoft Corporation,IT,355.72,356.46,341.84,342.44,330.33,16374010
2024-05-20,MSFT,Microsoft Corporation,IT,340.89,350.89,336.84,348.95,336.59,26192744
2024-05-21,MSFT,Microsoft Corporation,IT,349.97,350.39,338.43,349.96,337.55,15003289
2024-05-22,MSFT,Microsoft Corporation,IT,351.12,361.73,343.39,352.31,339.79,17101286
2024-05-23,MSFT,Microsoft Corporation,IT,353.99,359.73,349.89,350.19,337.74,27968058
2024-05-24,MSFT,Microsoft Corporation,IT,349.69,358.28,343.53,352.97,340.4,26322859
2024-05-27,MSFT,Microsoft Corporation,IT,354.84,368.29,350.81,362.26,349.34,26156055
2024-05-28,MSFT,Microsoft Corporation,IT,363.57,365.18,357.82,358.78,345.96,10873520
2024-05-29,MSFT,Microsoft Corporation,IT,359.12,367.62,357.61,367.36,354.22,23008693
2024-05-30,MSFT,Microsoft Corporation,IT,368.17,370.21,353.26,369.6,356.36,16280563
2024-05-31,MSFT,Microsoft Corporation,IT,367.84,368.71,359.02,365.37,352.26,19061310
2024-06-03,MSFT,Microsoft Corporation,IT,363.17,380.95,360.81,376.94,363.4,29233157
2024-06-04,MSFT,Microsoft Corporation,IT,377.69,380.36,370.22,379.2,365.56,17629003
2024-06-05,MSFT,Microsoft Corporation,IT,379.02,384.73,377.6,382.98,369.18,17596199
2024-06-06,MSFT,Microsoft Corporation,IT,384.71,395.6,378.4,381.76,367.98,17997048
2024-06-07,MSFT,Microsoft Corporation,IT,381.27,382.43,377.06,377.77,364.12,11502141
2024-06-10,MSFT,Microsoft Corporation,IT,375.06,380.35,372.27,378.85,365.15,21345997
2024-06-11,MSFT,Microsoft Corporation,IT,379.32,394.85,376.82,387.46,373.42,20008970
2024-06-12,MSFT,Microsoft Corporation,IT,385.73,393.61,382.03,386.01,372.0,29600458
2024-06-13,MSFT,Microsoft Corporation,IT,386.22,389.87,384.33,386.07,372.05,22683946
2024-06-14,MSFT,Microsoft Corporation,IT,385.5,401.38,382.45,394.16,379.82,24702947
2024-06-17,MSFT,Microsoft Corporation,IT,395.17,397.35,384.98,392.73,378.42,18037922
2024-06-18,MSFT,Microsoft Corporation,IT,393.0,396.77,388.53,395.73,381.29,15523706
2024-06-19,MSFT,Microsoft Corporation,IT,393.78,402.04,389.84,400.79,386.14,13131404
2024-06-20,MSFT,Microsoft Corporation,IT,403.5,404.29,396.59,399.91,385.28,25284645
2024-06-21,MSFT,Microsoft Corporation,IT,402.29,405.19,400.22,401.85,387.13,24572380
2024-06-24,MSFT,Microsoft Corporation,IT,399.98,419.58,395.36,405.77,390.88,26779679
2024-06-25,MSFT,Microsoft Corporation,IT,407.76,413.51,401.32,403.73,388.9,17601805
2024-06-26,MSFT,Microsoft Corporation,IT,404.24,413.07,399.45,408.55,393.51,18449316
2024-06-27,MSFT,Microsoft Corporation,IT,404.95,408.41,394.72,405.68,390.73,28597108
2024-06-28,MSFT,Microsoft Corporation,IT,407.69,408.79,397.62,402.12,387.28,27938566
2024-07-01,MSFT,Microsoft Corporation,IT,400.75,407.93,389.33,393.91,379.36,27737832
2024-07-02,MSFT,Microsoft Corporation,IT,392.74,392.9,388.79,391.38,376.9,21851556
2024-07-03,MSFT,Microsoft Corporation,IT,392.17,397.26,384.84,387.19,372.85,22791154
2024-07-04,MSFT,Microsoft Corporation,IT,390.63,398.48,383.46,385.25,370.96,22406457
2024-07-05,MSFT,Microsoft Corporation,IT,386.03,390.31,375.8,388.74,374.3,26315438
2024-07-08,MSFT,Microsoft Corporation,IT,386.76,391.55,374.4,379.76,365.64,23679236
2024-07-09,MSFT,Microsoft Corporation,IT,380.58,383.71,367.92,369.71,355.94,19433354
2024-07-10,MSFT,Microsoft Corporation,IT,369.49,382.28,362.72,366.09,352.43,15251751
2024-07-11,MSFT,Microsoft Corporation,IT,368.25,372.21,367.97,368.63,354.87,22343984
2024-07-12,MSFT,Microsoft Corporation,IT,367.08,372.01,365.32,370.31,356.46,22607305
2024-07-15,MSFT,Microsoft Corporation,IT,369.54,372.13,363.62,366.61,352.87,31263485
2024-07-16,MSFT,Microsoft Corporation,IT,365.51,373.16,364.74,372.8,358.81,22662988
2024-07-17,MSFT,Microsoft Corporation,IT,370.31,379.62,362.48,369.61,355.73,20592356
2024-07-18,MSFT,Microsoft Corporation,IT,368.25,373.38,368.04,372.19,358.19,15169429
2024-07-19,MSFT,Microsoft Corporation,IT,373.82,374.15,366.78,370.52,356.57,18181626
2024-07-22,MSFT,Microsoft Corporation,IT,370.4,370.74,364.13,366.28,352.47,18757653
2024-07-23,MSFT,Microsoft Corporation,IT,363.0,364.71,362.39,363.42,349.7,27754383
2024-07-24,MSFT,Microsoft Corporation,IT,364.25,369.15,362.23,367.33,353.44,21358008
2024-07-25,MSFT,Microsoft Corporation,IT,367.23,370.96,361.55,369.37,355.39,17289389
2024-07-26,MSFT,Microsoft Corporation,IT,370.72,380.65,368.65,374.56,360.36,23522461
2024-07-29,MSFT,Microsoft Corporation,IT,372.92,380.58,368.65,376.65,362.35,19700510
2024-07-30,MSFT,Microsoft Corporation,IT,376.85,378.92,367.52,368.53,354.52,18171944
2024-07-31,MSFT,Microsoft Corporation,IT,369.65,388.62,365.17,379.69,365.24,26363797
2024-08-01,MSFT,Microsoft Corporation,IT,378.53,392.24,369.5,381.88,367.32,26129617
2024-08-02,MSFT,Microsoft Corporation,IT,384.55,385.65,384.5,384.82,370.13,20627110
2024-08-05,MSFT,Microsoft Corporation,IT,385.42,387.94,379.04,383.02,368.38,20499356
2024-08-06,MSFT,Microsoft Corporation,IT,381.42,389.44,380.54,389.18,374.29,18247264
2024-08-07,MSFT,Microsoft Corporation,IT,384.1,389.28,377.1,383.54,368.84,33204632
2024-08-08,MSFT,Microsoft Corporation,IT,384.3,387.75,377.22,387.0,372.15,24157299
2024-08-09,MSFT,Microsoft Corporation,IT,386.08,390.7,375.73,376.21,361.76,22924135
2024-08-12,MSFT,Microsoft Corporation,IT,376.73,381.47,371.9,379.96,365.35,25185259
2024-08-13,MSFT,Microsoft Corporation,IT,380.41,381.38,370.13,374.52,360.09,20212924
2024-08-14,MSFT,Microsoft Corporation,IT,376.01,377.25,375.02,376.17,361.66,20497775
2024-08-15,MSFT,Microsoft Corporation,IT,375.7,385.48,374.43,383.51,368.7,14274717
2024-08-16,MSFT,Microsoft Corporation,IT,382.94,388.86,382.6,388.12,373.11,23147813
2024-08-19,MSFT,Microsoft Corporation,IT,390.43,396.93,387.75,394.98,379.68,28643232
2024-08-20,MSFT,Microsoft Corporation,IT,396.32,405.15,393.32,401.38,385.81,18812717
2024-08-21,MSFT,Microsoft Corporation,IT,402.73,403.28,397.73,398.69,383.2,30333316
2024-08-22,MSFT,Microsoft Corporation,IT,397.56,404.78,395.15,402.22,386.58,29123594
2024-08-23,MSFT,Microsoft Corporation,IT,400.34,404.65,392.85,392.93,377.64,22508150
2024-08-26,MSFT,Microsoft Corporation,IT,394.84,404.2,384.56,389.42,374.24,18099670
2024-08-27,MSFT,Microsoft Corporation,IT,387.61,402.8,386.9,397.22,381.72,16221462
2024-08-28,MSFT,Microsoft Corporation,IT,396.89,402.95,387.45,395.32,379.87,23870862
2024-08-29,MSFT,Microsoft Corporation,IT,395.65,406.31,384.6,385.43,370.34,17115271
2024-08-30,MSFT,Microsoft Corporation,IT,382.7,401.4,374.12,396.55,381.01,18757214
2024-09-02,MSFT,Microsoft Corporation,IT,399.62,400.78,399.46,399.86,384.18,25473345
2024-09-03,MSFT,Microsoft Corporation,IT,399.14,407.05,395.67,404.34,388.46,21442331
2024-09-04,MSFT,Microsoft Corporation,IT,404.63,404.83,398.96,399.1,383.4,28734706
2024-09-05,MSFT,Microsoft Corporation,IT,400.38,400.94,395.9,400.89,385.1,26843725
2024-09-06,MSFT,Microsoft Corporation,IT,398.38,403.59,392.99,402.54,386.66,21695752
2024-09-09,MSFT,Microsoft Corporation,IT,402.22,404.1,397.74,398.2,382.47,23215566
2024-09-10,MSFT,Microsoft Corporation,IT,397.75,398.03,390.52,397.48,381.76,18548618
2024-09-11,MSFT,Microsoft Corporation,IT,397.17,397.76,383.22,389.51,374.08,16053880
2024-09-12,MSFT,Microsoft Corporation,IT,387.84,391.94,382.34,387.85,372.47,24867237
2024-09-13,MSFT,Microsoft Corporation,IT,390.25,395.88,388.97,393.33,377.72,27816148
2024-09-16,MSFT,Microsoft Corporation,IT,395.11,405.23,387.88,389.49,374.01,16226828
2024-09-17,MSFT,Microsoft Corporation,IT,387.76,409.97,383.74,400.14,384.21,21859158
2024-09-18,MSFT,Microsoft Corporation,IT,399.01,408.91,380.55,392.46,376.82,31960472
2024-09-19,MSFT,Microsoft Corporation,IT,392.25,394.16,390.14,391.26,375.65,25718579
2024-09-20,MSFT,Microsoft Corporation,IT,392.17,404.59,380.29,387.93,372.43,15852368
2021-09-20,PG,Procter & Gamble Co.,FMCG,142.17,142.57,142.03,142.17,142.17,5474834
2021-09-21,PG,Procter & Gamble Co.,FMCG,142.0,143.53,140.46,141.58,141.57,6346283
2021-09-22,PG,Procter & Gamble Co.,FMCG,141.5,141.98,141.1,141.19,141.17,5725648
2021-09-23,PG,Procter & Gamble Co.,FMCG,140.88,143.79,140.13,142.5,142.48,8682378
2021-09-24,PG,Procter & Gamble Co.,FMCG,142.64,143.93,141.82,143.46,143.43,8980495
2021-09-27,PG,Procter & Gamble Co.,FMCG,144.06,146.52,142.37,145.25,145.21,7393009
2021-09-28,PG,Procter & Gamble Co.,FMCG,145.62,146.77,142.41,144.02,143.97,6583907
2021-09-29,PG,Procter & Gamble Co.,FMCG,144.33,144.59,143.48,143.62,143.56,5146700
2021-09-30,PG,Procter & Gamble Co.,FMCG,143.7,144.71,143.63,144.61,144.56,7435133
2021-10-01,PG,Procter & Gamble Co.,FMCG,144.24,145.27,143.71,145.22,145.15,5498127
2021-10-04,PG,Procter & Gamble Co.,FMCG,145.13,147.47,144.75,147.23,147.16,6072106
2021-10-05,PG,Procter & Gamble Co.,FMCG,147.46,148.46,146.75,147.81,147.73,7107837
2021-10-06,PG,Procter & Gamble Co.,FMCG,147.86,152.29,145.42,150.28,150.19,5634704
2021-10-07,PG,Procter & Gamble Co.,FMCG,150.23,151.48,148.82,151.03,150.93,10639913
2021-10-08,PG,Procter & Gamble Co.,FMCG,151.76,155.03,149.68,152.49,152.38,9115284
2021-10-11,PG,Procter & Gamble Co.,FMCG,152.33,153.36,151.82,152.09,151.98,5398279
2021-10-12,PG,Procter & Gamble Co.,FMCG,151.71,153.2,151.33,152.15,152.02,9478394
2021-10-13,PG,Procter & Gamble Co.,FMCG,152.46,155.11,151.22,153.41,153.28,8239292
2021-10-14,PG,Procter & Gamble Co.,FMCG,153.32,155.74,151.06,155.65,155.5,10195746
2021-10-15,PG,Procter & Gamble Co.,FMCG,155.77,157.53,155.18,156.69,156.54,9727572
2021-10-18,PG,Procter & Gamble Co.,FMCG,156.46,157.92,155.58,156.61,156.45,4889149
2021-10-19,PG,Procter & Gamble Co.,FMCG,156.48,159.09,156.24,158.56,158.39,4852647
2021-10-20,PG,Procter & Gamble Co.,FMCG,158.4,160.33,155.16,155.56,155.39,8391726
2021-10-21,PG,Procter & Gamble Co.,FMCG,155.21,156.33,153.51,153.66,153.48,8191903
2021-10-22,PG,Procter & Gamble Co.,FMCG,153.05,155.61,150.26,154.63,154.44,8802525
2021-10-25,PG,Procter & Gamble Co.,FMCG,154.44,155.7,153.98,154.68,154.49,5924714
2021-10-26,PG,Procter & Gamble Co.,FMCG,154.73,156.46,153.61,155.55,155.34,8407103
2021-10-27,PG,Procter & Gamble Co.,FMCG,155.89,156.83,154.81,155.67,155.46,4631564
2021-10-28,PG,Procter & Gamble Co.,FMCG,155.48,156.78,154.64,156.5,156.27,7943274
2021-10-29,PG,Procter & Gamble Co.,FMCG,156.11,157.95,154.7,155.41,155.18,9449812
2021-11-01,PG,Procter & Gamble Co.,FMCG,155.44,157.79,154.93,156.23,156.0,6934115
2021-11-02,PG,Procter & Gamble Co.,FMCG,155.77,158.51,154.79,157.65,157.4,7907857
2021-11-03,PG,Procter & Gamble Co.,FMCG,157.42,160.55,156.85,159.39,159.13,7866108
2021-11-04,PG,Procter & Gamble Co.,FMCG,158.98,162.46,158.69,162.29,162.01,6533400
2021-11-05,PG,Procter & Gamble Co.,FMCG,162.34,163.06,161.56,162.68,162.39,7471349
2021-11-08,PG,Procter & Gamble Co.,FMCG,163.21,163.96,161.88,163.11,162.82,5011986
2021-11-09,PG,Procter & Gamble Co.,FMCG,163.3,164.98,160.77,160.97,160.67,8343328
2021-11-10,PG,Procter & Gamble Co.,FMCG,161.04,162.41,157.5,160.26,159.95,4543582
2021-11-11,PG,Procter & Gamble Co.,FMCG,160.23,160.82,159.66,160.02,159.71,5726283
2021-11-12,PG,Procter & Gamble Co.,FMCG,160.25,162.72,159.71,161.55,161.23,8651982
2021-11-15,PG,Procter & Gamble Co.,FMCG,161.42,162.32,160.27,160.72,160.39,4781390
2021-11-16,PG,Procter & Gamble Co.,FMCG,161.51,162.28,159.28,161.89,161.55,8078361
2021-11-17,PG,Procter & Gamble Co.,FMCG,161.97,163.48,160.95,161.93,161.58,4888927
2021-11-18,PG,Procter & Gamble Co.,FMCG,162.1,165.02,160.55,161.71,161.36,6795417
2021-11-19,PG,Procter & Gamble Co.,FMCG,162.4,162.81,159.68,162.11,161.74,6943956
2021-11-22,PG,Procter & Gamble Co.,FMCG,162.25,163.26,160.95,161.59,161.22,8013239
2021-11-23,PG,Procter & Gamble Co.,FMCG,161.54,164.87,160.65,161.02,160.64,10184556
2021-11-24,PG,Procter & Gamble Co.,FMCG,160.18,160.42,158.55,158.65,158.27,7800265
2021-11-25,PG,Procter & Gamble Co.,FMCG,158.83,159.05,156.27,158.34,157.95,4140935
2021-11-26,PG,Procter & Gamble Co.,FMCG,158.64,159.03,157.54,157.71,157.32,7851067
2021-11-29,PG,Procter & Gamble Co.,FMCG,156.57,158.09,156.42,157.03,156.63,8163658
2021-11-30,PG,Procter & Gamble Co.,FMCG,157.1,158.49,156.83,157.65,157.24,5105806
2021-12-01,PG,Procter & Gamble Co.,FMCG,157.45,160.57,156.64,158.6,158.18,8126727
2021-12-02,PG,Procter & Gamble Co.,FMCG,158.7,159.7,157.72,158.97,158.54,7407228
2021-12-03,PG,Procter & Gamble Co.,FMCG,159.44,160.62,157.99,160.41,159.97,7308274
2021-12-06,PG,Procter & Gamble Co.,FMCG,160.37,161.32,158.93,161.26,160.81,6177414
2021-12-07,PG,Procter & Gamble Co.,FMCG,160.66,164.34,160.09,160.88,160.42,8085220
2021-12-08,PG,Procter & Gamble Co.,FMCG,160.63,162.76,160.02,160.26,159.8,7509635
2021-12-09,PG,Procter & Gamble Co.,FMCG,160.22,161.45,156.97,160.75,160.27,5810683
2021-12-10,PG,Procter & Gamble Co.,FMCG,161.24,163.35,160.34,161.6,161.11,8152047
2021-12-13,PG,Procter & Gamble Co.,FMCG,161.75,166.03,160.51,163.64,163.14,7999803
2021-12-14,PG,Procter & Gamble Co.,FMCG,164.5,166.18,163.86,165.41,164.9,5867379
2021-12-15,PG,Procter & Gamble Co.,FMCG,166.69,166.92,164.07,164.66,164.14,7434798
2021-12-16,PG,Procter & Gamble Co.,FMCG,164.62,165.0,161.12,164.55,164.03,5494849
2021-12-17,PG,Procter & Gamble Co.,FMCG,164.44,167.51,161.94,165.57,165.03,7984401
2021-12-20,PG,Procter & Gamble Co.,FMCG,165.83,168.04,165.74,167.18,166.62,6998904
2021-12-21,PG,Procter & Gamble Co.,FMCG,167.71,169.32,167.53,168.61,168.04,8966729
2021-12-22,PG,Procter & Gamble Co.,FMCG,168.62,169.33,168.43,168.55,167.98,3555987
2021-12-23,PG,Procter & Gamble Co.,FMCG,168.12,171.08,166.31,166.74,166.16,6601167
2021-12-24,PG,Procter & Gamble Co.,FMCG,167.35,170.83,164.6,165.32,164.73,9294375
2021-12-27,PG,Procter & Gamble Co.,FMCG,165.72,167.15,164.34,165.75,165.16,5529038
2021-12-28,PG,Procter & Gamble Co.,FMCG,166.14,168.01,165.98,166.29,165.69,9090705
2021-12-29,PG,Procter & Gamble Co.,FMCG,166.21,167.15,162.29,164.73,164.13,6454394
2021-12-30,PG,Procter & Gamble Co.,FMCG,165.06,165.94,163.88,164.83,164.22,9919372
2021-12-31,PG,Procter & Gamble Co.,FMCG,164.61,165.82,162.26,165.79,165.17,6427905
2022-01-03,PG,Procter & Gamble Co.,FMCG,165.86,166.32,163.5,164.16,163.53,7088370
2022-01-04,PG,Procter & Gamble Co.,FMCG,163.57,166.02,163.01,165.81,165.16,6974315
2022-01-05,PG,Procter & Gamble Co.,FMCG,165.72,165.75,164.53,165.29,164.65,8063962
2022-01-06,PG,Procter & Gamble Co.,FMCG,165.23,167.7,163.79,167.18,166.51,7475153
2022-01-07,PG,Procter & Gamble Co.,FMCG,166.61,167.74,165.58,166.43,165.76,7213030
2022-01-10,PG,Procter & Gamble Co.,FMCG,166.6,170.6,163.12,164.97,164.3,7109417
2022-01-11,PG,Procter & Gamble Co.,FMCG,165.13,165.33,163.81,164.35,163.67,6831503
2022-01-12,PG,Procter & Gamble Co.,FMCG,164.35,164.82,163.8,164.25,163.56,5468137
2022-01-13,PG,Procter & Gamble Co.,FMCG,163.78,164.82,163.52,163.72,163.03,7185611
2022-01-14,PG,Procter & Gamble Co.,FMCG,163.61,166.4,162.29,163.45,162.75,6510122
2022-01-17,PG,Procter & Gamble Co.,FMCG,163.99,166.76,162.55,163.97,163.26,7429728
2022-01-18,PG,Procter & Gamble Co.,FMCG,163.42,165.19,163.36,163.76,163.05,6037850
2022-01-19,PG,Procter & Gamble Co.,FMCG,163.8,164.61,162.56,163.71,162.98,5823264
2022-01-20,PG,Procter & Gamble Co.,FMCG,164.1,164.17,161.08,161.3,160.57,9907885
2022-01-21,PG,Procter & Gamble Co.,FMCG,161.93,162.28,161.07,161.89,161.16,8866609
2022-01-24,PG,Procter & Gamble Co.,FMCG,161.78,162.43,161.72,161.81,161.06,9071975
2022-01-25,PG,Procter & Gamble Co.,FMCG,162.0,165.31,161.22,164.16,163.4,10411913
2022-01-26,PG,Procter & Gamble Co.,FMCG,164.09,165.42,162.42,162.84,162.08,5109813
2022-01-27,PG,Procter & Gamble Co.,FMCG,162.65,163.06,158.49,160.31,159.55,5827682
2022-01-28,PG,Procter & Gamble Co.,FMCG,159.89,161.97,158.94,161.22,160.45,4640252
2022-01-31,PG,Procter & Gamble Co.,FMCG,161.89,162.13,159.13,161.75,160.97,6759197
2022-02-01,PG,Procter & Gamble Co.,FMCG,161.38,164.24,159.99,160.36,159.57,8024810
2022-02-02,PG,Procter & Gamble Co.,FMCG,160.38,160.74,158.13,158.25,157.47,7157243
2022-02-03,PG,Procter & Gamble Co.,FMCG,157.94,162.04,157.44,160.45,159.64,8092967
2022-02-04,PG,Procter & Gamble Co.,FMCG,159.99,163.86,158.26,162.5,161.68,5606314
2022-02-07,PG,Procter & Gamble Co.,FMCG,162.4,162.48,158.97,159.01,158.2,9723833
2022-02-08,PG,Procter & Gamble Co.,FMCG,159.34,159.6,158.18,158.41,157.59,11228395
2022-02-09,PG,Procter & Gamble Co.,FMCG,158.8,161.18,157.94,160.79,159.95,6766738
2022-02-10,PG,Procter & Gamble Co.,FMCG,160.55,162.34,159.58,160.15,159.31,2515909
2022-02-11,PG,Procter & Gamble Co.,FMCG,160.67,161.2,158.86,159.5,158.65,8602687
2022-02-14,PG,Procter & Gamble Co.,FMCG,159.84,160.17,156.88,159.14,158.29,6886054
2022-02-15,PG,Procter & Gamble Co.,FMCG,159.11,159.67,156.87,157.61,156.76,5869004
2022-02-16,PG,Procter & Gamble Co.,FMCG,157.53,159.08,155.04,155.3,154.45,7005266
2022-02-17,PG,Procter & Gamble Co.,FMCG,155.37,160.05,154.84,156.78,155.92,7033282
2022-02-18,PG,Procter & Gamble Co.,FMCG,157.33,159.1,153.64,154.29,153.43,7024156
2022-02-21,PG,Procter & Gamble Co.,FMCG,154.29,155.28,153.64,154.67,153.8,3530531
2022-02-22,PG,Procter & Gamble Co.,FMCG,154.51,156.52,153.06,155.92,155.03,7567941
2022-02-23,PG,Procter & Gamble Co.,FMCG,155.9,156.12,152.57,153.97,153.09,6137983
2022-02-24,PG,Procter & Gamble Co.,FMCG,153.38,153.84,151.98,152.76,151.88,6843372
2022-02-25,PG,Procter & Gamble Co.,FMCG,152.52,156.09,151.06,154.44,153.54,4882002
2022-02-28,PG,Procter & Gamble Co.,FMCG,154.95,155.7,152.48,155.2,154.29,6226179
2022-03-01,PG,Procter & Gamble Co.,FMCG,155.89,156.94,153.65,154.4,153.48,6198666
2022-03-02,PG,Procter & Gamble Co.,FMCG,154.29,156.99,153.01,156.08,155.15,9202828
2022-03-03,PG,Procter & Gamble Co.,FMCG,156.47,158.03,156.21,157.79,156.84,5257649
2022-03-04,PG,Procter & Gamble Co.,FMCG,157.57,159.57,155.99,158.2,157.24,10421168
2022-03-07,PG,Procter & Gamble Co.,FMCG,158.36,158.86,156.35,156.99,156.03,7306999
2022-03-08,PG,Procter & Gamble Co.,FMCG,156.73,157.31,156.38,156.45,155.49,6563724
2022-03-09,PG,Procter & Gamble Co.,FMCG,156.85,157.09,155.17,156.88,155.91,7228676
2022-03-10,PG,Procter & Gamble Co.,FMCG,156.47,157.52,155.94,156.66,155.68,5729639
2022-03-11,PG,Procter & Gamble Co.,FMCG,156.55,158.24,154.67,158.0,157.0,7688194
2022-03-14,PG,Procter & Gamble Co.,FMCG,158.46,159.57,155.82,155.92,154.93,7040500
2022-03-15,PG,Procter & Gamble Co.,FMCG,156.24,157.68,153.73,153.92,152.93,7002779
2022-03-16,PG,Procter & Gamble Co.,FMCG,154.85,154.93,152.97,154.2,153.2,7297884
2022-03-17,PG,Procter & Gamble Co.,FMCG,154.59,155.78,150.92,153.57,152.57,10573383
2022-03-18,PG,Procter & Gamble Co.,FMCG,153.3,154.84,152.71,152.76,151.75,7411267
2022-03-21,PG,Procter & Gamble Co.,FMCG,152.72,152.82,148.61,150.43,149.44,6562955
2022-03-22,PG,Procter & Gamble Co.,FMCG,150.85,151.48,149.31,150.49,149.49,4078645
2022-03-23,PG,Procter & Gamble Co.,FMCG,150.01,150.59,149.71,150.46,149.45,8210307
2022-03-24,PG,Procter & Gamble Co.,FMCG,151.19,152.99,150.98,151.37,150.34,7124353
2022-03-25,PG,Procter & Gamble Co.,FMCG,150.24,152.47,149.61,151.49,150.46,5129131
2022-03-28,PG,Procter & Gamble Co.,FMCG,151.15,152.8,149.52,151.35,150.31,8817254
2022-03-29,PG,Procter & Gamble Co.,FMCG,150.75,153.29,150.39,152.97,151.91,9114991
2022-03-30,PG,Procter & Gamble Co.,FMCG,152.94,152.97,151.09,151.24,150.19,11139944
2022-03-31,PG,Procter & Gamble Co.,FMCG,150.67,152.13,150.21,152.0,150.93,6636217
2022-04-01,PG,Procter & Gamble Co.,FMCG,152.05,152.49,148.35,149.81,148.75,3673401
2022-04-04,PG,Procter & Gamble Co.,FMCG,149.6,150.21,147.24,148.74,147.68,4951157
2022-04-05,PG,Procter & Gamble Co.,FMCG,148.46,150.16,142.86,147.19,146.14,6123099
2022-04-06,PG,Procter & Gamble Co.,FMCG,146.33,149.5,145.04,148.25,147.18,6802673
2022-04-07,PG,Procter & Gamble Co.,FMCG,148.3,148.72,147.64,148.2,147.12,6853852
2022-04-08,PG,Procter & Gamble Co.,FMCG,148.53,148.98,147.84,148.22,147.13,8375793
2022-04-11,PG,Procter & Gamble Co.,FMCG,148.37,150.12,145.84,146.81,145.73,5459663
2022-04-12,PG,Procter & Gamble Co.,FMCG,146.35,146.59,146.07,146.46,145.37,2655793
2022-04-13,PG,Procter & Gamble Co.,FMCG,146.64,148.46,144.44,145.51,144.42,6634027
2022-04-14,PG,Procter & Gamble Co.,FMCG,145.94,146.4,145.73,146.04,144.94,5578803
2022-04-15,PG,Procter & Gamble Co.,FMCG,146.32,148.29,141.93,144.8,143.7,6241965
2022-04-18,PG,Procter & Gamble Co.,FMCG,144.97,147.84,144.66,146.55,145.43,6469520
2022-04-19,PG,Procter & Gamble Co.,FMCG,146.07,148.0,143.38,144.43,143.32,8675597
2022-04-20,PG,Procter & Gamble Co.,FMCG,145.12,145.68,142.73,143.44,142.33,4873561
2022-04-21,PG,Procter & Gamble Co.,FMCG,143.37,146.62,141.88,145.61,144.48,6171293
2022-04-22,PG,Procter & Gamble Co.,FMCG,145.6,146.16,143.64,145.09,143.95,7738773
2022-04-25,PG,Procter & Gamble Co.,FMCG,145.39,145.96,143.29,143.45,142.32,10534395
2022-04-26,PG,Procter & Gamble Co.,FMCG,143.58,144.81,143.4,143.76,142.62,6058527
2022-04-27,PG,Procter & Gamble Co.,FMCG,143.48,144.43,141.58,143.2,142.05,9581201
2022-04-28,PG,Procter & Gamble Co.,FMCG,142.86,143.77,141.76,142.18,141.03,7163051
2022-04-29,PG,Procter & Gamble Co.,FMCG,142.46,143.81,138.44,140.84,139.7,8219746
2022-05-02,PG,Procter & Gamble Co.,FMCG,140.84,146.61,137.55,144.36,143.18,6772541
2022-05-03,PG,Procter & Gamble Co.,FMCG,144.45,145.87,143.58,144.07,142.89,8984845
2022-05-04,PG,Procter & Gamble Co.,FMCG,144.14,144.7,139.16,141.68,140.51,4007455
2022-05-05,PG,Procter & Gamble Co.,FMCG,141.12,145.21,140.87,143.6,142.4,9180569
2022-05-06,PG,Procter & Gamble Co.,FMCG,143.4,144.85,140.63,144.41,143.2,6573140
2022-05-09,PG,Procter & Gamble Co.,FMCG,144.53,146.37,140.63,143.47,142.26,7938188
2022-05-10,PG,Procter & Gamble Co.,FMCG,142.68,143.58,141.48,142.33,141.12,4766363
2022-05-11,PG,Procter & Gamble Co.,FMCG,142.17,143.25,140.94,143.21,141.99,6671347
2022-05-12,PG,Procter & Gamble Co.,FMCG,143.0,145.64,141.38,142.93,141.71,4365472
2022-05-13,PG,Procter & Gamble Co.,FMCG,142.79,142.84,139.73,140.56,139.35,9689455
2022-05-16,PG,Procter & Gamble Co.,FMCG,140.63,143.33,140.61,142.82,141.59,5365836
2022-05-17,PG,Procter & Gamble Co.,FMCG,142.99,143.53,141.72,142.31,141.07,6216905
2022-05-18,PG,Procter & Gamble Co.,FMCG,141.76,144.42,140.19,144.24,142.97,9364661
2022-05-19,PG,Procter & Gamble Co.,FMCG,143.42,146.4,142.92,145.91,144.62,5228056
2022-05-20,PG,Procter & Gamble Co.,FMCG,144.66,144.92,143.9,144.66,143.38,5063188
2022-05-23,PG,Procter & Gamble Co.,FMCG,144.94,147.1,144.78,146.02,144.72,5512542
2022-05-24,PG,Procter & Gamble Co.,FMCG,145.87,146.43,144.86,145.22,143.91,6447054
2022-05-25,PG,Procter & Gamble Co.,FMCG,145.2,146.63,142.76,142.88,141.59,7585873
2022-05-26,PG,Procter & Gamble Co.,FMCG,143.29,143.38,139.49,142.38,141.09,9258540
2022-05-27,PG,Procter & Gamble Co.,FMCG,142.85,143.38,140.5,142.91,141.61,9801548
2022-05-30,PG,Procter & Gamble Co.,FMCG,143.27,145.82,141.94,142.36,141.06,10618271
2022-05-31,PG,Procter & Gamble Co.,FMCG,142.67,143.77,140.33,142.01,140.7,10589422
2022-06-01,PG,Procter & Gamble Co.,FMCG,142.1,145.79,140.59,143.49,142.16,6870887
2022-06-02,PG,Procter & Gamble Co.,FMCG,143.58,144.45,142.72,143.66,142.32,9844611
2022-06-03,PG,Procter & Gamble Co.,FMCG,144.01,144.18,141.46,142.63,141.29,8019704
2022-06-06,PG,Procter & Gamble Co.,FMCG,142.51,143.93,141.78,143.55,142.19,7098450
2022-06-07,PG,Procter & Gamble Co.,FMCG,143.71,143.96,142.68,143.83,142.47,7698761
2022-06-08,PG,Procter & Gamble Co.,FMCG,143.77,143.83,138.94,140.7,139.36,5977945
2022-06-09,PG,Procter & Gamble Co.,FMCG,140.89,141.32,139.14,141.27,139.91,7771877
2022-06-10,PG,Procter & Gamble Co.,FMCG,140.86,141.87,140.7,141.79,140.43,6172465
2022-06-13,PG,Procter & Gamble Co.,FMCG,141.66,143.39,140.31,141.85,140.48,782341
2022-06-14,PG,Procter & Gamble Co.,FMCG,141.82,144.28,141.52,143.0,141.61,4992556
2022-06-15,PG,Procter & Gamble Co.,FMCG,142.9,143.16,141.87,142.19,140.8,7507519
2022-06-16,PG,Procter & Gamble Co.,FMCG,141.65,143.44,141.3,142.65,141.25,9961638
2022-06-17,PG,Procter & Gamble Co.,FMCG,142.56,143.03,140.27,140.72,139.33,5871698
2022-06-20,PG,Procter & Gamble Co.,FMCG,140.3,142.08,139.73,141.26,139.86,6313772
2022-06-21,PG,Procter & Gamble Co.,FMCG,141.19,144.68,140.84,143.75,142.32,9091943
2022-06-22,PG,Procter & Gamble Co.,FMCG,144.1,144.28,142.18,142.53,141.1,5535403
2022-06-23,PG,Procter & Gamble Co.,FMCG,142.24,143.84,140.92,141.61,140.18,6179411
2022-06-24,PG,Procter & Gamble Co.,FMCG,141.79,141.8,140.4,140.76,139.34,6909854
2022-06-27,PG,Procter & Gamble Co.,FMCG,141.31,142.45,140.55,140.96,139.52,7523893
2022-06-28,PG,Procter & Gamble Co.,FMCG,140.47,141.44,138.82,139.68,138.25,9554315
2022-06-29,PG,Procter & Gamble Co.,FMCG,138.96,141.58,137.72,140.23,138.79,8307231
2022-06-30,PG,Procter & Gamble Co.,FMCG,139.87,141.99,139.04,141.31,139.85,5491918
2022-07-01,PG,Procter & Gamble Co.,FMCG,141.0,142.62,140.58,142.02,140.54,8507422
2022-07-04,PG,Procter & Gamble Co.,FMCG,142.08,142.12,139.12,139.85,138.39,6395079
2022-07-05,PG,Procter & Gamble Co.,FMCG,139.95,142.1,138.88,141.12,139.64,7393119
2022-07-06,PG,Procter & Gamble Co.,FMCG,141.02,142.99,140.64,142.32,140.82,4274054
2022-07-07,PG,Procter & Gamble Co.,FMCG,142.53,145.46,142.37,143.4,141.88,6880540
2022-07-08,PG,Procter & Gamble Co.,FMCG,143.37,143.98,143.05,143.91,142.38,4414565
2022-07-11,PG,Procter & Gamble Co.,FMCG,144.12,146.98,143.27,144.22,142.68,7741894
2022-07-12,PG,Procter & Gamble Co.,FMCG,143.92,148.22,141.73,145.58,144.01,10046163
2022-07-13,PG,Procter & Gamble Co.,FMCG,145.48,149.65,145.4,148.1,146.5,6537011
2022-07-14,PG,Procter & Gamble Co.,FMCG,147.64,147.99,145.32,146.9,145.31,4901246
2022-07-15,PG,Procter & Gamble Co.,FMCG,146.94,148.56,146.9,148.34,146.72,6494445
2022-07-18,PG,Procter & Gamble Co.,FMCG,148.13,152.1,147.12,148.26,146.64,4989506
2022-07-19,PG,Procter & Gamble Co.,FMCG,147.85,148.48,147.25,148.13,146.5,8917185
2022-07-20,PG,Procter & Gamble Co.,FMCG,148.36,149.1,144.02,146.17,144.55,5752677
2022-07-21,PG,Procter & Gamble Co.,FMCG,146.57,146.88,144.6,145.84,144.22,7050263
2022-07-22,PG,Procter & Gamble Co.,FMCG,145.55,145.91,144.46,144.59,142.98,1648048
2022-07-25,PG,Procter & Gamble Co.,FMCG,144.11,144.47,143.46,144.04,142.42,7429246
2022-07-26,PG,Procter & Gamble Co.,FMCG,144.26,144.73,141.94,142.68,141.08,8098423
2022-07-27,PG,Procter & Gamble Co.,FMCG,142.86,142.95,141.43,142.15,140.55,8444261
2022-07-28,PG,Procter & Gamble Co.,FMCG,142.77,143.39,141.2,141.68,140.07,8960690
2022-07-29,PG,Procter & Gamble Co.,FMCG,141.82,142.64,141.59,141.84,140.22,8014003
2022-08-01,PG,Procter & Gamble Co.,FMCG,141.67,142.46,139.7,139.86,138.26,9997454
2022-08-02,PG,Procter & Gamble Co.,FMCG,139.8,140.2,137.9,138.12,136.53,4719297
2022-08-03,PG,Procter & Gamble Co.,FMCG,138.05,139.04,137.74,138.6,137.0,4637520
2022-08-04,PG,Procter & Gamble Co.,FMCG,138.69,139.96,136.85,137.66,136.06,7091509
2022-08-05,PG,Procter & Gamble Co.,FMCG,137.74,139.95,137.1,139.0,137.38,8952059
2022-08-08,PG,Procter & Gamble Co.,FMCG,138.93,139.72,138.71,139.31,137.68,5794921
2022-08-09,PG,Procter & Gamble Co.,FMCG,139.04,140.3,137.89,140.1,138.45,8694914
2022-08-10,PG,Procter & Gamble Co.,FMCG,140.12,142.61,139.77,141.88,140.21,10054223
2022-08-11,PG,Procter & Gamble Co.,FMCG,141.46,142.09,139.81,141.53,139.85,8373656
2022-08-12,PG,Procter & Gamble Co.,FMCG,141.88,144.12,140.69,140.85,139.17,9792587
2022-08-15,PG,Procter & Gamble Co.,FMCG,140.95,142.87,140.09,141.97,140.27,3998202
2022-08-16,PG,Procter & Gamble Co.,FMCG,142.34,142.81,142.21,142.64,140.93,6129755
2022-08-17,PG,Procter & Gamble Co.,FMCG,142.9,143.01,142.02,142.44,140.72,7295063
2022-08-18,PG,Procter & Gamble Co.,FMCG,142.16,145.07,141.84,144.23,142.48,8453302
2022-08-19,PG,Procter & Gamble Co.,FMCG,144.18,145.88,143.31,144.0,142.25,6664168
2022-08-22,PG,Procter & Gamble Co.,FMCG,144.83,145.11,143.01,144.07,142.31,7033371
2022-08-23,PG,Procter & Gamble Co.,FMCG,145.05,146.38,142.95,144.14,142.37,5488704
2022-08-24,PG,Procter & Gamble Co.,FMCG,143.88,144.36,142.46,142.99,141.22,5429611
2022-08-25,PG,Procter & Gamble Co.,FMCG,142.49,144.74,141.58,143.12,141.35,9287854
2022-08-26,PG,Procter & Gamble Co.,FMCG,143.0,145.61,140.7,144.93,143.13,5625335
2022-08-29,PG,Procter & Gamble Co.,FMCG,145.3,146.76,145.22,145.53,143.72,5820410
2022-08-30,PG,Procter & Gamble Co.,FMCG,145.61,146.14,145.4,145.61,143.78,9803302
2022-08-31,PG,Procter & Gamble Co.,FMCG,145.21,146.11,144.67,145.43,143.6,9382013
2022-09-01,PG,Procter & Gamble Co.,FMCG,145.42,145.91,144.84,145.89,144.05,9923098
2022-09-02,PG,Procter & Gamble Co.,FMCG,145.83,146.99,145.58,146.9,145.03,5924897
2022-09-05,PG,Procter & Gamble Co.,FMCG,147.14,148.35,145.83,147.72,145.84,9197354
2022-09-06,PG,Procter & Gamble Co.,FMCG,148.4,148.98,145.74,147.33,145.44,7939637
2022-09-07,PG,Procter & Gamble Co.,FMCG,147.12,148.77,146.23,147.79,145.89,9933259
2022-09-08,PG,Procter & Gamble Co.,FMCG,147.67,148.48,147.29,148.45,146.53,6790320
2022-09-09,PG,Procter & Gamble Co.,FMCG,148.64,149.19,145.26,147.17,145.27,7566977
2022-09-12,PG,Procter & Gamble Co.,FMCG,147.41,148.86,145.88,147.42,145.51,5737750
2022-09-13,PG,Procter & Gamble Co.,FMCG,147.8,148.71,143.97,144.67,142.79,4791167
2022-09-14,PG,Procter & Gamble Co.,FMCG,144.83,146.49,143.4,145.33,143.42,6031700
2022-09-15,PG,Procter & Gamble Co.,FMCG,145.26,146.31,144.98,146.21,144.29,9622221
2022-09-16,PG,Procter & Gamble Co.,FMCG,145.71,148.47,144.77,147.21,145.27,5751220
2022-09-19,PG,Procter & Gamble Co.,FMCG,147.35,149.38,144.14,146.74,144.79,10334123
2022-09-20,PG,Procter & Gamble Co.,FMCG,146.62,147.58,146.45,147.17,145.21,8179997
2022-09-21,PG,Procter & Gamble Co.,FMCG,147.87,149.42,145.92,149.07,147.08,9053424
2022-09-22,PG,Procter & Gamble Co.,FMCG,147.84,152.69,146.57,150.97,148.95,6805629
2022-09-23,PG,Procter & Gamble Co.,FMCG,150.93,151.3,149.57,150.97,148.94,7931910
2022-09-26,PG,Procter & Gamble Co.,FMCG,150.7,151.59,149.27,151.19,149.15,6348909
2022-09-27,PG,Procter & Gamble Co.,FMCG,151.26,155.11,150.92,152.72,150.65,6780125
2022-09-28,PG,Procter & Gamble Co.,FMCG,152.77,153.87,150.15,150.74,148.69,8485746
2022-09-29,PG,Procter & Gamble Co.,FMCG,150.06,150.69,149.86,150.35,148.3,8364660
2022-09-30,PG,Procter & Gamble Co.,FMCG,150.2,154.25,148.29,152.17,150.08,7870914
2022-10-03,PG,Procter & Gamble Co.,FMCG,152.15,154.74,150.22,153.52,151.41,6968435
2022-10-04,PG,Procter & Gamble Co.,FMCG,153.23,154.75,152.32,154.06,151.93,7876315
2022-10-05,PG,Procter & Gamble Co.,FMCG,154.74,155.08,151.58,152.06,149.95,7895019
2022-10-06,PG,Procter & Gamble Co.,FMCG,152.26,153.77,151.86,152.03,149.92,8155382
2022-10-07,PG,Procter & Gamble Co.,FMCG,151.88,152.41,150.55,151.28,149.17,10423356
2022-10-10,PG,Procter & Gamble Co.,FMCG,151.24,153.21,146.58,151.76,149.63,11886670
2022-10-11,PG,Procter & Gamble Co.,FMCG,152.36,153.54,149.9,150.71,148.59,7136481
2022-10-12,PG,Procter & Gamble Co.,FMCG,150.01,150.16,149.28,149.39,147.28,6611504
2022-10-13,PG,Procter & Gamble Co.,FMCG,149.84,150.5,144.55,146.73,144.65,6882182
2022-10-14,PG,Procter & Gamble Co.,FMCG,147.18,148.68,147.04,148.36,146.25,9227265
2022-10-17,PG,Procter & Gamble Co.,FMCG,148.26,148.89,146.97,147.87,145.76,7002641
2022-10-18,PG,Procter & Gamble Co.,FMCG,147.11,148.63,145.92,148.11,145.99,6004166
2022-10-19,PG,Procter & Gamble Co.,FMCG,147.89,149.45,147.84,148.14,146.01,8682406
2022-10-20,PG,Procter & Gamble Co.,FMCG,148.21,149.66,145.17,146.79,144.67,10366249
2022-10-21,PG,Procter & Gamble Co.,FMCG,146.6,146.9,144.82,145.2,143.1,8433123
2022-10-24,PG,Procter & Gamble Co.,FMCG,144.91,145.43,143.39,143.96,141.87,10400708
2022-10-25,PG,Procter & Gamble Co.,FMCG,143.96,144.53,142.87,143.08,140.99,6817607
2022-10-26,PG,Procter & Gamble Co.,FMCG,142.57,143.97,142.12,143.57,141.47,5839187
2022-10-27,PG,Procter & Gamble Co.,FMCG,143.3,144.8,141.58,142.6,140.51,9651225
2022-10-28,PG,Procter & Gamble Co.,FMCG,142.48,146.46,140.01,144.85,142.72,3811439
2022-10-31,PG,Procter & Gamble Co.,FMCG,144.38,146.99,143.33,146.2,144.04,7154667
2022-11-01,PG,Procter & Gamble Co.,FMCG,146.4,148.47,142.86,147.29,145.1,5212836
2022-11-02,PG,Procter & Gamble Co.,FMCG,147.07,148.28,146.8,147.16,144.98,5359978
2022-11-03,PG,Procter & Gamble Co.,FMCG,147.03,150.17,145.53,149.18,146.95,6723698
2022-11-04,PG,Procter & Gamble Co.,FMCG,148.84,150.24,148.24,148.93,146.7,8113992
2022-11-07,PG,Procter & Gamble Co.,FMCG,149.37,149.48,147.7,148.92,146.68,7684936
2022-11-08,PG,Procter & Gamble Co.,FMCG,149.19,150.36,149.12,149.18,146.93,7614207
2022-11-09,PG,Procter & Gamble Co.,FMCG,149.31,150.33,148.38,150.14,147.87,5565793
2022-11-10,PG,Procter & Gamble Co.,FMCG,149.96,151.62,149.32,151.03,148.73,4645960
2022-11-11,PG,Procter & Gamble Co.,FMCG,151.59,151.83,149.68,150.43,148.14,13079982
2022-11-14,PG,Procter & Gamble Co.,FMCG,150.64,151.75,149.58,149.76,147.47,7269695
2022-11-15,PG,Procter & Gamble Co.,FMCG,150.34,150.73,149.99,150.64,148.33,6508325
2022-11-16,PG,Procter & Gamble Co.,FMCG,151.18,152.23,149.58,151.63,149.3,7985387
2022-11-17,PG,Procter & Gamble Co.,FMCG,151.1,152.13,149.19,151.14,148.81,7096091
2022-11-18,PG,Procter & Gamble Co.,FMCG,151.4,151.73,147.97,149.08,146.77,8363552
2022-11-21,PG,Procter & Gamble Co.,FMCG,149.47,150.14,148.77,148.84,146.53,6592008
2022-11-22,PG,Procter & Gamble Co.,FMCG,149.1,152.49,148.06,149.7,147.36,4699063
2022-11-23,PG,Procter & Gamble Co.,FMCG,149.24,152.41,148.95,152.14,149.76,5002703
2022-11-24,PG,Procter & Gamble Co.,FMCG,151.46,156.42,150.2,150.57,148.21,6813670
2022-11-25,PG,Procter & Gamble Co.,FMCG,150.07,152.43,147.7,150.05,147.68,6634296
2022-11-28,PG,Procter & Gamble Co.,FMCG,149.98,151.04,148.44,149.57,147.2,4692195
2022-11-29,PG,Procter & Gamble Co.,FMCG,149.14,153.62,148.48,151.4,149.0,7945304
2022-11-30,PG,Procter & Gamble Co.,FMCG,150.45,151.84,150.39,151.39,148.98,5691044
2022-12-01,PG,Procter & Gamble Co.,FMCG,151.33,152.06,149.0,150.22,147.82,7684121
2022-12-02,PG,Procter & Gamble Co.,FMCG,150.45,151.18,150.1,151.0,148.58,9475993
2022-12-05,PG,Procter & Gamble Co.,FMCG,150.77,151.52,148.13,150.5,148.08,7723956
2022-12-06,PG,Procter & Gamble Co.,FMCG,150.6,151.01,148.89,148.92,146.52,8819913
2022-12-07,PG,Procter & Gamble Co.,FMCG,148.88,149.08,147.13,147.78,145.4,6582636
2022-12-08,PG,Procter & Gamble Co.,FMCG,147.65,150.12,146.23,150.1,147.66,8075373
2022-12-09,PG,Procter & Gamble Co.,FMCG,150.08,150.95,149.68,150.64,148.19,3076380
2022-12-12,PG,Procter & Gamble Co.,FMCG,150.62,152.04,150.1,150.82,148.36,9388743
2022-12-13,PG,Procter & Gamble Co.,FMCG,149.75,150.56,148.57,150.53,148.06,6020829
2022-12-14,PG,Procter & Gamble Co.,FMCG,150.7,151.65,150.2,150.95,148.47,4850882
2022-12-15,PG,Procter & Gamble Co.,FMCG,150.47,152.13,149.35,151.36,148.87,3737089
2022-12-16,PG,Procter & Gamble Co.,FMCG,150.95,153.45,148.47,151.79,149.28,4637637
2022-12-19,PG,Procter & Gamble Co.,FMCG,152.21,152.73,151.59,151.98,149.46,5960784
2022-12-20,PG,Procter & Gamble Co.,FMCG,151.37,155.75,150.84,153.18,150.64,6906380
2022-12-21,PG,Procter & Gamble Co.,FMCG,152.89,155.05,152.64,153.25,150.7,6164076
2022-12-22,PG,Procter & Gamble Co.,FMCG,153.83,153.88,151.32,151.97,149.43,6251530
2022-12-23,PG,Procter & Gamble Co.,FMCG,152.34,152.36,150.83,151.19,148.65,6325678
2022-12-26,PG,Procter & Gamble Co.,FMCG,151.0,151.05,147.92,148.61,146.11,9544794
2022-12-27,PG,Procter & Gamble Co.,FMCG,148.45,152.21,148.25,151.32,148.77,7407776
2022-12-28,PG,Procter & Gamble Co.,FMCG,151.84,152.95,151.59,152.52,149.94,8623588
2022-12-29,PG,Procter & Gamble Co.,FMCG,152.21,153.13,149.48,151.44,148.87,10353164
2022-12-30,PG,Procter & Gamble Co.,FMCG,151.49,152.02,150.08,151.1,148.53,7614221
2023-01-02,PG,Procter & Gamble Co.,FMCG,151.85,152.91,148.09,150.29,147.72,6927933
2023-01-03,PG,Procter & Gamble Co.,FMCG,150.9,154.36,148.6,152.38,149.77,6836524
2023-01-04,PG,Procter & Gamble Co.,FMCG,152.78,154.32,149.39,150.52,147.94,5524512
2023-01-05,PG,Procter & Gamble Co.,FMCG,150.66,151.71,149.76,150.71,148.12,8527368
2023-01-06,PG,Procter & Gamble Co.,FMCG,151.35,151.94,149.15,150.6,148.0,8748419
2023-01-09,PG,Procter & Gamble Co.,FMCG,151.16,152.69,150.18,151.74,149.11,9300518
2023-01-10,PG,Procter & Gamble Co.,FMCG,151.95,152.25,150.66,151.64,149.0,7334967
2023-01-11,PG,Procter & Gamble Co.,FMCG,152.16,154.26,148.66,149.34,146.74,6579607
2023-01-12,PG,Procter & Gamble Co.,FMCG,150.09,151.89,147.32,149.05,146.44,7774257
2023-01-13,PG,Procter & Gamble Co.,FMCG,149.25,150.42,147.7,147.81,145.22,4915811
2023-01-16,PG,Procter & Gamble Co.,FMCG,147.86,149.43,145.86,147.95,145.35,8925005
2023-01-17,PG,Procter & Gamble Co.,FMCG,147.95,150.32,147.55,149.87,147.23,6080456
2023-01-18,PG,Procter & Gamble Co.,FMCG,150.43,151.09,147.59,147.62,145.01,5935935
2023-01-19,PG,Procter & Gamble Co.,FMCG,147.75,148.44,145.15,146.62,144.02,8973903
2023-01-20,PG,Procter & Gamble Co.,FMCG,146.45,146.96,144.96,145.94,143.35,5909217
2023-01-23,PG,Procter & Gamble Co.,FMCG,145.58,146.63,145.07,145.48,142.89,7043392
2023-01-24,PG,Procter & Gamble Co.,FMCG,145.37,146.49,144.3,146.47,143.85,4053756
2023-01-25,PG,Procter & Gamble Co.,FMCG,147.45,147.57,145.68,146.28,143.66,7130699
2023-01-26,PG,Procter & Gamble Co.,FMCG,146.03,147.98,145.93,146.86,144.21,6020306
2023-01-27,PG,Procter & Gamble Co.,FMCG,146.44,146.78,145.14,146.08,143.45,7550656
2023-01-30,PG,Procter & Gamble Co.,FMCG,146.01,147.41,142.1,146.41,143.77,7859659
2023-01-31,PG,Procter & Gamble Co.,FMCG,146.06,148.45,145.7,147.46,144.78,9300155
2023-02-01,PG,Procter & Gamble Co.,FMCG,147.61,147.8,145.45,146.54,143.88,10919176
2023-02-02,PG,Procter & Gamble Co.,FMCG,145.84,147.7,144.67,147.59,144.9,2718228
2023-02-03,PG,Procter & Gamble Co.,FMCG,148.17,151.68,147.16,147.69,144.99,8759074
2023-02-06,PG,Procter & Gamble Co.,FMCG,147.76,149.65,147.64,149.1,146.36,5938685
2023-02-07,PG,Procter & Gamble Co.,FMCG,148.27,151.36,143.39,148.87,146.13,7917797
2023-02-08,PG,Procter & Gamble Co.,FMCG,149.15,149.42,148.79,149.41,146.65,4379353
2023-02-09,PG,Procter & Gamble Co.,FMCG,150.24,150.63,146.93,149.39,146.63,3176751
2023-02-10,PG,Procter & Gamble Co.,FMCG,149.12,150.73,148.26,149.3,146.53,6085547
2023-02-13,PG,Procter & Gamble Co.,FMCG,149.62,151.1,149.04,149.67,146.89,7182561
2023-02-14,PG,Procter & Gamble Co.,FMCG,149.38,150.94,148.39,150.42,147.62,7590172
2023-02-15,PG,Procter & Gamble Co.,FMCG,148.93,150.2,146.78,148.81,146.03,3289258
2023-02-16,PG,Procter & Gamble Co.,FMCG,148.49,152.34,148.28,150.74,147.91,5683868
2023-02-17,PG,Procter & Gamble Co.,FMCG,150.13,151.84,148.25,148.32,145.53,9129220
2023-02-20,PG,Procter & Gamble Co.,FMCG,148.52,150.11,147.37,147.46,144.68,10120216
2023-02-21,PG,Procter & Gamble Co.,FMCG,147.22,149.06,146.69,147.38,144.59,6094305
2023-02-22,PG,Procter & Gamble Co.,FMCG,146.98,149.13,146.37,147.95,145.14,9416876
2023-02-23,PG,Procter & Gamble Co.,FMCG,148.09,152.52,145.82,150.05,147.2,7924496
2023-02-24,PG,Procter & Gamble Co.,FMCG,150.35,150.56,145.66,147.65,144.84,7022845
2023-02-27,PG,Procter & Gamble Co.,FMCG,148.09,149.66,146.63,147.03,144.22,8053938
2023-02-28,PG,Procter & Gamble Co.,FMCG,146.38,147.31,143.57,144.33,141.56,7185531
2023-03-01,PG,Procter & Gamble Co.,FMCG,144.23,144.64,143.13,144.4,141.63,6353563
2023-03-02,PG,Procter & Gamble Co.,FMCG,143.91,145.7,143.12,144.78,142.0,6480073
2023-03-03,PG,Procter & Gamble Co.,FMCG,144.81,147.66,143.98,146.86,144.03,5145845
2023-03-06,PG,Procter & Gamble Co.,FMCG,147.82,147.99,145.98,147.06,144.21,7421847
2023-03-07,PG,Procter & Gamble Co.,FMCG,147.26,149.89,147.11,148.45,145.57,6966991
2023-03-08,PG,Procter & Gamble Co.,FMCG,148.41,149.83,147.62,149.25,146.35,6625253
2023-03-09,PG,Procter & Gamble Co.,FMCG,149.79,150.15,146.71,148.72,145.82,8163376
2023-03-10,PG,Procter & Gamble Co.,FMCG,149.3,149.6,146.51,146.92,144.04,9428996
2023-03-13,PG,Procter & Gamble Co.,FMCG,146.61,147.81,146.32,147.31,144.42,7122772
2023-03-14,PG,Procter & Gamble Co.,FMCG,147.63,147.84,145.3,145.42,142.56,5079346
2023-03-15,PG,Procter & Gamble Co.,FMCG,145.37,147.13,144.16,147.12,144.22,3534528
2023-03-16,PG,Procter & Gamble Co.,FMCG,147.41,147.74,146.11,146.95,144.04,6837595
2023-03-17,PG,Procter & Gamble Co.,FMCG,147.57,148.86,146.8,148.54,145.6,6856271
2023-03-20,PG,Procter & Gamble Co.,FMCG,148.3,149.02,145.93,147.95,145.01,7730737
2023-03-21,PG,Procter & Gamble Co.,FMCG,147.75,150.01,147.04,148.33,145.38,4208152
2023-03-22,PG,Procter & Gamble Co.,FMCG,148.93,149.47,148.26,148.64,145.68,6559674
2023-03-23,PG,Procter & Gamble Co.,FMCG,148.31,151.34,147.21,148.62,145.64,10112741
2023-03-24,PG,Procter & Gamble Co.,FMCG,148.03,150.53,147.98,148.09,145.12,10007530
2023-03-27,PG,Procter & Gamble Co.,FMCG,148.95,149.96,147.83,148.64,145.65,5542476
2023-03-28,PG,Procter & Gamble Co.,FMCG,148.15,150.34,146.41,147.47,144.49,9564010
2023-03-29,PG,Procter & Gamble Co.,FMCG,147.38,148.66,145.34,145.94,142.98,7217095
2023-03-30,PG,Procter & Gamble Co.,FMCG,146.19,148.94,145.66,147.58,144.59,5098153
2023-03-31,PG,Procter & Gamble Co.,FMCG,147.77,149.45,147.13,148.56,145.54,10025378
2023-04-03,PG,Procter & Gamble Co.,FMCG,148.56,149.59,147.52,148.69,145.66,7310611
2023-04-04,PG,Procter & Gamble Co.,FMCG,149.81,150.94,149.48,150.92,147.84,10375405
2023-04-05,PG,Procter & Gamble Co.,FMCG,150.96,152.01,149.74,150.6,147.52,6470882
2023-04-06,PG,Procter & Gamble Co.,FMCG,150.68,154.05,148.62,152.41,149.28,2890170
2023-04-07,PG,Procter & Gamble Co.,FMCG,152.32,152.94,151.31,152.68,149.53,6175313
2023-04-10,PG,Procter & Gamble Co.,FMCG,153.17,153.46,150.11,151.34,148.22,6294313
2023-04-11,PG,Procter & Gamble Co.,FMCG,151.35,155.11,150.55,153.86,150.68,5042180
2023-04-12,PG,Procter & Gamble Co.,FMCG,153.97,155.33,151.31,155.25,152.03,7606425
2023-04-13,PG,Procter & Gamble Co.,FMCG,155.44,155.5,154.28,155.12,151.9,5885818
2023-04-14,PG,Procter & Gamble Co.,FMCG,155.29,156.67,153.13,156.16,152.9,6649378
2023-04-17,PG,Procter & Gamble Co.,FMCG,156.03,156.91,155.35,155.64,152.39,7998395
2023-04-18,PG,Procter & Gamble Co.,FMCG,155.09,156.85,154.48,156.82,153.54,6782842
2023-04-19,PG,Procter & Gamble Co.,FMCG,156.67,158.06,152.73,153.58,150.36,2838063
2023-04-20,PG,Procter & Gamble Co.,FMCG,153.34,153.68,152.03,152.25,149.04,6403769
2023-04-21,PG,Procter & Gamble Co.,FMCG,152.36,155.17,151.46,153.6,150.36,5823072
2023-04-24,PG,Procter & Gamble Co.,FMCG,154.46,154.75,150.34,153.3,150.06,7977862
2023-04-25,PG,Procter & Gamble Co.,FMCG,152.57,153.67,151.93,153.62,150.36,8938892
2023-04-26,PG,Procter & Gamble Co.,FMCG,153.69,153.91,150.7,151.84,148.62,5013234
2023-04-27,PG,Procter & Gamble Co.,FMCG,151.95,155.0,151.57,154.37,151.09,7917399
2023-04-28,PG,Procter & Gamble Co.,FMCG,154.77,156.26,153.77,156.04,152.71,6105622
2023-05-01,PG,Procter & Gamble Co.,FMCG,156.07,157.64,155.25,155.8,152.47,8502851
2023-05-02,PG,Procter & Gamble Co.,FMCG,155.25,155.77,154.13,155.28,151.95,6323329
2023-05-03,PG,Procter & Gamble Co.,FMCG,155.39,157.5,154.65,156.74,153.37,8025822
2023-05-04,PG,Procter & Gamble Co.,FMCG,157.1,160.67,154.21,159.54,156.1,8772267
2023-05-05,PG,Procter & Gamble Co.,FMCG,159.87,161.52,158.75,160.93,157.45,7036223
2023-05-08,PG,Procter & Gamble Co.,FMCG,160.3,164.95,158.15,164.08,160.52,5515070
2023-05-09,PG,Procter & Gamble Co.,FMCG,163.56,166.77,160.94,162.79,159.25,3570250
2023-05-10,PG,Procter & Gamble Co.,FMCG,162.76,164.11,161.27,161.65,158.14,5500345
2023-05-11,PG,Procter & Gamble Co.,FMCG,162.11,163.82,157.91,160.0,156.52,7373357
2023-05-12,PG,Procter & Gamble Co.,FMCG,159.23,160.74,157.88,160.67,157.16,7693099
2023-05-15,PG,Procter & Gamble Co.,FMCG,159.52,161.34,159.48,160.96,157.43,6656225
2023-05-16,PG,Procter & Gamble Co.,FMCG,160.79,161.49,159.34,160.78,157.25,7366267
2023-05-17,PG,Procter & Gamble Co.,FMCG,160.18,165.84,158.91,161.97,158.4,6904312
2023-05-18,PG,Procter & Gamble Co.,FMCG,161.37,164.57,160.5,163.78,160.16,7139254
2023-05-19,PG,Procter & Gamble Co.,FMCG,164.16,164.23,160.47,161.63,158.05,9026362
2023-05-22,PG,Procter & Gamble Co.,FMCG,161.68,162.15,159.51,160.82,157.25,6268927
2023-05-23,PG,Procter & Gamble Co.,FMCG,160.41,163.21,160.08,162.02,158.42,5288641
2023-05-24,PG,Procter & Gamble Co.,FMCG,161.99,163.48,159.02,161.39,157.8,6409968
2023-05-25,PG,Procter & Gamble Co.,FMCG,161.38,164.2,155.67,160.3,156.72,7925703
2023-05-26,PG,Procter & Gamble Co.,FMCG,160.08,162.48,159.18,161.79,158.17,7034198
2023-05-29,PG,Procter & Gamble Co.,FMCG,161.56,162.27,158.72,159.99,156.41,7895914
2023-05-30,PG,Procter & Gamble Co.,FMCG,159.77,161.16,158.9,159.61,156.02,4970336
2023-05-31,PG,Procter & Gamble Co.,FMCG,160.64,161.93,159.29,160.11,156.5,4570629
2023-06-01,PG,Procter & Gamble Co.,FMCG,160.36,161.51,158.71,159.34,155.74,6528498
2023-06-02,PG,Procter & Gamble Co.,FMCG,158.35,162.04,156.74,160.48,156.85,10022244
2023-06-05,PG,Procter & Gamble Co.,FMCG,159.49,160.72,158.98,159.72,156.1,8831556
2023-06-06,PG,Procter & Gamble Co.,FMCG,159.52,163.4,157.74,161.75,158.08,7376823
2023-06-07,PG,Procter & Gamble Co.,FMCG,161.82,163.23,159.97,161.61,157.93,6977902
2023-06-08,PG,Procter & Gamble Co.,FMCG,161.73,164.22,160.5,162.61,158.9,7315277
2023-06-09,PG,Procter & Gamble Co.,FMCG,162.3,164.33,161.71,163.72,159.98,7893247
2023-06-12,PG,Procter & Gamble Co.,FMCG,164.36,164.76,162.3,162.86,159.12,10665425
2023-06-13,PG,Procter & Gamble Co.,FMCG,163.18,163.19,159.55,159.97,156.3,10017562
2023-06-14,PG,Procter & Gamble Co.,FMCG,160.28,160.82,157.99,160.52,156.82,7386151
2023-06-15,PG,Procter & Gamble Co.,FMCG,160.33,161.61,159.71,160.66,156.95,9224697
2023-06-16,PG,Procter & Gamble Co.,FMCG,159.8,163.79,159.62,161.49,157.75,6632367
2023-06-19,PG,Procter & Gamble Co.,FMCG,161.8,162.92,160.95,161.21,157.47,4056477
2023-06-20,PG,Procter & Gamble Co.,FMCG,160.81,161.01,160.61,160.63,156.9,4772140
2023-06-21,PG,Procter & Gamble Co.,FMCG,160.47,163.75,157.6,163.54,159.73,7200202
2023-06-22,PG,Procter & Gamble Co.,FMCG,163.4,164.74,160.59,161.47,157.7,7387740
2023-06-23,PG,Procter & Gamble Co.,FMCG,161.4,162.75,160.86,162.56,158.76,5633469
2023-06-26,PG,Procter & Gamble Co.,FMCG,162.21,162.9,160.69,161.78,157.98,3550904
2023-06-27,PG,Procter & Gamble Co.,FMCG,161.34,164.49,160.83,161.34,157.55,5122729
2023-06-28,PG,Procter & Gamble Co.,FMCG,161.49,162.89,159.44,160.92,157.14,5240710
2023-06-29,PG,Procter & Gamble Co.,FMCG,160.43,160.84,158.05,159.83,156.06,6365332
2023-06-30,PG,Procter & Gamble Co.,FMCG,160.12,161.61,159.45,160.67,156.87,6224272
2023-07-03,PG,Procter & Gamble Co.,FMCG,159.61,164.07,158.32,162.69,158.84,8260377
2023-07-04,PG,Procter & Gamble Co.,FMCG,162.28,166.95,160.23,163.41,159.53,8443274
2023-07-05,PG,Procter & Gamble Co.,FMCG,162.76,166.42,161.57,163.6,159.7,5757366
2023-07-06,PG,Procter & Gamble Co.,FMCG,163.56,163.64,160.24,162.22,158.35,5204720
2023-07-07,PG,Procter & Gamble Co.,FMCG,163.2,165.44,162.62,163.0,159.1,3422841
2023-07-10,PG,Procter & Gamble Co.,FMCG,162.62,168.15,162.62,166.17,162.19,8996884
2023-07-11,PG,Procter & Gamble Co.,FMCG,166.14,166.57,164.01,165.65,161.67,7736582
2023-07-12,PG,Procter & Gamble Co.,FMCG,165.46,166.49,164.49,165.14,161.17,8403591
2023-07-13,PG,Procter & Gamble Co.,FMCG,165.26,166.3,163.62,164.37,160.4,5814747
2023-07-14,PG,Procter & Gamble Co.,FMCG,164.44,164.71,163.22,163.7,159.74,8087553
2023-07-17,PG,Procter & Gamble Co.,FMCG,163.72,165.04,159.35,159.82,155.95,9666225
2023-07-18,PG,Procter & Gamble Co.,FMCG,160.14,160.96,159.67,160.43,156.54,6597419
2023-07-19,PG,Procter & Gamble Co.,FMCG,160.17,162.23,159.27,159.28,155.4,3109908
2023-07-20,PG,Procter & Gamble Co.,FMCG,159.79,160.24,155.59,157.07,153.24,5157729
2023-07-21,PG,Procter & Gamble Co.,FMCG,157.66,159.77,156.9,158.15,154.29,5907465
2023-07-24,PG,Procter & Gamble Co.,FMCG,158.71,159.45,155.58,156.69,152.85,7559012
2023-07-25,PG,Procter & Gamble Co.,FMCG,156.78,158.06,156.15,156.26,152.43,6718293
2023-07-26,PG,Procter & Gamble Co.,FMCG,156.03,158.48,154.57,158.33,154.44,7516889
2023-07-27,PG,Procter & Gamble Co.,FMCG,158.18,160.5,152.08,156.41,152.56,7450925
2023-07-28,PG,Procter & Gamble Co.,FMCG,156.14,156.55,153.65,154.35,150.54,6486649
2023-07-31,PG,Procter & Gamble Co.,FMCG,154.56,158.07,153.37,154.75,150.93,3968792
2023-08-01,PG,Procter & Gamble Co.,FMCG,154.46,157.08,153.76,156.37,152.49,9081912
2023-08-02,PG,Procter & Gamble Co.,FMCG,156.93,158.92,154.16,154.25,150.42,9001684
2023-08-03,PG,Procter & Gamble Co.,FMCG,154.02,154.94,152.54,154.84,150.99,8172422
2023-08-04,PG,Procter & Gamble Co.,FMCG,154.59,156.54,153.83,155.67,151.79,3362195
2023-08-07,PG,Procter & Gamble Co.,FMCG,155.74,156.72,152.79,152.91,149.09,8810546
2023-08-08,PG,Procter & Gamble Co.,FMCG,152.98,154.29,151.84,154.02,150.17,10701854
2023-08-09,PG,Procter & Gamble Co.,FMCG,153.83,157.26,153.14,155.26,151.36,5244399
2023-08-10,PG,Procter & Gamble Co.,FMCG,155.31,155.8,153.5,154.87,150.98,9027580
2023-08-11,PG,Procter & Gamble Co.,FMCG,155.52,157.78,155.05,156.62,152.68,5738810
2023-08-14,PG,Procter & Gamble Co.,FMCG,156.46,159.5,155.43,158.24,154.25,7408713
2023-08-15,PG,Procter & Gamble Co.,FMCG,158.21,159.3,157.09,158.42,154.42,8150727
2023-08-16,PG,Procter & Gamble Co.,FMCG,158.15,158.96,155.06,157.83,153.83,9943012
2023-08-17,PG,Procter & Gamble Co.,FMCG,158.01,158.94,156.15,156.52,152.55,7818864
2023-08-18,PG,Procter & Gamble Co.,FMCG,155.74,158.22,155.38,156.5,152.53,8120984
2023-08-21,PG,Procter & Gamble Co.,FMCG,156.85,158.55,154.87,157.33,153.32,6690446
2023-08-22,PG,Procter & Gamble Co.,FMCG,156.94,157.39,156.83,156.92,152.91,5408938
2023-08-23,PG,Procter & Gamble Co.,FMCG,156.98,157.38,151.41,153.94,150.01,8640294
2023-08-24,PG,Procter & Gamble Co.,FMCG,153.88,156.23,153.38,155.71,151.72,6309847
2023-08-25,PG,Procter & Gamble Co.,FMCG,155.58,156.62,155.0,156.01,152.01,8441368
2023-08-28,PG,Procter & Gamble Co.,FMCG,155.64,155.85,155.48,155.53,151.53,5817921
2023-08-29,PG,Procter & Gamble Co.,FMCG,154.97,156.77,153.91,156.75,152.7,9696551
2023-08-30,PG,Procter & Gamble Co.,FMCG,156.36,159.7,156.28,158.9,154.8,5998903
2023-08-31,PG,Procter & Gamble Co.,FMCG,158.97,160.37,154.23,155.06,151.05,5950399
2023-09-01,PG,Procter & Gamble Co.,FMCG,155.45,156.03,154.66,155.7,151.66,8332758
2023-09-04,PG,Procter & Gamble Co.,FMCG,155.97,156.48,153.07,153.79,149.79,7592251
2023-09-05,PG,Procter & Gamble Co.,FMCG,154.59,154.73,152.95,154.5,150.48,7819263
2023-09-06,PG,Procter & Gamble Co.,FMCG,154.82,157.43,154.66,154.71,150.68,6586353
2023-09-07,PG,Procter & Gamble Co.,FMCG,154.32,155.88,153.19,155.62,151.55,6016213
2023-09-08,PG,Procter & Gamble Co.,FMCG,155.58,156.66,154.85,154.97,150.91,5754135
2023-09-11,PG,Procter & Gamble Co.,FMCG,155.5,156.54,152.24,152.47,148.47,10212205
2023-09-12,PG,Procter & Gamble Co.,FMCG,152.4,153.19,151.04,151.9,147.91,7214337
2023-09-13,PG,Procter & Gamble Co.,FMCG,150.95,153.44,150.04,152.48,148.47,5494590
2023-09-14,PG,Procter & Gamble Co.,FMCG,151.73,154.41,151.47,153.89,149.83,6370412
2023-09-15,PG,Procter & Gamble Co.,FMCG,154.73,155.55,152.09,152.35,148.32,9311344
2023-09-18,PG,Procter & Gamble Co.,FMCG,152.28,154.59,152.05,153.77,149.7,7848851
2023-09-19,PG,Procter & Gamble Co.,FMCG,154.16,154.49,152.31,152.93,148.87,5711258
2023-09-20,PG,Procter & Gamble Co.,FMCG,152.96,153.87,151.96,153.46,149.37,8694976
2023-09-21,PG,Procter & Gamble Co.,FMCG,154.33,155.11,152.56,152.8,148.73,7556701
2023-09-22,PG,Procter & Gamble Co.,FMCG,152.72,154.21,152.32,153.09,149.0,6466605
2023-09-25,PG,Procter & Gamble Co.,FMCG,153.12,154.84,152.02,154.33,150.2,5867440
2023-09-26,PG,Procter & Gamble Co.,FMCG,153.74,155.93,152.15,152.71,148.61,4801353
2023-09-27,PG,Procter & Gamble Co.,FMCG,152.19,152.52,149.49,151.83,147.75,7988428
2023-09-28,PG,Procter & Gamble Co.,FMCG,151.62,152.63,150.52,152.12,148.02,6969610
2023-09-29,PG,Procter & Gamble Co.,FMCG,151.69,157.01,149.46,155.41,151.22,5261797
2023-10-02,PG,Procter & Gamble Co.,FMCG,155.34,155.72,154.01,154.27,150.1,7246495
2023-10-03,PG,Procter & Gamble Co.,FMCG,154.04,159.3,152.52,157.11,152.85,7571252
2023-10-04,PG,Procter & Gamble Co.,FMCG,157.17,160.21,156.84,159.95,155.61,5550643
2023-10-05,PG,Procter & Gamble Co.,FMCG,160.01,160.58,157.94,159.85,155.5,6573666
2023-10-06,PG,Procter & Gamble Co.,FMCG,159.79,160.45,156.68,159.46,155.13,7461519
2023-10-09,PG,Procter & Gamble Co.,FMCG,159.33,159.35,157.27,158.53,154.21,8261071
2023-10-10,PG,Procter & Gamble Co.,FMCG,158.58,159.08,158.33,158.47,154.15,9868343
2023-10-11,PG,Procter & Gamble Co.,FMCG,158.74,159.03,154.78,156.56,152.27,7919323
2023-10-12,PG,Procter & Gamble Co.,FMCG,156.14,156.67,155.87,156.49,152.2,8393523
2023-10-13,PG,Procter & Gamble Co.,FMCG,156.3,158.61,155.76,158.61,154.25,4253893
2023-10-16,PG,Procter & Gamble Co.,FMCG,158.84,160.57,156.23,157.79,153.45,7166694
2023-10-17,PG,Procter & Gamble Co.,FMCG,157.67,158.84,157.38,157.5,153.15,7005756
2023-10-18,PG,Procter & Gamble Co.,FMCG,157.28,157.89,154.41,155.19,150.9,8151927
2023-10-19,PG,Procter & Gamble Co.,FMCG,154.77,156.58,154.75,155.74,151.43,7000573
2023-10-20,PG,Procter & Gamble Co.,FMCG,155.51,158.7,154.5,156.14,151.81,9937874
2023-10-23,PG,Procter & Gamble Co.,FMCG,155.76,158.11,154.55,156.26,151.92,5453612
2023-10-24,PG,Procter & Gamble Co.,FMCG,155.96,156.35,155.55,156.0,151.66,8370107
2023-10-25,PG,Procter & Gamble Co.,FMCG,156.28,156.56,154.62,155.64,151.3,7914557
2023-10-26,PG,Procter & Gamble Co.,FMCG,154.98,156.89,154.61,156.37,152.0,6529010
2023-10-27,PG,Procter & Gamble Co.,FMCG,156.35,156.38,156.34,156.36,151.99,4981036
2023-10-30,PG,Procter & Gamble Co.,FMCG,155.76,157.44,155.49,156.84,152.44,6872703
2023-10-31,PG,Procter & Gamble Co.,FMCG,156.69,158.07,156.33,157.17,152.76,7959985
2023-11-01,PG,Procter & Gamble Co.,FMCG,157.02,159.54,155.11,158.77,154.31,6227530
2023-11-02,PG,Procter & Gamble Co.,FMCG,158.51,160.78,157.03,159.76,155.26,9806528
2023-11-03,PG,Procter & Gamble Co.,FMCG,159.74,160.65,158.39,160.07,155.55,5428711
2023-11-06,PG,Procter & Gamble Co.,FMCG,159.88,162.43,157.3,162.27,157.68,5741360
2023-11-07,PG,Procter & Gamble Co.,FMCG,162.29,163.39,160.4,162.91,158.3,8551800
2023-11-08,PG,Procter & Gamble Co.,FMCG,162.39,165.82,158.9,164.84,160.16,9641276
2023-11-09,PG,Procter & Gamble Co.,FMCG,164.49,169.07,164.3,165.76,161.05,6807654
2023-11-10,PG,Procter & Gamble Co.,FMCG,166.27,166.89,162.55,163.13,158.48,8545071
2023-11-13,PG,Procter & Gamble Co.,FMCG,163.29,165.73,159.53,165.06,160.35,9045969
2023-11-14,PG,Procter & Gamble Co.,FMCG,164.69,167.39,162.56,165.29,160.57,7135736
2023-11-15,PG,Procter & Gamble Co.,FMCG,165.51,165.54,165.02,165.26,160.52,8752780
2023-11-16,PG,Procter & Gamble Co.,FMCG,165.63,166.56,165.58,165.71,160.95,5712077
2023-11-17,PG,Procter & Gamble Co.,FMCG,165.69,166.33,165.07,165.24,160.49,5091431
2023-11-20,PG,Procter & Gamble Co.,FMCG,164.54,166.02,161.91,165.61,160.84,10472685
2023-11-21,PG,Procter & Gamble Co.,FMCG,165.57,166.83,164.55,164.79,160.04,10418890
2023-11-22,PG,Procter & Gamble Co.,FMCG,164.81,167.57,164.24,166.69,161.88,4389706
2023-11-23,PG,Procter & Gamble Co.,FMCG,166.6,169.23,165.7,166.56,161.74,3101885
2023-11-24,PG,Procter & Gamble Co.,FMCG,166.95,169.96,163.74,166.04,161.23,9446893
2023-11-27,PG,Procter & Gamble Co.,FMCG,165.44,165.84,162.7,164.73,159.95,8383627
2023-11-28,PG,Procter & Gamble Co.,FMCG,165.08,167.0,164.19,165.16,160.36,7851790
2023-11-29,PG,Procter & Gamble Co.,FMCG,165.43,165.54,165.2,165.48,160.65,6757335
2023-11-30,PG,Procter & Gamble Co.,FMCG,165.45,166.86,162.96,166.08,161.23,6795961
2023-12-01,PG,Procter & Gamble Co.,FMCG,166.14,166.25,163.81,164.63,159.81,5526498
2023-12-04,PG,Procter & Gamble Co.,FMCG,164.28,165.46,161.46,162.36,157.6,8869708
2023-12-05,PG,Procter & Gamble Co.,FMCG,162.44,163.4,162.23,163.29,158.5,9975392
2023-12-06,PG,Procter & Gamble Co.,FMCG,163.65,168.51,163.48,165.48,160.62,9110094
2023-12-07,PG,Procter & Gamble Co.,FMCG,165.44,165.53,163.15,164.03,159.2,6404746
2023-12-08,PG,Procter & Gamble Co.,FMCG,163.15,168.68,162.3,166.39,161.48,6668820
2023-12-11,PG,Procter & Gamble Co.,FMCG,166.61,167.57,166.03,166.85,161.91,5005734
2023-12-12,PG,Procter & Gamble Co.,FMCG,167.18,171.21,165.92,166.87,161.93,6519393
2023-12-13,PG,Procter & Gamble Co.,FMCG,167.26,170.11,165.65,166.33,161.4,2255489
2023-12-14,PG,Procter & Gamble Co.,FMCG,165.94,167.96,164.04,164.35,159.47,5269350
2023-12-15,PG,Procter & Gamble Co.,FMCG,164.33,167.47,162.12,165.83,160.89,10566882
2023-12-18,PG,Procter & Gamble Co.,FMCG,166.59,168.26,162.44,164.74,159.83,6271872
2023-12-19,PG,Procter & Gamble Co.,FMCG,164.66,164.87,162.15,163.65,158.76,9893354
2023-12-20,PG,Procter & Gamble Co.,FMCG,164.3,166.58,163.96,165.12,160.19,7552054
2023-12-21,PG,Procter & Gamble Co.,FMCG,165.12,165.68,162.26,162.44,157.58,8700058
2023-12-22,PG,Procter & Gamble Co.,FMCG,162.62,165.15,156.5,160.31,155.5,4873180
2023-12-25,PG,Procter & Gamble Co.,FMCG,160.41,160.58,158.89,160.33,155.51,5725940
2023-12-26,PG,Procter & Gamble Co.,FMCG,160.14,161.65,159.75,160.78,155.94,9088148
2023-12-27,PG,Procter & Gamble Co.,FMCG,161.36,163.99,160.92,161.51,156.64,7284332
2023-12-28,PG,Procter & Gamble Co.,FMCG,161.28,162.38,159.98,161.12,156.25,6723144
2023-12-29,PG,Procter & Gamble Co.,FMCG,161.25,165.08,161.15,164.79,159.8,6990304
2024-01-01,PG,Procter & Gamble Co.,FMCG,164.38,165.94,162.66,164.5,159.51,7719603
2024-01-02,PG,Procter & Gamble Co.,FMCG,164.2,164.88,163.64,164.21,159.22,4485884
2024-01-03,PG,Procter & Gamble Co.,FMCG,163.72,165.03,161.79,163.09,158.13,7808096
2024-01-04,PG,Procter & Gamble Co.,FMCG,163.85,163.92,162.62,163.31,158.34,7013637
2024-01-05,PG,Procter & Gamble Co.,FMCG,164.06,165.62,163.15,164.24,159.23,2937894
2024-01-08,PG,Procter & Gamble Co.,FMCG,164.94,167.52,163.6,166.03,160.96,6768425
2024-01-09,PG,Procter & Gamble Co.,FMCG,165.87,166.14,163.51,163.9,158.88,6300859
2024-01-10,PG,Procter & Gamble Co.,FMCG,164.0,164.4,162.15,163.59,158.57,4774199
2024-01-11,PG,Procter & Gamble Co.,FMCG,163.76,164.43,162.87,164.27,159.23,4968967
2024-01-12,PG,Procter & Gamble Co.,FMCG,164.82,165.5,164.64,165.16,160.08,9218336
2024-01-15,PG,Procter & Gamble Co.,FMCG,165.4,165.57,163.74,165.21,160.12,7826490
2024-01-16,PG,Procter & Gamble Co.,FMCG,164.73,166.71,164.11,166.05,160.92,4620711
2024-01-17,PG,Procter & Gamble Co.,FMCG,165.98,167.5,164.01,164.9,159.8,7710359
2024-01-18,PG,Procter & Gamble Co.,FMCG,165.06,168.47,164.25,167.23,162.05,7010506
2024-01-19,PG,Procter & Gamble Co.,FMCG,167.62,171.51,165.85,168.74,163.5,4168216
2024-01-22,PG,Procter & Gamble Co.,FMCG,168.24,170.69,165.71,166.79,161.6,6320677
2024-01-23,PG,Procter & Gamble Co.,FMCG,166.34,167.25,164.97,165.25,160.11,7018878
2024-01-24,PG,Procter & Gamble Co.,FMCG,164.64,165.79,162.76,163.77,158.67,8694272
2024-01-25,PG,Procter & Gamble Co.,FMCG,163.87,165.13,163.37,164.79,159.65,7588735
2024-01-26,PG,Procter & Gamble Co.,FMCG,164.86,166.21,162.24,162.98,157.88,7370956
2024-01-29,PG,Procter & Gamble Co.,FMCG,163.24,165.52,160.18,162.54,157.45,3014317
2024-01-30,PG,Procter & Gamble Co.,FMCG,162.89,163.97,162.21,163.23,158.11,5594761
2024-01-31,PG,Procter & Gamble Co.,FMCG,163.77,165.16,162.95,163.18,158.05,7243932
2024-02-01,PG,Procter & Gamble Co.,FMCG,163.08,163.6,162.6,163.59,158.44,3749977
2024-02-02,PG,Procter & Gamble Co.,FMCG,164.02,166.25,160.82,162.1,156.98,6372760
2024-02-05,PG,Procter & Gamble Co.,FMCG,162.52,164.32,161.58,162.99,157.84,6211468
2024-02-06,PG,Procter & Gamble Co.,FMCG,162.31,163.59,161.71,162.15,157.02,4069142
2024-02-07,PG,Procter & Gamble Co.,FMCG,161.39,162.13,161.03,161.72,156.6,11989221
2024-02-08,PG,Procter & Gamble Co.,FMCG,160.98,162.39,159.74,162.1,156.96,10134490
2024-02-09,PG,Procter & Gamble Co.,FMCG,163.32,165.31,160.08,162.29,157.13,8687222
2024-02-12,PG,Procter & Gamble Co.,FMCG,161.63,162.87,159.1,162.36,157.19,7800744
2024-02-13,PG,Procter & Gamble Co.,FMCG,162.34,162.43,160.83,161.33,156.18,6417813
2024-02-14,PG,Procter & Gamble Co.,FMCG,161.91,162.82,160.15,160.94,155.8,8697686
2024-02-15,PG,Procter & Gamble Co.,FMCG,160.94,162.46,159.86,160.98,155.83,7601744
2024-02-16,PG,Procter & Gamble Co.,FMCG,161.6,161.72,158.61,159.08,153.98,5443186
2024-02-19,PG,Procter & Gamble Co.,FMCG,159.62,160.87,157.28,158.47,153.38,7327197
2024-02-20,PG,Procter & Gamble Co.,FMCG,159.23,160.2,156.81,159.05,153.94,10811914
2024-02-21,PG,Procter & Gamble Co.,FMCG,158.54,159.48,156.64,157.31,152.24,5420950
2024-02-22,PG,Procter & Gamble Co.,FMCG,156.87,160.53,155.38,158.96,153.83,5311683
2024-02-23,PG,Procter & Gamble Co.,FMCG,159.63,161.59,159.06,160.79,155.59,5944836
2024-02-26,PG,Procter & Gamble Co.,FMCG,160.9,161.36,158.65,159.07,153.92,6663266
2024-02-27,PG,Procter & Gamble Co.,FMCG,159.42,162.37,158.09,161.02,155.8,6492463
2024-02-28,PG,Procter & Gamble Co.,FMCG,161.07,161.93,159.42,160.86,155.64,4693453
2024-02-29,PG,Procter & Gamble Co.,FMCG,160.83,162.6,158.99,161.49,156.24,3933552
2024-03-01,PG,Procter & Gamble Co.,FMCG,161.72,162.27,160.28,160.82,155.59,6563881
2024-03-04,PG,Procter & Gamble Co.,FMCG,160.57,164.87,159.68,162.18,156.89,3446785
2024-03-05,PG,Procter & Gamble Co.,FMCG,161.68,162.81,160.92,162.8,157.48,4100195
2024-03-06,PG,Procter & Gamble Co.,FMCG,162.4,164.12,160.96,161.67,156.38,6330006
2024-03-07,PG,Procter & Gamble Co.,FMCG,161.38,163.2,158.38,160.06,154.81,4746539
2024-03-08,PG,Procter & Gamble Co.,FMCG,160.87,162.15,156.26,158.05,152.86,4882787
2024-03-11,PG,Procter & Gamble Co.,FMCG,157.79,158.49,156.87,158.35,153.14,6676846
2024-03-12,PG,Procter & Gamble Co.,FMCG,159.33,161.23,154.55,159.18,153.94,7350366
2024-03-13,PG,Procter & Gamble Co.,FMCG,159.34,160.6,158.82,160.14,154.86,7299409
2024-03-14,PG,Procter & Gamble Co.,FMCG,160.66,161.93,157.29,160.01,154.73,5739760
2024-03-15,PG,Procter & Gamble Co.,FMCG,160.15,161.38,156.1,158.42,153.19,5386600
2024-03-18,PG,Procter & Gamble Co.,FMCG,158.22,159.64,155.81,157.51,152.3,9646185
2024-03-19,PG,Procter & Gamble Co.,FMCG,156.88,159.23,156.19,159.16,153.88,7507507
2024-03-20,PG,Procter & Gamble Co.,FMCG,159.82,160.19,158.51,158.52,153.25,6975406
2024-03-21,PG,Procter & Gamble Co.,FMCG,158.23,159.09,157.28,158.76,153.47,6724449
2024-03-22,PG,Procter & Gamble Co.,FMCG,158.93,160.84,157.09,157.3,152.05,8406654
2024-03-25,PG,Procter & Gamble Co.,FMCG,157.64,160.89,156.96,157.8,152.53,5213213
2024-03-26,PG,Procter & Gamble Co.,FMCG,157.57,158.34,156.72,157.2,151.95,10457568
2024-03-27,PG,Procter & Gamble Co.,FMCG,157.22,160.05,156.52,158.7,153.39,8853220
2024-03-28,PG,Procter & Gamble Co.,FMCG,158.54,161.11,157.11,159.82,154.46,7996579
2024-03-29,PG,Procter & Gamble Co.,FMCG,160.29,160.85,158.98,159.16,153.82,7812381
2024-04-01,PG,Procter & Gamble Co.,FMCG,158.69,159.73,156.71,159.02,153.68,8699589
2024-04-02,PG,Procter & Gamble Co.,FMCG,159.5,159.97,155.76,158.29,152.96,7199505
2024-04-03,PG,Procter & Gamble Co.,FMCG,157.69,159.46,156.19,156.36,151.08,7168530
2024-04-04,PG,Procter & Gamble Co.,FMCG,156.12,156.72,154.13,155.22,149.97,9287522
2024-04-05,PG,Procter & Gamble Co.,FMCG,155.35,155.57,154.26,155.53,150.26,6451934
2024-04-08,PG,Procter & Gamble Co.,FMCG,156.66,159.13,155.29,156.01,150.72,7566572
2024-04-09,PG,Procter & Gamble Co.,FMCG,155.58,156.52,154.55,156.25,150.95,9341631
2024-04-10,PG,Procter & Gamble Co.,FMCG,156.28,157.18,155.45,155.87,150.58,4602854
2024-04-11,PG,Procter & Gamble Co.,FMCG,156.26,158.79,149.83,157.2,151.85,5298156
2024-04-12,PG,Procter & Gamble Co.,FMCG,157.05,158.0,156.89,157.33,151.96,7060421
2024-04-15,PG,Procter & Gamble Co.,FMCG,157.78,160.01,156.9,158.34,152.94,7704658
2024-04-16,PG,Procter & Gamble Co.,FMCG,157.9,159.42,153.77,155.92,150.59,3942788
2024-04-17,PG,Procter & Gamble Co.,FMCG,156.25,157.38,148.28,150.66,145.5,10397835
2024-04-18,PG,Procter & Gamble Co.,FMCG,150.17,151.16,149.78,151.07,145.89,7333713
2024-04-19,PG,Procter & Gamble Co.,FMCG,151.32,151.6,148.76,149.22,144.09,5542778
2024-04-22,PG,Procter & Gamble Co.,FMCG,148.82,149.72,144.93,148.98,143.85,5257576
2024-04-23,PG,Procter & Gamble Co.,FMCG,149.43,150.18,147.76,148.61,143.5,9261707
2024-04-24,PG,Procter & Gamble Co.,FMCG,149.06,151.46,148.78,150.75,145.55,7441498
2024-04-25,PG,Procter & Gamble Co.,FMCG,150.3,151.42,149.81,151.32,146.09,10056423
2024-04-26,PG,Procter & Gamble Co.,FMCG,151.26,152.49,151.25,151.57,146.33,5442623
2024-04-29,PG,Procter & Gamble Co.,FMCG,151.26,154.67,150.66,152.73,147.44,9558122
2024-04-30,PG,Procter & Gamble Co.,FMCG,152.13,154.44,151.26,153.27,147.95,7300541
2024-05-01,PG,Procter & Gamble Co.,FMCG,153.86,155.12,152.2,152.69,147.38,7001543
2024-05-02,PG,Procter & Gamble Co.,FMCG,153.03,154.35,151.42,154.17,148.81,8646919
2024-05-03,PG,Procter & Gamble Co.,FMCG,154.19,154.33,152.5,152.71,147.38,9201589
2024-05-06,PG,Procter & Gamble Co.,FMCG,152.74,153.66,152.29,153.18,147.83,7799007
2024-05-07,PG,Procter & Gamble Co.,FMCG,153.67,155.56,150.87,151.14,145.86,5125830
2024-05-08,PG,Procter & Gamble Co.,FMCG,151.9,153.58,145.95,151.45,146.15,7207274
2024-05-09,PG,Procter & Gamble Co.,FMCG,150.92,151.96,148.68,151.74,146.42,8416660
2024-05-10,PG,Procter & Gamble Co.,FMCG,151.43,155.75,150.31,154.04,148.63,3107177
2024-05-13,PG,Procter & Gamble Co.,FMCG,154.41,154.65,150.82,151.96,146.62,5303314
2024-05-14,PG,Procter & Gamble Co.,FMCG,151.33,151.34,150.27,151.2,145.87,11725550
2024-05-15,PG,Procter & Gamble Co.,FMCG,151.13,153.36,150.82,152.33,146.96,7180021
2024-05-16,PG,Procter & Gamble Co.,FMCG,152.55,153.55,152.21,152.82,147.42,6607688
2024-05-17,PG,Procter & Gamble Co.,FMCG,152.73,153.18,151.99,153.1,147.69,8577547
2024-05-20,PG,Procter & Gamble Co.,FMCG,153.32,154.25,151.73,151.85,146.47,6422656
2024-05-21,PG,Procter & Gamble Co.,FMCG,151.92,152.77,150.71,151.1,145.74,9177618
2024-05-22,PG,Procter & Gamble Co.,FMCG,150.37,153.17,150.24,152.8,147.38,9414394
2024-05-23,PG,Procter & Gamble Co.,FMCG,152.84,154.22,152.64,152.77,147.34,7054791
2024-05-24,PG,Procter & Gamble Co.,FMCG,152.35,153.67,152.28,153.31,147.85,7218705
2024-05-27,PG,Procter & Gamble Co.,FMCG,152.93,153.28,152.35,153.19,147.73,7907290
2024-05-28,PG,Procter & Gamble Co.,FMCG,153.51,155.03,150.83,151.64,146.22,7985547
2024-05-29,PG,Procter & Gamble Co.,FMCG,151.93,154.31,151.13,152.93,147.46,4736132
2024-05-30,PG,Procter & Gamble Co.,FMCG,153.41,153.82,153.33,153.65,148.14,6020961
2024-05-31,PG,Procter & Gamble Co.,FMCG,153.98,158.2,152.9,156.84,151.22,3457905
2024-06-03,PG,Procter & Gamble Co.,FMCG,156.38,157.2,154.22,155.48,149.89,8162881
2024-06-04,PG,Procter & Gamble Co.,FMCG,155.02,156.75,153.36,156.65,151.01,5621372
2024-06-05,PG,Procter & Gamble Co.,FMCG,156.74,157.64,153.9,154.89,149.31,9467977
2024-06-06,PG,Procter & Gamble Co.,FMCG,154.89,156.64,151.42,155.14,149.54,7750085
2024-06-07,PG,Procter & Gamble Co.,FMCG,155.11,157.62,154.12,156.52,150.86,7879922
2024-06-10,PG,Procter & Gamble Co.,FMCG,157.5,157.92,153.05,153.72,148.16,6034196
2024-06-11,PG,Procter & Gamble Co.,FMCG,153.8,154.67,152.94,153.48,147.92,3304991
2024-06-12,PG,Procter & Gamble Co.,FMCG,153.18,153.32,152.3,152.75,147.21,7819374
2024-06-13,PG,Procter & Gamble Co.,FMCG,152.82,152.84,151.3,151.85,146.33,3465954
2024-06-14,PG,Procter & Gamble Co.,FMCG,151.62,153.25,149.92,152.4,146.86,7912037
2024-06-17,PG,Procter & Gamble Co.,FMCG,152.11,155.06,151.91,153.95,148.34,6060479
2024-06-18,PG,Procter & Gamble Co.,FMCG,153.65,154.23,152.62,153.81,148.2,5377724
2024-06-19,PG,Procter & Gamble Co.,FMCG,153.61,154.26,152.6,154.12,148.49,5512315
2024-06-20,PG,Procter & Gamble Co.,FMCG,153.77,157.15,153.58,154.32,148.67,6815921
2024-06-21,PG,Procter & Gamble Co.,FMCG,154.17,154.59,153.98,154.35,148.7,6595143
2024-06-24,PG,Procter & Gamble Co.,FMCG,154.1,154.49,151.79,152.92,147.31,4759498
2024-06-25,PG,Procter & Gamble Co.,FMCG,152.87,155.79,152.34,154.45,148.78,8488502
2024-06-26,PG,Procter & Gamble Co.,FMCG,154.96,155.51,151.85,154.89,149.2,8410515
2024-06-27,PG,Procter & Gamble Co.,FMCG,154.55,156.62,153.77,155.47,149.74,7671029
2024-06-28,PG,Procter & Gamble Co.,FMCG,155.54,156.71,153.73,154.41,148.71,9042434
2024-07-01,PG,Procter & Gamble Co.,FMCG,154.66,155.83,152.74,153.82,148.14,6907153
2024-07-02,PG,Procter & Gamble Co.,FMCG,153.5,153.92,152.51,153.62,147.93,7691516
2024-07-03,PG,Procter & Gamble Co.,FMCG,152.82,153.86,151.01,151.59,145.97,8021194
2024-07-04,PG,Procter & Gamble Co.,FMCG,151.99,153.51,149.19,149.38,143.84,6673346
2024-07-05,PG,Procter & Gamble Co.,FMCG,149.81,149.99,148.27,148.63,143.11,5358791
2024-07-08,PG,Procter & Gamble Co.,FMCG,148.73,149.63,148.19,149.35,143.8,5360347
2024-07-09,PG,Procter & Gamble Co.,FMCG,149.75,150.17,148.5,148.53,143.0,5815782
2024-07-10,PG,Procter & Gamble Co.,FMCG,148.94,149.83,145.6,147.24,141.75,7341365
2024-07-11,PG,Procter & Gamble Co.,FMCG,146.44,147.51,145.73,146.22,140.76,9291238
2024-07-12,PG,Procter & Gamble Co.,FMCG,146.19,146.43,143.51,145.67,140.22,4315431
2024-07-15,PG,Procter & Gamble Co.,FMCG,145.71,145.91,144.13,145.25,139.81,8479799
2024-07-16,PG,Procter & Gamble Co.,FMCG,145.3,148.35,144.01,148.08,142.53,7025776
2024-07-17,PG,Procter & Gamble Co.,FMCG,147.89,150.12,147.84,149.5,143.89,6296401
2024-07-18,PG,Procter & Gamble Co.,FMCG,149.58,151.58,149.29,150.9,145.22,9942295
2024-07-19,PG,Procter & Gamble Co.,FMCG,151.77,153.56,151.02,152.5,146.75,8356481
2024-07-22,PG,Procter & Gamble Co.,FMCG,151.68,152.64,148.77,151.19,145.49,5995463
2024-07-23,PG,Procter & Gamble Co.,FMCG,151.03,151.42,149.39,149.61,143.96,10798616
2024-07-24,PG,Procter & Gamble Co.,FMCG,149.36,149.49,147.46,148.19,142.59,8185928
2024-07-25,PG,Procter & Gamble Co.,FMCG,148.44,150.54,148.4,149.98,144.3,7479331
2024-07-26,PG,Procter & Gamble Co.,FMCG,149.74,151.0,148.6,149.3,143.64,7075238
2024-07-29,PG,Procter & Gamble Co.,FMCG,149.32,149.54,147.62,147.69,142.09,7503678
2024-07-30,PG,Procter & Gamble Co.,FMCG,147.8,148.62,146.88,147.17,141.57,8493188
2024-07-31,PG,Procter & Gamble Co.,FMCG,147.53,148.73,146.05,146.89,141.3,8292123
2024-08-01,PG,Procter & Gamble Co.,FMCG,147.42,147.73,146.45,147.28,141.66,5628752
2024-08-02,PG,Procter & Gamble Co.,FMCG,147.2,149.38,146.86,147.64,142.0,7267995
2024-08-05,PG,Procter & Gamble Co.,FMCG,147.05,147.11,145.33,146.6,141.0,4982783
2024-08-06,PG,Procter & Gamble Co.,FMCG,146.69,148.84,146.31,147.52,141.88,5695154
2024-08-07,PG,Procter & Gamble Co.,FMCG,147.8,147.91,145.95,146.73,141.11,8713888
2024-08-08,PG,Procter & Gamble Co.,FMCG,146.97,149.35,144.88,146.56,140.94,7791405
2024-08-09,PG,Procter & Gamble Co.,FMCG,146.91,148.38,145.08,147.49,141.82,7034753
2024-08-12,PG,Procter & Gamble Co.,FMCG,147.03,147.77,145.41,146.69,141.05,7702346
2024-08-13,PG,Procter & Gamble Co.,FMCG,147.13,147.71,143.53,145.99,140.37,9121731
2024-08-14,PG,Procter & Gamble Co.,FMCG,146.67,147.61,145.48,146.79,141.13,4289050
2024-08-15,PG,Procter & Gamble Co.,FMCG,146.63,147.04,144.5,145.72,140.09,8942220
2024-08-16,PG,Procter & Gamble Co.,FMCG,145.42,145.49,145.01,145.26,139.64,3605443
2024-08-19,PG,Procter & Gamble Co.,FMCG,145.11,146.41,143.86,146.01,140.35,6032481
2024-08-20,PG,Procter & Gamble Co.,FMCG,145.8,149.56,142.93,148.71,142.94,6470578
2024-08-21,PG,Procter & Gamble Co.,FMCG,148.28,150.32,148.22,149.54,143.74,7578633
2024-08-22,PG,Procter & Gamble Co.,FMCG,150.1,152.83,148.3,150.2,144.36,7099374
2024-08-23,PG,Procter & Gamble Co.,FMCG,149.83,153.03,149.56,150.94,145.07,7926775
2024-08-26,PG,Procter & Gamble Co.,FMCG,151.22,151.84,149.38,149.56,143.73,5342950
2024-08-27,PG,Procter & Gamble Co.,FMCG,150.16,150.43,148.87,149.75,143.9,6542929
2024-08-28,PG,Procter & Gamble Co.,FMCG,149.72,149.95,148.8,149.74,143.89,9460144
2024-08-29,PG,Procter & Gamble Co.,FMCG,149.87,150.41,148.83,150.2,144.33,9657754
2024-08-30,PG,Procter & Gamble Co.,FMCG,150.49,151.51,148.7,150.39,144.5,6178068
2024-09-02,PG,Procter & Gamble Co.,FMCG,149.86,153.79,149.32,150.93,145.01,7058945
2024-09-03,PG,Procter & Gamble Co.,FMCG,150.32,151.03,148.71,150.56,144.64,3681244
2024-09-04,PG,Procter & Gamble Co.,FMCG,150.23,151.72,149.22,150.67,144.74,9547014
2024-09-05,PG,Procter & Gamble Co.,FMCG,150.42,150.91,147.11,149.08,143.21,5653582
2024-09-06,PG,Procter & Gamble Co.,FMCG,148.38,148.79,147.0,148.7,142.83,4647426
2024-09-09,PG,Procter & Gamble Co.,FMCG,148.42,152.47,148.3,150.57,144.62,6471823
2024-09-10,PG,Procter & Gamble Co.,FMCG,150.41,152.42,148.63,151.03,145.06,5860536
2024-09-11,PG,Procter & Gamble Co.,FMCG,151.45,153.07,150.29,151.04,145.06,7679881
2024-09-12,PG,Procter & Gamble Co.,FMCG,151.74,154.33,150.89,153.62,147.53,7285230
2024-09-13,PG,Procter & Gamble Co.,FMCG,154.03,154.26,151.56,151.83,145.8,9600730
2024-09-16,PG,Procter & Gamble Co.,FMCG,152.06,152.89,150.29,150.38,144.41,8132523
2024-09-17,PG,Procter & Gamble Co.,FMCG,149.73,152.75,147.74,152.71,146.63,10209606
2024-09-18,PG,Procter & Gamble Co.,FMCG,152.74,153.85,152.45,152.81,146.72,4013147
2024-09-19,PG,Procter & Gamble Co.,FMCG,152.23,152.79,152.17,152.52,146.43,9536981
2024-09-20,PG,Procter & Gamble Co.,FMCG,152.52,153.63,150.06,150.95,144.92,8664924
2021-09-20,TSLA,"Tesla, Inc.",Automobile,259.67,265.72,250.6,253.82,253.82,59524174
2021-09-21,TSLA,"Tesla, Inc.",Automobile,250.85,252.16,242.57,246.29,246.28,55751946
2021-09-22,TSLA,"Tesla, Inc.",Automobile,248.3,250.9,245.77,248.83,248.8,48767627
2021-09-23,TSLA,"Tesla, Inc.",Automobile,246.5,247.19,241.45,243.55,243.51,75377431
2021-09-24,TSLA,"Tesla, Inc.",Automobile,239.14,239.55,237.25,239.48,239.43,63343982
2021-09-27,TSLA,"Tesla, Inc.",Automobile,238.13,248.46,229.69,245.89,245.83,77960870
2021-09-28,TSLA,"Tesla, Inc.",Automobile,248.56,251.19,240.7,250.24,250.16,65256032
2021-09-29,TSLA,"Tesla, Inc.",Automobile,251.82,257.67,240.52,247.82,247.73,51262822
2021-09-30,TSLA,"Tesla, Inc.",Automobile,248.34,251.25,236.14,237.42,237.33,56174576
2021-10-01,TSLA,"Tesla, Inc.",Automobile,237.45,240.07,229.71,232.88,232.77,84919858
2021-10-04,TSLA,"Tesla, Inc.",Automobile,232.3,246.86,231.93,245.19,245.06,71033935
2021-10-05,TSLA,"Tesla, Inc.",Automobile,247.04,254.32,241.78,251.57,251.43,85948873
2021-10-06,TSLA,"Tesla, Inc.",Automobile,255.06,267.16,254.81,261.26,261.1,73324507
2021-10-07,TSLA,"Tesla, Inc.",Automobile,264.05,267.34,259.16,263.07,262.89,72732734
2021-10-08,TSLA,"Tesla, Inc.",Automobile,260.97,261.61,252.03,260.67,260.48,46041926
2021-10-11,TSLA,"Tesla, Inc.",Automobile,261.35,279.09,256.03,267.02,266.82,66847904
2021-10-12,TSLA,"Tesla, Inc.",Automobile,266.08,282.41,262.94,276.27,276.04,64826153
2021-10-13,TSLA,"Tesla, Inc.",Automobile,277.51,280.9,272.28,272.82,272.58,72595692
2021-10-14,TSLA,"Tesla, Inc.",Automobile,273.21,278.45,264.4,267.75,267.51,44885419
2021-10-15,TSLA,"Tesla, Inc.",Automobile,264.18,269.64,254.09,257.22,256.97,77879044
2021-10-18,TSLA,"Tesla, Inc.",Automobile,255.23,270.57,244.38,252.28,252.02,61289736
2021-10-19,TSLA,"Tesla, Inc.",Automobile,250.83,258.45,245.97,256.81,256.54,61201680
2021-10-20,TSLA,"Tesla, Inc.",Automobile,254.37,255.3,250.24,252.83,252.54,67738817
2021-10-21,TSLA,"Tesla, Inc.",Automobile,252.4,259.91,251.24,259.17,258.87,96066988
2021-10-22,TSLA,"Tesla, Inc.",Automobile,256.93,273.06,249.84,273.05,272.72,69735791
2021-10-25,TSLA,"Tesla, Inc.",Automobile,275.59,278.38,271.68,273.26,272.92,52408732
2021-10-26,TSLA,"Tesla, Inc.",Automobile,273.5,286.43,258.23,273.18,272.82,38045125
2021-10-27,TSLA,"Tesla, Inc.",Automobile,273.53,282.28,269.68,277.21,276.83,42983429
2021-10-28,TSLA,"Tesla, Inc.",Automobile,273.07,285.67,270.05,273.06,272.67,72602038
2021-10-29,TSLA,"Tesla, Inc.",Automobile,268.44,274.26,265.6,268.46,268.06,54053187
2021-11-01,TSLA,"Tesla, Inc.",Automobile,270.62,270.93,258.76,264.14,263.74,66881130
2021-11-02,TSLA,"Tesla, Inc.",Automobile,266.24,266.62,252.98,256.29,255.88,53124135
2021-11-03,TSLA,"Tesla, Inc.",Automobile,259.13,265.81,253.54,262.5,262.07,74210543
2021-11-04,TSLA,"Tesla, Inc.",Automobile,266.31,270.78,256.85,259.1,258.67,31167185
2021-11-05,TSLA,"Tesla, Inc.",Automobile,261.01,267.59,257.46,266.87,266.41,82025552
2021-11-08,TSLA,"Tesla, Inc.",Automobile,265.3,275.52,263.56,270.67,270.18,61902710
2021-11-09,TSLA,"Tesla, Inc.",Automobile,269.66,288.1,264.19,270.54,270.04,60634677
2021-11-10,TSLA,"Tesla, Inc.",Automobile,269.11,279.63,267.5,276.43,275.91,66708498
2021-11-11,TSLA,"Tesla, Inc.",Automobile,275.91,281.87,269.27,269.65,269.13,92680995
2021-11-12,TSLA,"Tesla, Inc.",Automobile,271.85,278.69,264.16,264.17,263.65,73299461
2021-11-15,TSLA,"Tesla, Inc.",Automobile,260.9,276.43,245.64,269.24,268.69,43873527
2021-11-16,TSLA,"Tesla, Inc.",Automobile,262.29,270.8,247.44,254.08,253.55,77672803
2021-11-17,TSLA,"Tesla, Inc.",Automobile,252.39,255.46,249.11,254.21,253.66,77034991
2021-11-18,TSLA,"Tesla, Inc.",Automobile,254.41,263.47,252.4,258.24,257.68,59017154
2021-11-19,TSLA,"Tesla, Inc.",Automobile,256.7,270.74,254.12,267.39,266.79,93362606
2021-11-22,TSLA,"Tesla, Inc.",Automobile,266.53,281.51,264.03,278.37,277.73,70149465
2021-11-23,TSLA,"Tesla, Inc.",Automobile,279.51,281.4,274.75,277.44,276.79,83307145
2021-11-24,TSLA,"Tesla, Inc.",Automobile,275.8,284.79,274.07,283.19,282.51,45622350
2021-11-25,TSLA,"Tesla, Inc.",Automobile,284.69,292.05,267.92,277.26,276.58,79491392
2021-11-26,TSLA,"Tesla, Inc.",Automobile,278.5,282.88,271.06,274.06,273.38,81917149
2021-11-29,TSLA,"Tesla, Inc.",Automobile,276.39,285.39,276.24,284.2,283.47,76444373
2021-11-30,TSLA,"Tesla, Inc.",Automobile,280.77,296.66,279.79,283.93,283.2,102308011
2021-12-01,TSLA,"Tesla, Inc.",Automobile,283.44,287.55,278.35,285.17,284.42,85781566
2021-12-02,TSLA,"Tesla, Inc.",Automobile,283.77,309.71,272.69,277.52,276.77,69801163
2021-12-03,TSLA,"Tesla, Inc.",Automobile,278.43,281.54,275.09,280.67,279.9,79854493
2021-12-06,TSLA,"Tesla, Inc.",Automobile,281.67,298.2,273.28,286.36,285.56,63877390
2021-12-07,TSLA,"Tesla, Inc.",Automobile,286.97,294.0,267.84,291.93,291.1,61407135
2021-12-08,TSLA,"Tesla, Inc.",Automobile,291.84,296.35,278.83,282.76,281.94,65355125
2021-12-09,TSLA,"Tesla, Inc.",Automobile,280.34,294.92,278.45,290.38,289.52,83881418
2021-12-10,TSLA,"Tesla, Inc.",Automobile,291.49,295.57,282.0,282.84,281.99,74076730
2021-12-13,TSLA,"Tesla, Inc.",Automobile,280.48,283.14,273.81,282.68,281.82,62792670
2021-12-14,TSLA,"Tesla, Inc.",Automobile,282.75,296.64,269.63,270.87,270.03,70111515
2021-12-15,TSLA,"Tesla, Inc.",Automobile,269.74,273.09,264.27,269.62,268.77,68353991
2021-12-16,TSLA,"Tesla, Inc.",Automobile,268.13,270.28,259.08,262.59,261.75,34104121
2021-12-17,TSLA,"Tesla, Inc.",Automobile,264.72,270.71,247.55,259.52,258.68,52770333
2021-12-20,TSLA,"Tesla, Inc.",Automobile,258.7,262.74,256.26,259.97,259.11,84740839
2021-12-21,TSLA,"Tesla, Inc.",Automobile,259.04,271.79,258.24,265.75,264.86,57647490
2021-12-22,TSLA,"Tesla, Inc.",Automobile,267.98,276.05,256.66,271.42,270.49,62664162
2021-12-23,TSLA,"Tesla, Inc.",Automobile,272.07,274.76,254.83,255.18,254.29,62792425
2021-12-24,TSLA,"Tesla, Inc.",Automobile,255.22,271.36,252.83,259.83,258.92,79952244
2021-12-27,TSLA,"Tesla, Inc.",Automobile,259.83,267.55,246.09,261.29,260.35,59623307
2021-12-28,TSLA,"Tesla, Inc.",Automobile,260.87,264.63,251.51,257.47,256.54,46180482
2021-12-29,TSLA,"Tesla, Inc.",Automobile,255.29,258.27,251.08,251.58,250.65,55594452
2021-12-30,TSLA,"Tesla, Inc.",Automobile,250.12,253.97,245.53,251.19,250.26,54599051
2021-12-31,TSLA,"Tesla, Inc.",Automobile,252.42,262.38,241.21,252.76,251.81,53528475
2022-01-03,TSLA,"Tesla, Inc.",Automobile,253.25,257.23,245.9,255.34,254.36,49668480
2022-01-04,TSLA,"Tesla, Inc.",Automobile,255.96,263.84,250.91,254.04,253.05,88365189
2022-01-05,TSLA,"Tesla, Inc.",Automobile,256.26,258.61,235.99,237.66,236.72,73848758
2022-01-06,TSLA,"Tesla, Inc.",Automobile,237.45,240.73,233.94,234.59,233.66,58455647
2022-01-07,TSLA,"Tesla, Inc.",Automobile,235.18,236.91,223.28,227.39,226.47,44147262
2022-01-10,TSLA,"Tesla, Inc.",Automobile,228.71,246.84,227.2,240.12,239.15,50628809
2022-01-11,TSLA,"Tesla, Inc.",Automobile,241.4,243.79,240.45,240.53,239.54,71339173
2022-01-12,TSLA,"Tesla, Inc.",Automobile,240.02,250.43,237.0,245.33,244.3,56447096
2022-01-13,TSLA,"Tesla, Inc.",Automobile,246.18,249.86,246.13,249.51,248.46,53264937
2022-01-14,TSLA,"Tesla, Inc.",Automobile,249.1,252.4,248.4,251.6,250.53,61599600
2022-01-17,TSLA,"Tesla, Inc.",Automobile,253.44,254.25,239.79,248.88,247.8,77906014
2022-01-18,TSLA,"Tesla, Inc.",Automobile,250.48,251.98,242.29,245.35,244.28,59602393
2022-01-19,TSLA,"Tesla, Inc.",Automobile,247.1,247.24,231.8,232.61,231.58,63051910
2022-01-20,TSLA,"Tesla, Inc.",Automobile,236.23,242.21,229.34,233.52,232.47,84075451
2022-01-21,TSLA,"Tesla, Inc.",Automobile,233.24,239.61,231.22,235.41,234.34,71759515
2022-01-24,TSLA,"Tesla, Inc.",Automobile,232.32,237.79,228.57,235.14,234.06,73823551
2022-01-25,TSLA,"Tesla, Inc.",Automobile,236.49,237.67,235.36,236.07,234.97,64232815
2022-01-26,TSLA,"Tesla, Inc.",Automobile,238.53,240.36,227.81,228.68,227.61,61336774
2022-01-27,TSLA,"Tesla, Inc.",Automobile,226.02,234.37,220.06,226.94,225.86,84753197
2022-01-28,TSLA,"Tesla, Inc.",Automobile,227.08,227.16,222.48,223.1,222.03,36577484
2022-01-31,TSLA,"Tesla, Inc.",Automobile,228.66,229.12,223.43,227.08,225.99,85453348
2022-02-01,TSLA,"Tesla, Inc.",Automobile,225.36,228.18,224.78,227.36,226.25,31598577
2022-02-02,TSLA,"Tesla, Inc.",Automobile,227.29,228.3,222.02,223.57,222.47,61329475
2022-02-03,TSLA,"Tesla, Inc.",Automobile,223.7,227.83,216.07,222.66,221.54,44974756
2022-02-04,TSLA,"Tesla, Inc.",Automobile,222.5,229.05,216.57,216.64,215.55,85529761
2022-02-07,TSLA,"Tesla, Inc.",Automobile,216.62,216.87,214.38,214.8,213.7,66691234
2022-02-08,TSLA,"Tesla, Inc.",Automobile,213.52,225.44,210.81,218.16,217.04,64910953
2022-02-09,TSLA,"Tesla, Inc.",Automobile,215.84,227.8,198.29,210.63,209.54,64941312
2022-02-10,TSLA,"Tesla, Inc.",Automobile,211.8,215.9,200.05,210.32,209.21,56626445
2022-02-11,TSLA,"Tesla, Inc.",Automobile,210.01,215.68,204.32,206.21,205.12,64431279
2022-02-14,TSLA,"Tesla, Inc.",Automobile,206.37,207.27,196.99,199.1,198.03,65008427
2022-02-15,TSLA,"Tesla, Inc.",Automobile,197.37,214.78,189.51,209.2,208.07,60632543
2022-02-16,TSLA,"Tesla, Inc.",Automobile,210.95,217.96,209.06,216.28,215.1,51119954
2022-02-17,TSLA,"Tesla, Inc.",Automobile,215.65,218.38,209.9,212.91,211.74,107362505
2022-02-18,TSLA,"Tesla, Inc.",Automobile,210.12,211.36,205.19,211.31,210.14,85578088
2022-02-21,TSLA,"Tesla, Inc.",Automobile,211.85,216.4,199.25,200.33,199.21,68608711
2022-02-22,TSLA,"Tesla, Inc.",Automobile,199.85,204.19,187.89,192.09,191.0,70781152
2022-02-23,TSLA,"Tesla, Inc.",Automobile,191.76,193.4,186.26,186.46,185.4,64510161
2022-02-24,TSLA,"Tesla, Inc.",Automobile,186.56,191.74,182.63,186.32,185.25,43435961
2022-02-25,TSLA,"Tesla, Inc.",Automobile,185.64,188.27,184.97,185.78,184.7,88324440
2022-02-28,TSLA,"Tesla, Inc.",Automobile,187.14,189.35,186.45,187.44,186.34,56198167
2022-03-01,TSLA,"Tesla, Inc.",Automobile,186.25,192.85,184.92,190.86,189.73,61842679
2022-03-02,TSLA,"Tesla, Inc.",Automobile,191.9,192.68,188.9,192.29,191.15,74423892
2022-03-03,TSLA,"Tesla, Inc.",Automobile,190.84,191.13,186.81,186.89,185.77,76105001
2022-03-04,TSLA,"Tesla, Inc.",Automobile,186.58,190.02,182.3,188.53,187.38,53477879
2022-03-07,TSLA,"Tesla, Inc.",Automobile,189.67,191.88,188.59,191.75,190.57,83332912
2022-03-08,TSLA,"Tesla, Inc.",Automobile,191.81,196.8,188.45,189.62,188.45,59204326
2022-03-09,TSLA,"Tesla, Inc.",Automobile,187.15,191.5,180.11,180.6,179.48,64903988
2022-03-10,TSLA,"Tesla, Inc.",Automobile,179.88,186.68,179.55,186.37,185.2,75600627
2022-03-11,TSLA,"Tesla, Inc.",Automobile,185.46,186.97,183.61,186.83,185.65,61626206
2022-03-14,TSLA,"Tesla, Inc.",Automobile,186.53,189.93,167.29,173.63,172.53,48006846
2022-03-15,TSLA,"Tesla, Inc.",Automobile,174.39,183.7,172.15,183.43,182.26,65571267
2022-03-16,TSLA,"Tesla, Inc.",Automobile,184.26,187.09,176.55,181.15,179.98,69161798
2022-03-17,TSLA,"Tesla, Inc.",Automobile,181.37,194.31,179.6,193.25,191.99,57794604
2022-03-18,TSLA,"Tesla, Inc.",Automobile,190.8,197.65,186.8,195.21,193.93,68629537
2022-03-21,TSLA,"Tesla, Inc.",Automobile,196.14,196.55,191.03,194.19,192.91,80625000
2022-03-22,TSLA,"Tesla, Inc.",Automobile,191.42,196.17,191.38,195.16,193.86,100341934
2022-03-23,TSLA,"Tesla, Inc.",Automobile,196.34,203.33,189.87,191.56,190.27,32644449
2022-03-24,TSLA,"Tesla, Inc.",Automobile,190.32,194.18,189.43,191.89,190.59,68303197
2022-03-25,TSLA,"Tesla, Inc.",Automobile,192.96,202.96,190.62,202.4,201.02,45702957
2022-03-28,TSLA,"Tesla, Inc.",Automobile,204.77,208.76,193.71,197.67,196.31,76511586
2022-03-29,TSLA,"Tesla, Inc.",Automobile,199.2,205.35,198.31,200.51,199.12,61154665
2022-03-30,TSLA,"Tesla, Inc.",Automobile,201.48,202.14,196.66,196.75,195.38,77208392
2022-03-31,TSLA,"Tesla, Inc.",Automobile,195.82,196.72,193.5,195.9,194.52,55583675
2022-04-01,TSLA,"Tesla, Inc.",Automobile,195.36,208.8,185.5,206.44,204.98,38116006
2022-04-04,TSLA,"Tesla, Inc.",Automobile,206.82,211.0,206.49,209.37,207.87,61389461
2022-04-05,TSLA,"Tesla, Inc.",Automobile,210.12,214.23,206.83,213.57,212.03,62235957
2022-04-06,TSLA,"Tesla, Inc.",Automobile,214.23,217.43,213.49,213.99,212.44,91706791
2022-04-07,TSLA,"Tesla, Inc.",Automobile,213.08,235.33,208.93,229.84,228.17,73434333
2022-04-08,TSLA,"Tesla, Inc.",Automobile,227.46,229.18,214.76,224.17,222.52,69668925
2022-04-11,TSLA,"Tesla, Inc.",Automobile,223.23,227.71,211.22,215.02,213.43,59228659
2022-04-12,TSLA,"Tesla, Inc.",Automobile,214.87,228.2,211.47,224.86,223.18,63466004
2022-04-13,TSLA,"Tesla, Inc.",Automobile,222.55,225.82,216.89,222.63,220.96,42920310
2022-04-14,TSLA,"Tesla, Inc.",Automobile,221.88,228.77,215.66,225.08,223.39,57333421
2022-04-15,TSLA,"Tesla, Inc.",Automobile,218.59,240.5,216.84,235.57,233.78,85191403
2022-04-18,TSLA,"Tesla, Inc.",Automobile,234.54,243.43,233.84,238.25,236.43,91559628
2022-04-19,TSLA,"Tesla, Inc.",Automobile,236.11,253.41,234.58,252.77,250.83,72284188
2022-04-20,TSLA,"Tesla, Inc.",Automobile,252.83,255.83,252.1,253.72,251.75,72599546
2022-04-21,TSLA,"Tesla, Inc.",Automobile,252.91,257.56,244.94,249.04,247.1,63182629
2022-04-22,TSLA,"Tesla, Inc.",Automobile,250.91,251.49,233.63,234.03,232.2,61113739
2022-04-25,TSLA,"Tesla, Inc.",Automobile,236.26,239.4,233.48,235.93,234.07,44045261
2022-04-26,TSLA,"Tesla, Inc.",Automobile,237.44,237.92,221.9,222.41,220.64,56977185
2022-04-27,TSLA,"Tesla, Inc.",Automobile,223.23,224.77,216.34,224.35,222.56,78299580
2022-04-28,TSLA,"Tesla, Inc.",Automobile,225.48,236.71,224.48,233.21,231.34,74096370
2022-04-29,TSLA,"Tesla, Inc.",Automobile,234.13,237.54,233.08,233.14,231.25,47002907
2022-05-02,TSLA,"Tesla, Inc.",Automobile,229.84,240.07,224.56,234.34,232.43,79089798
2022-05-03,TSLA,"Tesla, Inc.",Automobile,235.02,245.71,231.09,240.12,238.15,70277891
2022-05-04,TSLA,"Tesla, Inc.",Automobile,237.29,245.31,236.22,244.44,242.43,63842295
2022-05-05,TSLA,"Tesla, Inc.",Automobile,245.5,252.21,242.33,252.1,250.0,66285216
2022-05-06,TSLA,"Tesla, Inc.",Automobile,251.13,253.88,244.76,252.0,249.89,67910315
2022-05-09,TSLA,"Tesla, Inc.",Automobile,256.51,257.4,231.28,237.46,235.46,64173728
2022-05-10,TSLA,"Tesla, Inc.",Automobile,239.62,248.69,236.09,245.0,242.92,48468731
2022-05-11,TSLA,"Tesla, Inc.",Automobile,245.71,253.64,236.38,243.48,241.41,59327094
2022-05-12,TSLA,"Tesla, Inc.",Automobile,244.41,249.64,233.49,237.92,235.88,61084947
2022-05-13,TSLA,"Tesla, Inc.",Automobile,239.66,243.84,238.07,240.07,238.01,63227954
2022-05-16,TSLA,"Tesla, Inc.",Automobile,239.89,241.54,232.25,241.29,239.2,51129321
2022-05-17,TSLA,"Tesla, Inc.",Automobile,241.88,253.96,225.92,236.58,234.52,74433068
2022-05-18,TSLA,"Tesla, Inc.",Automobile,237.69,239.68,228.57,228.7,226.7,78744934
2022-05-19,TSLA,"Tesla, Inc.",Automobile,229.44,243.07,225.78,231.58,229.54,63184891
2022-05-20,TSLA,"Tesla, Inc.",Automobile,230.88,232.41,223.03,226.46,224.45,75743937
2022-05-23,TSLA,"Tesla, Inc.",Automobile,224.2,235.74,208.07,227.18,225.15,64990203
2022-05-24,TSLA,"Tesla, Inc.",Automobile,228.89,231.59,227.56,229.46,227.4,53487394
2022-05-25,TSLA,"Tesla, Inc.",Automobile,225.56,235.96,225.49,235.44,233.32,54924295
2022-05-26,TSLA,"Tesla, Inc.",Automobile,236.53,258.43,234.42,249.05,246.79,60820028
2022-05-27,TSLA,"Tesla, Inc.",Automobile,250.17,258.36,241.9,250.65,248.37,66618495
2022-05-30,TSLA,"Tesla, Inc.",Automobile,250.62,255.47,247.78,247.88,245.61,62055595
2022-05-31,TSLA,"Tesla, Inc.",Automobile,250.75,268.3,248.73,259.03,256.64,55888386
2022-06-01,TSLA,"Tesla, Inc.",Automobile,255.45,282.08,252.41,266.35,263.88,64212759
2022-06-02,TSLA,"Tesla, Inc.",Automobile,267.69,269.52,261.37,267.57,265.08,69247242
2022-06-03,TSLA,"Tesla, Inc.",Automobile,266.08,272.75,265.89,269.28,266.76,76752021
2022-06-06,TSLA,"Tesla, Inc.",Automobile,267.97,272.99,263.71,269.51,266.97,95688399
2022-06-07,TSLA,"Tesla, Inc.",Automobile,272.1,278.63,269.54,270.7,268.14,61704694
2022-06-08,TSLA,"Tesla, Inc.",Automobile,273.18,277.99,262.79,270.01,267.44,69951620
2022-06-09,TSLA,"Tesla, Inc.",Automobile,271.31,272.85,256.38,263.17,260.65,40317316
2022-06-10,TSLA,"Tesla, Inc.",Automobile,262.35,266.57,260.95,263.26,260.73,77961715
2022-06-13,TSLA,"Tesla, Inc.",Automobile,263.96,283.8,257.16,275.83,273.15,50989917
2022-06-14,TSLA,"Tesla, Inc.",Automobile,272.29,272.89,262.59,269.97,267.34,40142354
2022-06-15,TSLA,"Tesla, Inc.",Automobile,270.89,273.27,252.93,268.07,265.45,50905857
2022-06-16,TSLA,"Tesla, Inc.",Automobile,267.57,275.07,252.41,261.85,259.28,46132391
2022-06-17,TSLA,"Tesla, Inc.",Automobile,262.66,276.02,258.8,270.03,267.36,82242155
2022-06-20,TSLA,"Tesla, Inc.",Automobile,271.46,285.6,264.82,276.06,273.31,90701570
2022-06-21,TSLA,"Tesla, Inc.",Automobile,278.98,284.66,256.08,266.91,264.24,76925321
2022-06-22,TSLA,"Tesla, Inc.",Automobile,267.11,272.87,248.67,253.06,250.52,47747467
2022-06-23,TSLA,"Tesla, Inc.",Automobile,247.17,272.49,241.14,258.96,256.34,54262611
2022-06-24,TSLA,"Tesla, Inc.",Automobile,259.22,260.78,249.07,249.97,247.44,46413079
2022-06-27,TSLA,"Tesla, Inc.",Automobile,251.87,256.89,251.22,255.54,252.94,65288884
2022-06-28,TSLA,"Tesla, Inc.",Automobile,255.24,263.46,235.84,251.3,248.72,64330230
2022-06-29,TSLA,"Tesla, Inc.",Automobile,251.48,256.61,248.41,255.99,253.36,60125308
2022-06-30,TSLA,"Tesla, Inc.",Automobile,255.35,260.37,254.33,259.05,256.37,77392427
2022-07-01,TSLA,"Tesla, Inc.",Automobile,258.21,259.46,253.08,255.43,252.78,64760754
2022-07-04,TSLA,"Tesla, Inc.",Automobile,255.12,263.36,247.75,249.59,246.99,44894237
2022-07-05,TSLA,"Tesla, Inc.",Automobile,249.17,255.2,248.93,253.46,250.8,92219737
2022-07-06,TSLA,"Tesla, Inc.",Automobile,253.66,256.8,247.52,248.89,246.26,72806026
2022-07-07,TSLA,"Tesla, Inc.",Automobile,249.2,262.3,244.94,256.33,253.61,72058571
2022-07-08,TSLA,"Tesla, Inc.",Automobile,255.73,272.79,236.86,250.78,248.11,57427769
2022-07-11,TSLA,"Tesla, Inc.",Automobile,248.81,254.24,245.76,253.15,250.44,71332155
2022-07-12,TSLA,"Tesla, Inc.",Automobile,252.65,257.86,246.98,250.58,247.88,66914920
2022-07-13,TSLA,"Tesla, Inc.",Automobile,253.28,255.07,246.79,250.65,247.94,76641310
2022-07-14,TSLA,"Tesla, Inc.",Automobile,251.82,255.82,233.93,246.07,243.4,68139902
2022-07-15,TSLA,"Tesla, Inc.",Automobile,245.09,246.71,243.15,244.95,242.27,49997916
2022-07-18,TSLA,"Tesla, Inc.",Automobile,247.05,252.57,218.94,228.92,226.41,68218683
2022-07-19,TSLA,"Tesla, Inc.",Automobile,226.59,227.33,221.32,224.08,221.61,57723349
2022-07-20,TSLA,"Tesla, Inc.",Automobile,224.84,226.1,211.93,220.65,218.21,62436587
2022-07-21,TSLA,"Tesla, Inc.",Automobile,221.17,223.58,219.93,220.26,217.81,36672148
2022-07-22,TSLA,"Tesla, Inc.",Automobile,218.39,231.63,216.07,227.95,225.41,93307084
2022-07-25,TSLA,"Tesla, Inc.",Automobile,228.79,228.84,221.15,223.81,221.3,84516450
2022-07-26,TSLA,"Tesla, Inc.",Automobile,221.92,232.53,219.33,232.37,229.76,83729836
2022-07-27,TSLA,"Tesla, Inc.",Automobile,229.97,231.67,225.76,227.17,224.6,93257165
2022-07-28,TSLA,"Tesla, Inc.",Automobile,226.31,229.82,205.09,220.63,218.12,68232402
2022-07-29,TSLA,"Tesla, Inc.",Automobile,222.67,223.78,209.58,209.93,207.53,57214614
2022-08-01,TSLA,"Tesla, Inc.",Automobile,208.44,216.64,203.03,213.35,210.91,77675646
2022-08-02,TSLA,"Tesla, Inc.",Automobile,216.12,219.65,209.46,213.87,211.4,41937451
2022-08-03,TSLA,"Tesla, Inc.",Automobile,213.77,218.29,210.99,217.01,214.5,63985938
2022-08-04,TSLA,"Tesla, Inc.",Automobile,213.68,218.91,213.44,217.8,215.27,64863758
2022-08-05,TSLA,"Tesla, Inc.",Automobile,216.27,218.05,216.03,217.77,215.23,43399661
2022-08-08,TSLA,"Tesla, Inc.",Automobile,217.68,226.36,214.18,219.45,216.87,49109889
2022-08-09,TSLA,"Tesla, Inc.",Automobile,220.69,237.51,219.57,232.34,229.6,15508843
2022-08-10,TSLA,"Tesla, Inc.",Automobile,228.58,234.76,220.1,229.47,226.76,69290237
2022-08-11,TSLA,"Tesla, Inc.",Automobile,227.92,248.29,225.46,242.32,239.44,31693193
2022-08-12,TSLA,"Tesla, Inc.",Automobile,244.2,248.6,242.37,247.87,244.92,73606516
2022-08-15,TSLA,"Tesla, Inc.",Automobile,248.03,252.52,245.75,250.31,247.32,65691275
2022-08-16,TSLA,"Tesla, Inc.",Automobile,247.58,256.04,240.95,254.04,250.99,81242621
2022-08-17,TSLA,"Tesla, Inc.",Automobile,253.43,255.55,229.02,233.48,230.66,40664022
2022-08-18,TSLA,"Tesla, Inc.",Automobile,233.91,235.2,231.25,231.9,229.08,92734079
2022-08-19,TSLA,"Tesla, Inc.",Automobile,232.64,240.66,225.34,227.85,225.07,68487650
2022-08-22,TSLA,"Tesla, Inc.",Automobile,225.24,242.01,222.58,240.98,238.03,86593968
2022-08-23,TSLA,"Tesla, Inc.",Automobile,239.56,240.49,232.22,238.84,235.91,68944111
2022-08-24,TSLA,"Tesla, Inc.",Automobile,237.04,244.75,235.07,238.68,235.74,71417567
2022-08-25,TSLA,"Tesla, Inc.",Automobile,237.22,243.01,234.12,238.42,235.47,62669876
2022-08-26,TSLA,"Tesla, Inc.",Automobile,238.37,242.51,226.27,230.35,227.49,53819100
2022-08-29,TSLA,"Tesla, Inc.",Automobile,230.14,230.3,219.82,226.99,224.16,64407142
2022-08-30,TSLA,"Tesla, Inc.",Automobile,227.64,237.91,223.98,231.98,229.07,57086039
2022-08-31,TSLA,"Tesla, Inc.",Automobile,227.36,227.64,197.5,219.28,216.52,79942800
2022-09-01,TSLA,"Tesla, Inc.",Automobile,217.23,223.82,216.62,221.12,218.33,72190313
2022-09-02,TSLA,"Tesla, Inc.",Automobile,220.17,223.69,215.76,215.94,213.2,46357609
2022-09-05,TSLA,"Tesla, Inc.",Automobile,214.06,225.98,213.89,223.52,220.68,67827184
2022-09-06,TSLA,"Tesla, Inc.",Automobile,224.42,228.08,219.5,225.9,223.01,41353852
2022-09-07,TSLA,"Tesla, Inc.",Automobile,222.76,224.19,215.72,217.03,214.24,66748484
2022-09-08,TSLA,"Tesla, Inc.",Automobile,218.31,221.32,207.95,214.68,211.91,74114476
2022-09-09,TSLA,"Tesla, Inc.",Automobile,217.21,218.69,215.79,217.3,214.48,35774322
2022-09-12,TSLA,"Tesla, Inc.",Automobile,216.02,217.07,215.36,215.58,212.78,30594541
2022-09-13,TSLA,"Tesla, Inc.",Automobile,216.91,218.85,214.97,216.44,213.62,100705816
2022-09-14,TSLA,"Tesla, Inc.",Automobile,218.37,218.87,214.59,216.36,213.52,78825144
2022-09-15,TSLA,"Tesla, Inc.",Automobile,217.56,222.08,216.68,221.4,218.49,61898683
2022-09-16,TSLA,"Tesla, Inc.",Automobile,221.16,226.67,218.94,224.02,221.06,70936427
2022-09-19,TSLA,"Tesla, Inc.",Automobile,224.3,226.95,222.15,223.76,220.8,85865637
2022-09-20,TSLA,"Tesla, Inc.",Automobile,221.74,228.28,219.87,223.9,220.92,75548625
2022-09-21,TSLA,"Tesla, Inc.",Automobile,225.69,236.5,216.81,217.6,214.7,55151345
2022-09-22,TSLA,"Tesla, Inc.",Automobile,219.17,228.45,217.05,226.24,223.21,74777505
2022-09-23,TSLA,"Tesla, Inc.",Automobile,227.73,251.43,220.99,244.72,241.43,58299097
2022-09-26,TSLA,"Tesla, Inc.",Automobile,245.03,251.89,240.61,242.62,239.35,84018481
2022-09-27,TSLA,"Tesla, Inc.",Automobile,239.21,243.65,232.64,242.96,239.67,44056563
2022-09-28,TSLA,"Tesla, Inc.",Automobile,244.16,249.77,238.86,249.6,246.21,69158904
2022-09-29,TSLA,"Tesla, Inc.",Automobile,249.16,261.3,242.43,256.39,252.89,66510132
2022-09-30,TSLA,"Tesla, Inc.",Automobile,257.65,258.37,257.1,257.64,254.11,59404825
2022-10-03,TSLA,"Tesla, Inc.",Automobile,259.23,268.43,244.91,251.1,247.64,56611613
2022-10-04,TSLA,"Tesla, Inc.",Automobile,253.24,264.54,251.14,263.51,259.87,62095589
2022-10-05,TSLA,"Tesla, Inc.",Automobile,265.52,269.04,263.37,268.33,264.61,78400208
2022-10-06,TSLA,"Tesla, Inc.",Automobile,269.9,271.32,266.82,269.94,266.18,75976797
2022-10-07,TSLA,"Tesla, Inc.",Automobile,270.15,274.53,264.75,264.86,261.16,51682979
2022-10-10,TSLA,"Tesla, Inc.",Automobile,264.67,266.25,262.14,265.3,261.58,53425181
2022-10-11,TSLA,"Tesla, Inc.",Automobile,264.2,270.98,242.51,252.89,249.34,63071734
2022-10-12,TSLA,"Tesla, Inc.",Automobile,250.94,261.23,246.16,257.93,254.29,45657249
2022-10-13,TSLA,"Tesla, Inc.",Automobile,258.49,268.66,246.3,264.78,261.02,73265901
2022-10-14,TSLA,"Tesla, Inc.",Automobile,262.24,270.83,260.89,266.42,262.64,95205475
2022-10-17,TSLA,"Tesla, Inc.",Automobile,264.21,264.72,259.33,259.77,256.07,61735173
2022-10-18,TSLA,"Tesla, Inc.",Automobile,259.12,264.5,254.59,262.93,259.17,62264894
2022-10-19,TSLA,"Tesla, Inc.",Automobile,263.61,272.54,261.62,268.5,264.64,53605223
2022-10-20,TSLA,"Tesla, Inc.",Automobile,266.32,268.15,262.54,263.3,259.51,77313549
2022-10-21,TSLA,"Tesla, Inc.",Automobile,263.46,281.7,248.77,269.93,266.02,91205887
2022-10-24,TSLA,"Tesla, Inc.",Automobile,268.79,277.16,262.97,273.73,269.76,93468021
2022-10-25,TSLA,"Tesla, Inc.",Automobile,277.14,280.65,270.78,271.79,267.83,76809105
2022-10-26,TSLA,"Tesla, Inc.",Automobile,273.8,280.2,260.94,267.84,263.93,92054728
2022-10-27,TSLA,"Tesla, Inc.",Automobile,267.62,275.55,266.4,266.61,262.7,86481179
2022-10-28,TSLA,"Tesla, Inc.",Automobile,265.98,274.59,247.88,259.88,256.06,53828257
2022-10-31,TSLA,"Tesla, Inc.",Automobile,256.54,262.04,256.17,261.71,257.85,52201728
2022-11-01,TSLA,"Tesla, Inc.",Automobile,260.32,295.65,254.65,265.64,261.7,78930767
2022-11-02,TSLA,"Tesla, Inc.",Automobile,269.36,281.14,258.74,274.02,269.94,42813660
2022-11-03,TSLA,"Tesla, Inc.",Automobile,271.6,282.57,268.63,276.22,272.09,80469740
2022-11-04,TSLA,"Tesla, Inc.",Automobile,277.85,279.7,262.63,279.13,274.95,64903076
2022-11-07,TSLA,"Tesla, Inc.",Automobile,283.46,289.56,273.94,277.19,273.02,63906335
2022-11-08,TSLA,"Tesla, Inc.",Automobile,280.22,289.28,270.34,270.89,266.8,72855271
2022-11-09,TSLA,"Tesla, Inc.",Automobile,268.28,271.03,266.66,267.86,263.8,59624328
2022-11-10,TSLA,"Tesla, Inc.",Automobile,265.24,280.16,264.36,278.21,273.98,78497442
2022-11-11,TSLA,"Tesla, Inc.",Automobile,276.62,287.22,268.97,282.95,278.64,56060799
2022-11-14,TSLA,"Tesla, Inc.",Automobile,282.89,295.28,275.12,286.05,281.68,90070311
2022-11-15,TSLA,"Tesla, Inc.",Automobile,288.38,288.42,270.0,272.67,268.49,76257440
2022-11-16,TSLA,"Tesla, Inc.",Automobile,272.28,283.4,267.2,274.97,270.74,49341185
2022-11-17,TSLA,"Tesla, Inc.",Automobile,276.19,277.15,261.74,265.5,261.4,83595999
2022-11-18,TSLA,"Tesla, Inc.",Automobile,264.77,277.54,248.27,256.84,252.86,62754785
2022-11-21,TSLA,"Tesla, Inc.",Automobile,254.87,257.18,244.52,249.2,245.33,68876025
2022-11-22,TSLA,"Tesla, Inc.",Automobile,249.19,250.58,242.51,244.19,240.38,55273777
2022-11-23,TSLA,"Tesla, Inc.",Automobile,244.44,252.87,237.91,249.66,245.75,87137144
2022-11-24,TSLA,"Tesla, Inc.",Automobile,249.96,253.98,249.66,251.19,247.25,55867652
2022-11-25,TSLA,"Tesla, Inc.",Automobile,248.85,249.16,238.26,245.03,241.18,54393491
2022-11-28,TSLA,"Tesla, Inc.",Automobile,246.9,251.24,239.49,241.33,237.52,46693786
2022-11-29,TSLA,"Tesla, Inc.",Automobile,240.51,251.51,231.31,244.56,240.69,60413946
2022-11-30,TSLA,"Tesla, Inc.",Automobile,245.2,256.09,238.71,249.15,245.19,92882039
2022-12-01,TSLA,"Tesla, Inc.",Automobile,249.66,250.19,243.34,250.06,246.08,57316267
2022-12-02,TSLA,"Tesla, Inc.",Automobile,248.55,249.81,241.95,242.62,238.74,77511508
2022-12-05,TSLA,"Tesla, Inc.",Automobile,244.37,249.57,236.13,240.01,236.16,85157321
2022-12-06,TSLA,"Tesla, Inc.",Automobile,240.32,260.48,239.07,255.65,251.54,83279978
2022-12-07,TSLA,"Tesla, Inc.",Automobile,254.85,262.92,242.75,247.62,243.62,36236530
2022-12-08,TSLA,"Tesla, Inc.",Automobile,246.33,251.55,244.02,250.12,246.07,106231736
2022-12-09,TSLA,"Tesla, Inc.",Automobile,250.26,264.92,249.1,264.59,260.29,51152633
2022-12-12,TSLA,"Tesla, Inc.",Automobile,263.5,271.57,258.16,262.72,258.43,59651863
2022-12-13,TSLA,"Tesla, Inc.",Automobile,261.27,278.86,258.18,275.81,271.3,58236693
2022-12-14,TSLA,"Tesla, Inc.",Automobile,276.38,278.74,269.43,270.87,266.43,59603674
2022-12-15,TSLA,"Tesla, Inc.",Automobile,270.25,272.41,254.99,257.12,252.89,74013033
2022-12-16,TSLA,"Tesla, Inc.",Automobile,257.28,268.15,246.06,253.24,249.06,58062512
2022-12-19,TSLA,"Tesla, Inc.",Automobile,253.93,267.52,241.12,248.24,244.13,45485998
2022-12-20,TSLA,"Tesla, Inc.",Automobile,248.46,251.38,230.02,237.54,233.6,56412874
2022-12-21,TSLA,"Tesla, Inc.",Automobile,239.91,240.4,232.11,234.96,231.05,50675219
2022-12-22,TSLA,"Tesla, Inc.",Automobile,234.69,241.81,233.85,241.24,237.2,79916154
2022-12-23,TSLA,"Tesla, Inc.",Automobile,241.27,250.78,236.56,237.5,233.52,70855231
2022-12-26,TSLA,"Tesla, Inc.",Automobile,236.27,238.61,224.67,235.18,231.23,86994677
2022-12-27,TSLA,"Tesla, Inc.",Automobile,236.36,251.63,229.04,243.9,239.78,56847173
2022-12-28,TSLA,"Tesla, Inc.",Automobile,246.29,247.36,238.47,239.15,235.1,65775768
2022-12-29,TSLA,"Tesla, Inc.",Automobile,237.81,243.81,223.76,243.13,239.0,82651750
2022-12-30,TSLA,"Tesla, Inc.",Automobile,239.65,240.56,230.06,232.42,228.46,42230763
2023-01-02,TSLA,"Tesla, Inc.",Automobile,234.79,235.41,222.44,226.58,222.71,47153140
2023-01-03,TSLA,"Tesla, Inc.",Automobile,226.33,226.34,224.62,225.33,221.47,50944134
2023-01-04,TSLA,"Tesla, Inc.",Automobile,224.8,238.4,216.66,232.69,228.69,86758635
2023-01-05,TSLA,"Tesla, Inc.",Automobile,231.88,237.24,215.72,227.16,223.25,73767331
2023-01-06,TSLA,"Tesla, Inc.",Automobile,225.47,232.61,221.35,221.7,217.87,64329457
2023-01-09,TSLA,"Tesla, Inc.",Automobile,223.08,223.53,222.14,223.33,219.47,58685996
2023-01-10,TSLA,"Tesla, Inc.",Automobile,223.21,226.9,221.03,225.94,222.01,60711002
2023-01-11,TSLA,"Tesla, Inc.",Automobile,228.46,230.96,219.48,219.86,216.03,68616184
2023-01-12,TSLA,"Tesla, Inc.",Automobile,216.89,229.15,205.34,216.87,213.08,74435569
2023-01-13,TSLA,"Tesla, Inc.",Automobile,214.42,225.67,214.25,223.22,219.31,102153937
2023-01-16,TSLA,"Tesla, Inc.",Automobile,221.02,224.26,211.07,216.39,212.58,39712645
2023-01-17,TSLA,"Tesla, Inc.",Automobile,217.06,224.09,216.76,218.38,214.53,76773330
2023-01-18,TSLA,"Tesla, Inc.",Automobile,217.36,217.39,214.19,215.44,211.63,28646257
2023-01-19,TSLA,"Tesla, Inc.",Automobile,216.02,229.04,211.92,223.61,219.65,57259602
2023-01-20,TSLA,"Tesla, Inc.",Automobile,222.52,229.51,219.31,227.1,223.06,75012633
2023-01-23,TSLA,"Tesla, Inc.",Automobile,225.97,233.06,224.26,232.48,228.34,65258293
2023-01-24,TSLA,"Tesla, Inc.",Automobile,234.94,241.08,223.88,229.23,225.13,70322402
2023-01-25,TSLA,"Tesla, Inc.",Automobile,225.19,237.83,220.88,234.31,230.11,66032354
2023-01-26,TSLA,"Tesla, Inc.",Automobile,233.27,240.77,230.64,239.35,235.04,56901056
2023-01-27,TSLA,"Tesla, Inc.",Automobile,239.26,244.82,237.35,242.69,238.31,60938202
2023-01-30,TSLA,"Tesla, Inc.",Automobile,245.28,246.72,234.26,240.91,236.55,71760734
2023-01-31,TSLA,"Tesla, Inc.",Automobile,242.75,243.54,241.88,241.98,237.59,82299916
2023-02-01,TSLA,"Tesla, Inc.",Automobile,241.04,244.25,227.78,230.43,226.24,75392868
2023-02-02,TSLA,"Tesla, Inc.",Automobile,233.29,246.7,230.63,241.44,237.04,63942206
2023-02-03,TSLA,"Tesla, Inc.",Automobile,238.44,241.62,234.58,237.64,233.3,64705249
2023-02-06,TSLA,"Tesla, Inc.",Automobile,232.54,238.66,226.06,235.58,231.26,72618990
2023-02-07,TSLA,"Tesla, Inc.",Automobile,234.34,236.19,224.9,227.54,223.35,89438121
2023-02-08,TSLA,"Tesla, Inc.",Automobile,224.49,237.49,224.46,231.65,227.38,72587965
2023-02-09,TSLA,"Tesla, Inc.",Automobile,233.44,236.51,232.08,234.95,230.6,73283927
2023-02-10,TSLA,"Tesla, Inc.",Automobile,231.88,233.28,225.06,233.15,228.82,59454249
2023-02-13,TSLA,"Tesla, Inc.",Automobile,236.53,237.95,218.08,219.21,215.13,84504643
2023-02-14,TSLA,"Tesla, Inc.",Automobile,219.32,221.31,210.44,215.15,211.14,106298442
2023-02-15,TSLA,"Tesla, Inc.",Automobile,215.28,219.91,213.51,217.81,213.74,85933458
2023-02-16,TSLA,"Tesla, Inc.",Automobile,216.68,219.87,213.95,219.29,215.18,68015714
2023-02-17,TSLA,"Tesla, Inc.",Automobile,221.54,231.85,212.57,219.05,214.93,43916316
2023-02-20,TSLA,"Tesla, Inc.",Automobile,221.03,223.15,216.57,216.64,212.55,62492958
2023-02-21,TSLA,"Tesla, Inc.",Automobile,216.89,220.4,207.63,207.8,203.87,95918682
2023-02-22,TSLA,"Tesla, Inc.",Automobile,209.16,214.55,206.42,213.19,209.15,54819438
2023-02-23,TSLA,"Tesla, Inc.",Automobile,214.89,215.28,202.25,205.25,201.35,59869935
2023-02-24,TSLA,"Tesla, Inc.",Automobile,210.03,217.95,192.02,204.17,200.28,63427694
2023-02-27,TSLA,"Tesla, Inc.",Automobile,203.94,221.02,198.24,198.68,194.88,64592971
2023-02-28,TSLA,"Tesla, Inc.",Automobile,197.26,212.12,194.98,204.0,200.09,80703185
2023-03-01,TSLA,"Tesla, Inc.",Automobile,204.02,221.8,195.92,207.19,203.21,89883968
2023-03-02,TSLA,"Tesla, Inc.",Automobile,206.59,211.17,197.44,205.27,201.31,26447786
2023-03-03,TSLA,"Tesla, Inc.",Automobile,206.94,209.1,202.83,209.08,205.04,88408294
2023-03-06,TSLA,"Tesla, Inc.",Automobile,210.53,212.72,199.69,201.02,197.12,50042846
2023-03-07,TSLA,"Tesla, Inc.",Automobile,200.91,202.14,198.99,200.62,196.72,55004428
2023-03-08,TSLA,"Tesla, Inc.",Automobile,199.9,200.15,194.39,195.12,191.32,58904647
2023-03-09,TSLA,"Tesla, Inc.",Automobile,194.86,200.89,193.91,200.51,196.6,87540467
2023-03-10,TSLA,"Tesla, Inc.",Automobile,198.47,205.82,196.62,202.53,198.57,74029043
2023-03-13,TSLA,"Tesla, Inc.",Automobile,202.47,208.91,201.18,206.07,202.03,53834432
2023-03-14,TSLA,"Tesla, Inc.",Automobile,203.65,204.21,202.8,203.1,199.11,80476084
2023-03-15,TSLA,"Tesla, Inc.",Automobile,200.77,209.35,198.49,207.17,203.09,40213931
2023-03-16,TSLA,"Tesla, Inc.",Automobile,208.44,209.35,199.47,201.16,197.19,60213559
2023-03-17,TSLA,"Tesla, Inc.",Automobile,200.39,200.64,194.71,196.07,192.19,28017590
2023-03-20,TSLA,"Tesla, Inc.",Automobile,193.37,196.5,185.67,195.19,191.31,66467397
2023-03-21,TSLA,"Tesla, Inc.",Automobile,195.46,199.04,186.43,190.45,186.65,52892338
2023-03-22,TSLA,"Tesla, Inc.",Automobile,191.79,194.9,189.49,194.08,190.2,62142714
2023-03-23,TSLA,"Tesla, Inc.",Automobile,193.65,199.51,191.23,191.69,187.85,78751524
2023-03-24,TSLA,"Tesla, Inc.",Automobile,191.05,197.08,185.38,186.31,182.57,58749620
2023-03-27,TSLA,"Tesla, Inc.",Automobile,185.98,190.71,174.3,180.46,176.83,63265198
2023-03-28,TSLA,"Tesla, Inc.",Automobile,180.95,184.08,179.34,183.84,180.14,76381342
2023-03-29,TSLA,"Tesla, Inc.",Automobile,183.85,185.93,153.46,171.9,168.42,73933074
2023-03-30,TSLA,"Tesla, Inc.",Automobile,169.21,171.29,165.58,167.38,163.99,64184887
2023-03-31,TSLA,"Tesla, Inc.",Automobile,166.28,177.32,159.25,173.73,170.2,72980432
2023-04-03,TSLA,"Tesla, Inc.",Automobile,173.91,176.18,166.72,172.18,168.67,56374127
2023-04-04,TSLA,"Tesla, Inc.",Automobile,171.18,188.5,161.96,175.5,171.91,72610653
2023-04-05,TSLA,"Tesla, Inc.",Automobile,175.55,180.42,174.15,177.52,173.88,67322756
2023-04-06,TSLA,"Tesla, Inc.",Automobile,177.92,181.13,176.47,176.64,173.02,52012936
2023-04-07,TSLA,"Tesla, Inc.",Automobile,175.64,178.31,167.22,169.08,165.6,70357438
2023-04-10,TSLA,"Tesla, Inc.",Automobile,167.88,169.2,154.78,163.27,159.9,59134254
2023-04-11,TSLA,"Tesla, Inc.",Automobile,164.32,165.88,155.49,157.59,154.33,65167520
2023-04-12,TSLA,"Tesla, Inc.",Automobile,158.13,159.97,157.58,159.64,156.33,84509950
2023-04-13,TSLA,"Tesla, Inc.",Automobile,161.08,166.75,160.28,162.51,159.13,73955841
2023-04-14,TSLA,"Tesla, Inc.",Automobile,163.66,168.97,157.8,158.8,155.49,38318274
2023-04-17,TSLA,"Tesla, Inc.",Automobile,158.39,168.24,148.97,158.49,155.17,38610694
2023-04-18,TSLA,"Tesla, Inc.",Automobile,159.01,161.39,157.63,158.54,155.22,36718367
2023-04-19,TSLA,"Tesla, Inc.",Automobile,161.54,162.04,158.67,158.89,155.55,80432737
2023-04-20,TSLA,"Tesla, Inc.",Automobile,158.34,161.42,152.99,155.74,152.46,54112485
2023-04-21,TSLA,"Tesla, Inc.",Automobile,155.13,163.1,152.49,162.65,159.22,74437029
2023-04-24,TSLA,"Tesla, Inc.",Automobile,160.69,165.99,159.76,165.62,162.12,66679651
2023-04-25,TSLA,"Tesla, Inc.",Automobile,166.02,173.23,164.88,165.96,162.44,75750914
2023-04-26,TSLA,"Tesla, Inc.",Automobile,165.42,170.34,157.7,163.72,160.24,67194589
2023-04-27,TSLA,"Tesla, Inc.",Automobile,162.76,163.15,159.5,160.17,156.76,71234950
2023-04-28,TSLA,"Tesla, Inc.",Automobile,161.46,168.24,156.97,161.88,158.43,65056496
2023-05-01,TSLA,"Tesla, Inc.",Automobile,162.17,162.65,158.59,159.89,156.46,79337909
2023-05-02,TSLA,"Tesla, Inc.",Automobile,158.86,164.13,157.88,160.47,157.03,60343834
2023-05-03,TSLA,"Tesla, Inc.",Automobile,162.11,162.13,150.12,152.63,149.35,71040772
2023-05-04,TSLA,"Tesla, Inc.",Automobile,153.39,156.49,149.64,150.52,147.28,55645844
2023-05-05,TSLA,"Tesla, Inc.",Automobile,150.52,151.77,146.32,150.11,146.86,79456068
2023-05-08,TSLA,"Tesla, Inc.",Automobile,148.35,155.55,143.43,154.02,150.69,76638463
2023-05-09,TSLA,"Tesla, Inc.",Automobile,154.69,155.77,148.15,150.33,147.06,63533075
2023-05-10,TSLA,"Tesla, Inc.",Automobile,151.74,158.12,143.61,144.55,141.4,53131257
2023-05-11,TSLA,"Tesla, Inc.",Automobile,145.82,148.21,143.75,146.28,143.09,80377019
2023-05-12,TSLA,"Tesla, Inc.",Automobile,145.23,150.6,142.64,146.05,142.86,56113116
2023-05-15,TSLA,"Tesla, Inc.",Automobile,146.46,157.45,138.14,139.56,136.5,67046403
2023-05-16,TSLA,"Tesla, Inc.",Automobile,138.32,143.38,130.4,133.54,130.61,65209679
2023-05-17,TSLA,"Tesla, Inc.",Automobile,134.86,137.26,131.09,131.29,128.4,100110839
2023-05-18,TSLA,"Tesla, Inc.",Automobile,131.66,132.03,129.6,131.02,128.13,61102751
2023-05-19,TSLA,"Tesla, Inc.",Automobile,130.71,136.87,130.07,135.94,132.93,57107519
2023-05-22,TSLA,"Tesla, Inc.",Automobile,136.14,140.35,125.99,132.12,129.19,63957410
2023-05-23,TSLA,"Tesla, Inc.",Automobile,132.07,134.67,131.41,134.04,131.06,79047599
2023-05-24,TSLA,"Tesla, Inc.",Automobile,131.65,136.8,122.19,127.28,124.44,63556286
2023-05-25,TSLA,"Tesla, Inc.",Automobile,127.93,128.58,126.83,128.51,125.64,90094845
2023-05-26,TSLA,"Tesla, Inc.",Automobile,127.88,136.65,125.67,133.76,130.76,70576731
2023-05-29,TSLA,"Tesla, Inc.",Automobile,133.58,135.83,128.41,134.28,131.26,66997497
2023-05-30,TSLA,"Tesla, Inc.",Automobile,134.63,135.43,128.65,131.94,128.97,73387924
2023-05-31,TSLA,"Tesla, Inc.",Automobile,130.77,140.74,127.67,136.33,133.26,55851459
2023-06-01,TSLA,"Tesla, Inc.",Automobile,134.77,137.76,131.87,137.61,134.51,49970002
2023-06-02,TSLA,"Tesla, Inc.",Automobile,137.88,138.37,136.18,138.19,135.06,72810166
2023-06-05,TSLA,"Tesla, Inc.",Automobile,139.72,142.56,134.39,134.53,131.48,58675178
2023-06-06,TSLA,"Tesla, Inc.",Automobile,134.85,139.48,131.25,135.85,132.77,97459644
2023-06-07,TSLA,"Tesla, Inc.",Automobile,135.92,138.11,130.94,133.43,130.39,37130359
2023-06-08,TSLA,"Tesla, Inc.",Automobile,131.55,135.06,128.46,134.55,131.48,92235161
2023-06-09,TSLA,"Tesla, Inc.",Automobile,133.05,137.18,131.22,134.74,131.66,69489307
2023-06-12,TSLA,"Tesla, Inc.",Automobile,134.68,138.75,134.12,138.68,135.5,46568309
2023-06-13,TSLA,"Tesla, Inc.",Automobile,138.57,141.53,133.78,136.6,133.46,79881611
2023-06-14,TSLA,"Tesla, Inc.",Automobile,136.36,136.89,134.12,136.08,132.94,58746505
2023-06-15,TSLA,"Tesla, Inc.",Automobile,134.95,139.87,133.69,139.0,135.79,64031331
2023-06-16,TSLA,"Tesla, Inc.",Automobile,138.96,141.21,136.94,138.15,134.96,67397530
2023-06-19,TSLA,"Tesla, Inc.",Automobile,140.05,141.67,137.72,138.09,134.89,52063674
2023-06-20,TSLA,"Tesla, Inc.",Automobile,136.73,136.95,134.91,136.63,133.46,68103237
2023-06-21,TSLA,"Tesla, Inc.",Automobile,138.07,138.69,133.83,136.06,132.89,91590846
2023-06-22,TSLA,"Tesla, Inc.",Automobile,136.15,144.62,135.05,138.51,135.28,69171193
2023-06-23,TSLA,"Tesla, Inc.",Automobile,139.73,146.41,139.68,145.42,142.02,60746192
2023-06-26,TSLA,"Tesla, Inc.",Automobile,146.97,148.43,139.01,139.13,135.86,69902786
2023-06-27,TSLA,"Tesla, Inc.",Automobile,139.38,142.76,131.84,134.56,131.4,88939696
2023-06-28,TSLA,"Tesla, Inc.",Automobile,135.56,140.04,129.3,134.08,130.92,82403721
2023-06-29,TSLA,"Tesla, Inc.",Automobile,134.28,138.58,133.81,134.27,131.1,60779441
2023-06-30,TSLA,"Tesla, Inc.",Automobile,134.62,136.5,130.71,133.52,130.36,61687482
2023-07-03,TSLA,"Tesla, Inc.",Automobile,133.77,138.22,127.33,131.59,128.47,68007335
2023-07-04,TSLA,"Tesla, Inc.",Automobile,130.85,133.83,126.96,127.39,124.36,61263184
2023-07-05,TSLA,"Tesla, Inc.",Automobile,127.23,127.8,125.31,125.36,122.38,46317646
2023-07-06,TSLA,"Tesla, Inc.",Automobile,125.17,128.96,120.2,128.12,125.06,48052774
2023-07-07,TSLA,"Tesla, Inc.",Automobile,127.59,130.44,124.49,128.45,125.38,79069930
2023-07-10,TSLA,"Tesla, Inc.",Automobile,129.51,131.55,129.44,130.78,127.65,64766792
2023-07-11,TSLA,"Tesla, Inc.",Automobile,131.89,133.15,126.6,126.7,123.66,59148189
2023-07-12,TSLA,"Tesla, Inc.",Automobile,128.38,134.14,125.18,131.65,128.48,68773818
2023-07-13,TSLA,"Tesla, Inc.",Automobile,132.75,135.98,125.39,129.72,126.6,77200339
2023-07-14,TSLA,"Tesla, Inc.",Automobile,129.66,132.07,129.32,131.38,128.21,53058027
2023-07-17,TSLA,"Tesla, Inc.",Automobile,130.47,131.43,128.26,130.97,127.8,77870873
2023-07-18,TSLA,"Tesla, Inc.",Automobile,131.62,132.32,128.55,129.12,125.99,40847453
2023-07-19,TSLA,"Tesla, Inc.",Automobile,128.75,131.41,128.74,130.63,127.45,31868699
2023-07-20,TSLA,"Tesla, Inc.",Automobile,130.15,133.34,130.01,132.74,129.5,48973437
2023-07-21,TSLA,"Tesla, Inc.",Automobile,132.37,143.01,132.19,142.54,139.06,38303892
2023-07-24,TSLA,"Tesla, Inc.",Automobile,143.24,145.78,136.45,144.99,141.44,52430311
2023-07-25,TSLA,"Tesla, Inc.",Automobile,145.28,149.78,144.66,147.42,143.81,113239208
2023-07-26,TSLA,"Tesla, Inc.",Automobile,147.99,155.77,147.57,151.97,148.24,65625218
2023-07-27,TSLA,"Tesla, Inc.",Automobile,154.64,156.56,153.01,154.15,150.35,51800474
2023-07-28,TSLA,"Tesla, Inc.",Automobile,155.1,162.09,151.68,154.01,150.21,61148992
2023-07-31,TSLA,"Tesla, Inc.",Automobile,153.24,157.11,151.94,155.36,151.52,46661039
2023-08-01,TSLA,"Tesla, Inc.",Automobile,156.0,160.01,154.22,158.93,155.0,38663482
2023-08-02,TSLA,"Tesla, Inc.",Automobile,156.45,169.62,155.02,164.91,160.82,71964119
2023-08-03,TSLA,"Tesla, Inc.",Automobile,164.78,165.12,153.86,158.47,154.53,67189938
2023-08-04,TSLA,"Tesla, Inc.",Automobile,160.23,161.39,149.87,150.76,147.0,55265678
2023-08-07,TSLA,"Tesla, Inc.",Automobile,149.7,157.08,149.03,156.25,152.35,63542493
2023-08-08,TSLA,"Tesla, Inc.",Automobile,156.62,166.3,152.87,153.01,149.18,78900451
2023-08-09,TSLA,"Tesla, Inc.",Automobile,152.77,154.24,145.26,146.46,142.79,47434384
2023-08-10,TSLA,"Tesla, Inc.",Automobile,148.95,149.01,135.12,139.85,136.33,67176556
2023-08-11,TSLA,"Tesla, Inc.",Automobile,140.76,153.35,137.74,146.69,143.0,44143564
2023-08-14,TSLA,"Tesla, Inc.",Automobile,146.93,152.07,146.27,150.16,146.37,67666768
2023-08-15,TSLA,"Tesla, Inc.",Automobile,149.34,150.46,146.23,147.05,143.33,87931682
2023-08-16,TSLA,"Tesla, Inc.",Automobile,144.81,146.22,143.35,144.17,140.52,37997242
2023-08-17,TSLA,"Tesla, Inc.",Automobile,144.84,152.67,139.7,144.39,140.73,80257215
2023-08-18,TSLA,"Tesla, Inc.",Automobile,145.8,147.84,145.7,147.73,143.98,53048896
2023-08-21,TSLA,"Tesla, Inc.",Automobile,146.32,148.84,143.91,146.61,142.87,68251869
2023-08-22,TSLA,"Tesla, Inc.",Automobile,147.21,147.96,141.84,143.61,139.94,96429327
2023-08-23,TSLA,"Tesla, Inc.",Automobile,144.84,148.27,143.72,148.0,144.22,66607796
2023-08-24,TSLA,"Tesla, Inc.",Automobile,148.4,149.79,146.29,147.92,144.13,49664070
2023-08-25,TSLA,"Tesla, Inc.",Automobile,148.21,155.0,146.95,147.19,143.41,51399065
2023-08-28,TSLA,"Tesla, Inc.",Automobile,147.7,152.7,144.28,149.54,145.69,60814448
2023-08-29,TSLA,"Tesla, Inc.",Automobile,150.93,154.41,140.9,141.34,137.69,49400477
2023-08-30,TSLA,"Tesla, Inc.",Automobile,140.65,144.75,137.7,143.14,139.44,70262592
2023-08-31,TSLA,"Tesla, Inc.",Automobile,142.32,146.31,139.05,144.72,140.97,85301525
2023-09-01,TSLA,"Tesla, Inc.",Automobile,142.16,142.7,138.9,139.55,135.93,39518460
2023-09-04,TSLA,"Tesla, Inc.",Automobile,138.88,140.3,131.52,132.58,129.14,64346814
2023-09-05,TSLA,"Tesla, Inc.",Automobile,132.77,137.6,129.19,130.63,127.23,60748069
2023-09-06,TSLA,"Tesla, Inc.",Automobile,131.57,132.56,130.11,131.29,127.86,51020133
2023-09-07,TSLA,"Tesla, Inc.",Automobile,132.55,135.26,128.28,132.3,128.84,75647389
2023-09-08,TSLA,"Tesla, Inc.",Automobile,130.63,140.56,130.6,138.41,134.79,64642343
2023-09-11,TSLA,"Tesla, Inc.",Automobile,137.84,140.4,137.69,139.1,135.45,56673480
2023-09-12,TSLA,"Tesla, Inc.",Automobile,139.17,140.56,131.11,134.07,130.54,52324422
2023-09-13,TSLA,"Tesla, Inc.",Automobile,132.6,133.43,132.04,133.2,129.69,69669374
2023-09-14,TSLA,"Tesla, Inc.",Automobile,133.37,133.9,128.29,128.71,125.32,69652637
2023-09-15,TSLA,"Tesla, Inc.",Automobile,129.85,132.12,124.54,128.12,124.73,78207718
2023-09-18,TSLA,"Tesla, Inc.",Automobile,127.83,133.72,127.25,133.0,129.48,75975084
2023-09-19,TSLA,"Tesla, Inc.",Automobile,133.37,136.9,131.62,134.65,131.07,62491580
2023-09-20,TSLA,"Tesla, Inc.",Automobile,134.25,135.04,131.21,132.12,128.61,102256489
2023-09-21,TSLA,"Tesla, Inc.",Automobile,131.71,134.6,131.51,134.22,130.65,50880602
2023-09-22,TSLA,"Tesla, Inc.",Automobile,134.42,137.34,127.22,131.51,128.0,59834811
2023-09-25,TSLA,"Tesla, Inc.",Automobile,130.93,131.06,120.96,122.25,118.98,77191034
2023-09-26,TSLA,"Tesla, Inc.",Automobile,123.36,123.4,117.47,118.34,115.17,73611219
2023-09-27,TSLA,"Tesla, Inc.",Automobile,120.18,121.42,117.49,119.8,116.58,36099356
2023-09-28,TSLA,"Tesla, Inc.",Automobile,119.42,124.87,118.86,122.29,119.0,53448213
2023-09-29,TSLA,"Tesla, Inc.",Automobile,121.95,131.48,121.02,127.99,124.54,46404347
2023-10-02,TSLA,"Tesla, Inc.",Automobile,129.46,131.73,127.56,129.17,125.68,63814024
2023-10-03,TSLA,"Tesla, Inc.",Automobile,128.7,134.56,126.0,133.87,130.25,100262780
2023-10-04,TSLA,"Tesla, Inc.",Automobile,135.81,137.95,135.62,136.14,132.45,74542707
2023-10-05,TSLA,"Tesla, Inc.",Automobile,136.42,141.17,136.4,139.57,135.78,64406482
2023-10-06,TSLA,"Tesla, Inc.",Automobile,140.7,146.38,139.85,143.72,139.81,67082959
2023-10-09,TSLA,"Tesla, Inc.",Automobile,144.92,152.97,143.54,145.6,141.63,74744088
2023-10-10,TSLA,"Tesla, Inc.",Automobile,145.56,155.13,141.91,149.82,145.73,40704652
2023-10-11,TSLA,"Tesla, Inc.",Automobile,150.43,150.71,146.72,147.1,143.07,71248306
2023-10-12,TSLA,"Tesla, Inc.",Automobile,145.84,147.11,137.95,137.97,134.19,59735708
2023-10-13,TSLA,"Tesla, Inc.",Automobile,138.23,144.12,136.78,140.38,136.53,58543289
2023-10-16,TSLA,"Tesla, Inc.",Automobile,140.46,146.66,138.36,141.8,137.9,75737969
2023-10-17,TSLA,"Tesla, Inc.",Automobile,141.23,141.77,136.05,138.57,134.75,72928176
2023-10-18,TSLA,"Tesla, Inc.",Automobile,136.9,136.97,133.9,134.03,130.33,65953069
2023-10-19,TSLA,"Tesla, Inc.",Automobile,134.29,136.39,132.08,134.52,130.79,53536198
2023-10-20,TSLA,"Tesla, Inc.",Automobile,134.49,137.74,134.17,137.11,133.31,50478746
2023-10-23,TSLA,"Tesla, Inc.",Automobile,137.62,139.59,136.64,139.03,135.16,74874458
2023-10-24,TSLA,"Tesla, Inc.",Automobile,138.63,145.48,133.46,135.34,131.58,94091953
2023-10-25,TSLA,"Tesla, Inc.",Automobile,136.19,136.49,131.06,132.54,128.85,62203100
2023-10-26,TSLA,"Tesla, Inc.",Automobile,132.7,136.15,130.76,134.93,131.16,49367377
2023-10-27,TSLA,"Tesla, Inc.",Automobile,133.51,139.42,129.79,135.2,131.42,79778931
2023-10-30,TSLA,"Tesla, Inc.",Automobile,133.89,141.31,129.67,139.07,135.17,65630585
2023-10-31,TSLA,"Tesla, Inc.",Automobile,140.07,140.42,136.77,137.9,134.03,55657604
2023-11-01,TSLA,"Tesla, Inc.",Automobile,138.33,141.12,136.21,140.64,136.69,63428419
2023-11-02,TSLA,"Tesla, Inc.",Automobile,140.07,146.02,137.34,140.51,136.55,51281526
2023-11-03,TSLA,"Tesla, Inc.",Automobile,137.17,138.98,131.76,137.87,133.98,72909951
2023-11-06,TSLA,"Tesla, Inc.",Automobile,138.44,142.79,133.38,141.31,137.32,66346941
2023-11-07,TSLA,"Tesla, Inc.",Automobile,141.61,142.07,137.24,137.67,133.77,64566477
2023-11-08,TSLA,"Tesla, Inc.",Automobile,135.62,142.34,133.3,137.96,134.04,75351421
2023-11-09,TSLA,"Tesla, Inc.",Automobile,137.1,143.13,135.67,138.62,134.68,38590453
2023-11-10,TSLA,"Tesla, Inc.",Automobile,138.31,138.73,136.8,138.2,134.26,70627734
2023-11-13,TSLA,"Tesla, Inc.",Automobile,137.64,142.8,137.3,141.89,137.84,73270975
2023-11-14,TSLA,"Tesla, Inc.",Automobile,141.69,146.73,139.04,144.07,139.95,29245681
2023-11-15,TSLA,"Tesla, Inc.",Automobile,145.37,154.07,144.66,145.83,141.65,26508209
2023-11-16,TSLA,"Tesla, Inc.",Automobile,145.32,147.51,145.04,146.11,141.92,65226155
2023-11-17,TSLA,"Tesla, Inc.",Automobile,144.56,153.57,144.02,153.49,149.08,61566797
2023-11-20,TSLA,"Tesla, Inc.",Automobile,154.0,165.43,147.84,159.57,154.98,70161416
2023-11-21,TSLA,"Tesla, Inc.",Automobile,161.83,164.71,160.83,163.52,158.81,57338342
2023-11-22,TSLA,"Tesla, Inc.",Automobile,163.64,167.74,163.44,166.84,162.02,71464868
2023-11-23,TSLA,"Tesla, Inc.",Automobile,169.15,173.61,161.38,164.23,159.47,63654116
2023-11-24,TSLA,"Tesla, Inc.",Automobile,163.7,164.48,163.09,164.03,159.28,47915776
2023-11-27,TSLA,"Tesla, Inc.",Automobile,164.15,168.21,163.45,166.84,161.99,52315572
2023-11-28,TSLA,"Tesla, Inc.",Automobile,166.11,171.99,165.53,171.57,166.57,34912906
2023-11-29,TSLA,"Tesla, Inc.",Automobile,173.22,177.34,170.76,175.69,170.56,48559819
2023-11-30,TSLA,"Tesla, Inc.",Automobile,174.57,183.2,167.1,178.43,173.22,59545847
2023-12-01,TSLA,"Tesla, Inc.",Automobile,178.24,191.39,176.99,188.15,182.65,71060737
2023-12-04,TSLA,"Tesla, Inc.",Automobile,190.84,191.93,186.74,187.5,182.01,65588570
2023-12-05,TSLA,"Tesla, Inc.",Automobile,187.63,193.54,186.44,192.62,186.97,69255176
2023-12-06,TSLA,"Tesla, Inc.",Automobile,193.27,199.91,192.09,197.24,191.44,53052180
2023-12-07,TSLA,"Tesla, Inc.",Automobile,197.79,214.89,196.11,199.6,193.72,65173907
2023-12-08,TSLA,"Tesla, Inc.",Automobile,197.97,202.27,196.61,202.18,196.21,46654783
2023-12-11,TSLA,"Tesla, Inc.",Automobile,201.68,207.73,200.36,204.68,198.63,64062293
2023-12-12,TSLA,"Tesla, Inc.",Automobile,206.37,210.76,200.2,200.91,194.96,47351780
2023-12-13,TSLA,"Tesla, Inc.",Automobile,202.15,203.66,201.21,203.07,197.05,48087436
2023-12-14,TSLA,"Tesla, Inc.",Automobile,205.18,213.37,202.72,207.16,201.01,78503885
2023-12-15,TSLA,"Tesla, Inc.",Automobile,206.71,209.16,204.83,208.96,202.74,68654300
2023-12-18,TSLA,"Tesla, Inc.",Automobile,208.68,214.46,192.5,199.04,193.11,81806243
2023-12-19,TSLA,"Tesla, Inc.",Automobile,197.87,204.54,182.82,190.89,185.19,72988947
2023-12-20,TSLA,"Tesla, Inc.",Automobile,190.06,198.87,186.34,186.82,181.24,67538723
2023-12-21,TSLA,"Tesla, Inc.",Automobile,185.1,187.3,180.98,186.3,180.71,63897904
2023-12-22,TSLA,"Tesla, Inc.",Automobile,184.85,186.07,182.54,182.59,177.11,78911446
2023-12-25,TSLA,"Tesla, Inc.",Automobile,184.01,191.34,180.0,185.76,180.17,74903880
2023-12-26,TSLA,"Tesla, Inc.",Automobile,184.45,191.85,181.75,191.73,185.96,74699050
2023-12-27,TSLA,"Tesla, Inc.",Automobile,193.74,199.7,193.66,198.65,192.65,76144931
2023-12-28,TSLA,"Tesla, Inc.",Automobile,201.06,205.79,199.11,200.45,194.39,80504707
2023-12-29,TSLA,"Tesla, Inc.",Automobile,200.72,208.02,200.21,206.31,200.06,73755940
2024-01-01,TSLA,"Tesla, Inc.",Automobile,206.1,207.96,200.47,203.29,197.12,72472043
2024-01-02,TSLA,"Tesla, Inc.",Automobile,203.21,206.04,201.13,202.5,196.35,73378372
2024-01-03,TSLA,"Tesla, Inc.",Automobile,203.45,212.83,195.21,196.37,190.39,68465870
2024-01-04,TSLA,"Tesla, Inc.",Automobile,195.94,203.88,190.19,202.76,196.58,87292269
2024-01-05,TSLA,"Tesla, Inc.",Automobile,203.49,215.1,195.75,213.61,207.09,34947043
2024-01-08,TSLA,"Tesla, Inc.",Automobile,215.33,219.66,205.65,211.68,205.21,49872037
2024-01-09,TSLA,"Tesla, Inc.",Automobile,211.27,219.39,195.8,199.89,193.77,75826508
2024-01-10,TSLA,"Tesla, Inc.",Automobile,201.99,202.65,193.46,194.93,188.95,63302440
2024-01-11,TSLA,"Tesla, Inc.",Automobile,194.23,204.52,190.99,191.63,185.74,78000769
2024-01-12,TSLA,"Tesla, Inc.",Automobile,192.56,194.56,183.88,185.04,179.35,35117216
2024-01-15,TSLA,"Tesla, Inc.",Automobile,184.62,192.91,174.67,180.09,174.54,52023846
2024-01-16,TSLA,"Tesla, Inc.",Automobile,179.44,194.5,176.58,181.09,175.5,60689616
2024-01-17,TSLA,"Tesla, Inc.",Automobile,184.92,194.56,175.63,184.3,178.6,77850316
2024-01-18,TSLA,"Tesla, Inc.",Automobile,184.58,187.84,172.31,174.53,169.12,38009649
2024-01-19,TSLA,"Tesla, Inc.",Automobile,175.67,181.81,164.92,172.11,166.77,57327182
2024-01-22,TSLA,"Tesla, Inc.",Automobile,171.85,172.64,170.83,172.3,166.95,75478632
2024-01-23,TSLA,"Tesla, Inc.",Automobile,173.47,173.71,165.05,167.53,162.31,51294969
2024-01-24,TSLA,"Tesla, Inc.",Automobile,167.35,171.48,159.26,168.6,163.34,54037476
2024-01-25,TSLA,"Tesla, Inc.",Automobile,169.55,174.12,164.32,168.1,162.85,54718466
2024-01-26,TSLA,"Tesla, Inc.",Automobile,167.44,171.68,164.27,166.14,160.94,77146689
2024-01-29,TSLA,"Tesla, Inc.",Automobile,164.36,174.67,158.84,162.4,157.31,60362847
2024-01-30,TSLA,"Tesla, Inc.",Automobile,163.1,169.05,161.57,163.6,158.46,44738038
2024-01-31,TSLA,"Tesla, Inc.",Automobile,164.72,165.07,152.27,160.35,155.31,70616882
2024-02-01,TSLA,"Tesla, Inc.",Automobile,159.89,162.71,152.64,153.18,148.36,80562000
2024-02-02,TSLA,"Tesla, Inc.",Automobile,155.27,160.92,152.2,153.29,148.45,68481142
2024-02-05,TSLA,"Tesla, Inc.",Automobile,152.78,153.31,148.28,148.37,143.68,54055131
2024-02-06,TSLA,"Tesla, Inc.",Automobile,147.15,148.26,141.84,142.06,137.56,76180384
2024-02-07,TSLA,"Tesla, Inc.",Automobile,142.21,142.78,141.68,142.57,138.05,66271965
2024-02-08,TSLA,"Tesla, Inc.",Automobile,139.71,142.04,139.05,141.97,137.46,52798179
2024-02-09,TSLA,"Tesla, Inc.",Automobile,140.29,142.68,137.72,138.77,134.36,57702610
2024-02-12,TSLA,"Tesla, Inc.",Automobile,139.5,140.24,137.24,139.63,135.18,57621804
2024-02-13,TSLA,"Tesla, Inc.",Automobile,138.17,144.21,137.42,141.22,136.72,87625041
2024-02-14,TSLA,"Tesla, Inc.",Automobile,142.81,146.76,135.18,142.14,137.6,54067655
2024-02-15,TSLA,"Tesla, Inc.",Automobile,141.58,152.64,138.15,142.93,138.35,60945615
2024-02-16,TSLA,"Tesla, Inc.",Automobile,146.44,148.92,135.34,137.0,132.61,60566827
2024-02-19,TSLA,"Tesla, Inc.",Automobile,134.93,142.74,133.35,141.79,137.24,83335178
2024-02-20,TSLA,"Tesla, Inc.",Automobile,141.35,144.49,132.48,143.91,139.28,60755825
2024-02-21,TSLA,"Tesla, Inc.",Automobile,144.55,145.36,137.24,140.35,135.83,35439180
2024-02-22,TSLA,"Tesla, Inc.",Automobile,140.61,141.45,139.37,140.33,135.8,55139275
2024-02-23,TSLA,"Tesla, Inc.",Automobile,139.36,143.56,138.48,141.01,136.45,51419957
2024-02-26,TSLA,"Tesla, Inc.",Automobile,139.38,141.72,138.94,140.88,136.32,79824846
2024-02-27,TSLA,"Tesla, Inc.",Automobile,140.7,148.96,139.32,147.74,142.96,103809071
2024-02-28,TSLA,"Tesla, Inc.",Automobile,145.43,145.69,139.67,140.35,135.79,70204913
2024-02-29,TSLA,"Tesla, Inc.",Automobile,141.34,145.59,131.31,134.99,130.6,51999009
2024-03-01,TSLA,"Tesla, Inc.",Automobile,135.16,136.22,126.07,127.04,122.9,70670234
2024-03-04,TSLA,"Tesla, Inc.",Automobile,127.47,129.85,125.39,127.33,123.17,48680998
2024-03-05,TSLA,"Tesla, Inc.",Automobile,127.71,133.09,126.01,129.19,124.97,58305008
2024-03-06,TSLA,"Tesla, Inc.",Automobile,129.57,131.1,125.51,130.45,126.18,69797345
2024-03-07,TSLA,"Tesla, Inc.",Automobile,132.04,133.01,128.57,129.47,125.23,61223445
2024-03-08,TSLA,"Tesla, Inc.",Automobile,130.07,132.15,128.78,130.89,126.59,92335892
2024-03-11,TSLA,"Tesla, Inc.",Automobile,132.01,133.22,124.9,129.88,125.61,77950347
2024-03-12,TSLA,"Tesla, Inc.",Automobile,128.09,135.21,124.41,132.47,128.11,90432737
2024-03-13,TSLA,"Tesla, Inc.",Automobile,130.31,142.46,125.1,136.42,131.92,63932659
2024-03-14,TSLA,"Tesla, Inc.",Automobile,136.79,138.06,132.0,133.12,128.72,80521986
2024-03-15,TSLA,"Tesla, Inc.",Automobile,131.97,132.13,131.44,132.13,127.76,55136145
2024-03-18,TSLA,"Tesla, Inc.",Automobile,131.16,134.22,127.72,131.7,127.34,54959506
2024-03-19,TSLA,"Tesla, Inc.",Automobile,133.54,136.97,131.45,136.78,132.25,58394050
2024-03-20,TSLA,"Tesla, Inc.",Automobile,135.83,141.84,133.77,133.89,129.44,49108678
2024-03-21,TSLA,"Tesla, Inc.",Automobile,133.36,143.34,132.91,137.85,133.26,43427346
2024-03-22,TSLA,"Tesla, Inc.",Automobile,139.0,144.55,132.49,132.62,128.2,101346591
2024-03-25,TSLA,"Tesla, Inc.",Automobile,132.2,138.0,131.55,137.08,132.5,78631422
2024-03-26,TSLA,"Tesla, Inc.",Automobile,136.13,147.82,135.53,140.22,135.53,48308538
2024-03-27,TSLA,"Tesla, Inc.",Automobile,141.27,142.16,139.4,139.66,134.98,71003275
2024-03-28,TSLA,"Tesla, Inc.",Automobile,139.49,144.29,137.78,143.11,138.31,71423815
2024-03-29,TSLA,"Tesla, Inc.",Automobile,143.25,144.0,133.22,141.24,136.5,53687118
2024-04-01,TSLA,"Tesla, Inc.",Automobile,140.61,140.85,133.09,137.85,133.21,64519717
2024-04-02,TSLA,"Tesla, Inc.",Automobile,138.17,144.56,137.68,144.24,139.38,59721767
2024-04-03,TSLA,"Tesla, Inc.",Automobile,144.12,146.49,140.69,142.2,137.41,56576019
2024-04-04,TSLA,"Tesla, Inc.",Automobile,140.85,148.25,124.96,144.79,139.9,86698646
2024-04-05,TSLA,"Tesla, Inc.",Automobile,144.77,152.27,144.61,149.12,144.08,68628724
2024-04-08,TSLA,"Tesla, Inc.",Automobile,147.27,152.82,145.79,152.36,147.19,46274652
2024-04-09,TSLA,"Tesla, Inc.",Automobile,151.39,155.12,150.82,154.81,149.56,79085437
2024-04-10,TSLA,"Tesla, Inc.",Automobile,155.57,160.1,155.42,157.64,152.28,72947150
2024-04-11,TSLA,"Tesla, Inc.",Automobile,157.81,164.12,150.86,162.13,156.62,64949635
2024-04-12,TSLA,"Tesla, Inc.",Automobile,164.04,166.68,163.4,163.52,157.95,63973424
2024-04-15,TSLA,"Tesla, Inc.",Automobile,163.89,166.69,159.52,163.37,157.79,59482050
2024-04-16,TSLA,"Tesla, Inc.",Automobile,162.06,166.15,156.8,157.58,152.19,68842445
2024-04-17,TSLA,"Tesla, Inc.",Automobile,156.76,161.04,154.37,158.93,153.49,40205981
2024-04-18,TSLA,"Tesla, Inc.",Automobile,160.24,164.85,153.37,163.34,157.74,74396596
2024-04-19,TSLA,"Tesla, Inc.",Automobile,163.57,166.33,152.19,158.67,153.22,69662575
2024-04-22,TSLA,"Tesla, Inc.",Automobile,157.98,163.38,157.32,157.73,152.3,68452493
2024-04-23,TSLA,"Tesla, Inc.",Automobile,158.76,167.93,157.56,159.54,154.04,80099369
2024-04-24,TSLA,"Tesla, Inc.",Automobile,158.82,167.9,155.47,166.07,160.34,54298498
2024-04-25,TSLA,"Tesla, Inc.",Automobile,166.82,169.5,157.96,161.08,155.51,85001587
2024-04-26,TSLA,"Tesla, Inc.",Automobile,161.24,165.69,159.97,164.51,158.82,74770800
2024-04-29,TSLA,"Tesla, Inc.",Automobile,165.43,167.16,155.73,162.98,157.34,55910555
2024-04-30,TSLA,"Tesla, Inc.",Automobile,162.82,163.73,159.33,160.13,154.57,58210113
2024-05-01,TSLA,"Tesla, Inc.",Automobile,159.73,162.83,152.31,156.3,150.87,74917782
2024-05-02,TSLA,"Tesla, Inc.",Automobile,155.6,158.16,153.43,153.64,148.29,83910880
2024-05-03,TSLA,"Tesla, Inc.",Automobile,153.23,159.26,150.25,155.7,150.27,54237520
2024-05-06,TSLA,"Tesla, Inc.",Automobile,154.5,154.99,151.59,154.78,149.38,56347426
2024-05-07,TSLA,"Tesla, Inc.",Automobile,155.04,160.04,150.22,157.75,152.24,75805362
2024-05-08,TSLA,"Tesla, Inc.",Automobile,158.17,164.37,145.7,153.16,147.8,87770394
2024-05-09,TSLA,"Tesla, Inc.",Automobile,152.12,160.75,150.88,156.03,150.56,71440260
2024-05-10,TSLA,"Tesla, Inc.",Automobile,157.47,158.51,148.5,157.85,152.31,54888215
2024-05-13,TSLA,"Tesla, Inc.",Automobile,155.84,159.02,151.67,151.7,146.36,90476880
2024-05-14,TSLA,"Tesla, Inc.",Automobile,152.4,158.55,151.57,157.88,152.33,95019769
2024-05-15,TSLA,"Tesla, Inc.",Automobile,159.54,160.13,158.2,159.33,153.71,74353992
2024-05-16,TSLA,"Tesla, Inc.",Automobile,161.33,162.94,159.84,162.61,156.87,59620416
2024-05-17,TSLA,"Tesla, Inc.",Automobile,162.65,169.03,158.97,167.68,161.75,47432484
2024-05-20,TSLA,"Tesla, Inc.",Automobile,169.35,175.37,161.37,172.06,165.96,72327832
2024-05-21,TSLA,"Tesla, Inc.",Automobile,171.73,172.46,162.68,171.5,165.42,75605882
2024-05-22,TSLA,"Tesla, Inc.",Automobile,170.28,178.34,170.27,174.85,168.64,71167185
2024-05-23,TSLA,"Tesla, Inc.",Automobile,174.84,175.19,165.61,166.69,160.77,65139351
2024-05-24,TSLA,"Tesla, Inc.",Automobile,167.65,173.89,166.17,168.46,162.46,86172676
2024-05-27,TSLA,"Tesla, Inc.",Automobile,168.49,182.87,161.68,176.38,170.09,65454030
2024-05-28,TSLA,"Tesla, Inc.",Automobile,174.69,176.98,167.28,173.19,167.0,66096231
2024-05-29,TSLA,"Tesla, Inc.",Automobile,174.85,178.77,174.52,177.46,171.11,69830307
2024-05-30,TSLA,"Tesla, Inc.",Automobile,175.81,194.21,173.94,186.01,179.34,53120708
2024-05-31,TSLA,"Tesla, Inc.",Automobile,185.83,193.47,182.91,189.45,182.66,93449061
2024-06-03,TSLA,"Tesla, Inc.",Automobile,189.39,197.41,187.72,194.69,187.69,75188797
2024-06-04,TSLA,"Tesla, Inc.",Automobile,193.59,194.81,186.76,186.79,180.07,70316098
2024-06-05,TSLA,"Tesla, Inc.",Automobile,188.06,194.27,178.54,182.25,175.69,53339168
2024-06-06,TSLA,"Tesla, Inc.",Automobile,182.54,189.64,180.04,189.3,182.47,39397061
2024-06-07,TSLA,"Tesla, Inc.",Automobile,188.9,201.71,186.2,194.2,187.18,47174271
2024-06-10,TSLA,"Tesla, Inc.",Automobile,194.85,197.37,193.83,196.79,189.67,75940546
2024-06-11,TSLA,"Tesla, Inc.",Automobile,198.17,198.75,193.83,195.44,188.36,58906635
2024-06-12,TSLA,"Tesla, Inc.",Automobile,197.91,198.99,194.52,196.94,189.8,69197177
2024-06-13,TSLA,"Tesla, Inc.",Automobile,197.64,206.65,197.4,206.24,198.74,75218843
2024-06-14,TSLA,"Tesla, Inc.",Automobile,207.86,214.15,201.68,205.71,198.22,85073744
2024-06-17,TSLA,"Tesla, Inc.",Automobile,202.37,211.52,200.66,209.57,201.94,54198469
2024-06-18,TSLA,"Tesla, Inc.",Automobile,211.05,214.08,205.7,213.37,205.58,52262905
2024-06-19,TSLA,"Tesla, Inc.",Automobile,212.99,216.73,203.84,209.67,202.01,99405156
2024-06-20,TSLA,"Tesla, Inc.",Automobile,211.77,217.78,202.56,206.45,198.9,61338566
2024-06-21,TSLA,"Tesla, Inc.",Automobile,205.23,216.65,204.73,214.99,207.11,46906764
2024-06-24,TSLA,"Tesla, Inc.",Automobile,216.22,219.35,214.66,218.29,210.28,68102245
2024-06-25,TSLA,"Tesla, Inc.",Automobile,217.11,218.62,211.52,214.42,206.54,100398503
2024-06-26,TSLA,"Tesla, Inc.",Automobile,216.03,216.55,208.47,212.69,204.86,50268613
2024-06-27,TSLA,"Tesla, Inc.",Automobile,212.91,213.44,200.84,207.24,199.6,77411972
2024-06-28,TSLA,"Tesla, Inc.",Automobile,209.46,218.25,209.1,213.2,205.33,74971446
2024-07-01,TSLA,"Tesla, Inc.",Automobile,209.41,217.66,206.56,211.81,203.98,62286169
2024-07-02,TSLA,"Tesla, Inc.",Automobile,213.42,215.92,191.07,210.5,202.72,64578135
2024-07-03,TSLA,"Tesla, Inc.",Automobile,211.83,218.35,210.95,215.27,207.29,57721413
2024-07-04,TSLA,"Tesla, Inc.",Automobile,214.58,216.51,204.82,205.94,198.3,66974230
2024-07-05,TSLA,"Tesla, Inc.",Automobile,206.74,207.95,202.38,205.76,198.12,88806986
2024-07-08,TSLA,"Tesla, Inc.",Automobile,207.23,210.14,204.26,205.73,198.07,64659837
2024-07-09,TSLA,"Tesla, Inc.",Automobile,204.63,205.62,204.12,204.2,196.6,86023672
2024-07-10,TSLA,"Tesla, Inc.",Automobile,205.12,206.18,193.59,201.28,193.77,65427034
2024-07-11,TSLA,"Tesla, Inc.",Automobile,202.85,205.17,188.88,197.56,190.18,36441656
2024-07-12,TSLA,"Tesla, Inc.",Automobile,196.93,202.91,195.31,199.07,191.62,65261213
2024-07-15,TSLA,"Tesla, Inc.",Automobile,199.84,203.66,191.12,193.84,186.58,71816083
2024-07-16,TSLA,"Tesla, Inc.",Automobile,194.08,197.95,189.41,194.7,187.39,51904211
2024-07-17,TSLA,"Tesla, Inc.",Automobile,193.94,198.11,189.78,191.89,184.69,69012311
2024-07-18,TSLA,"Tesla, Inc.",Automobile,192.74,194.33,187.77,189.46,182.34,71774937
2024-07-19,TSLA,"Tesla, Inc.",Automobile,188.98,193.35,186.94,190.48,183.3,45536478
2024-07-22,TSLA,"Tesla, Inc.",Automobile,193.11,193.65,187.13,188.01,180.92,41914176
2024-07-23,TSLA,"Tesla, Inc.",Automobile,189.84,197.37,187.34,194.44,187.1,58714616
2024-07-24,TSLA,"Tesla, Inc.",Automobile,193.19,197.78,190.9,193.75,186.42,49077905
2024-07-25,TSLA,"Tesla, Inc.",Automobile,193.93,204.38,187.51,199.21,191.67,69279560
2024-07-26,TSLA,"Tesla, Inc.",Automobile,198.93,203.58,190.05,195.26,187.86,81062863
2024-07-29,TSLA,"Tesla, Inc.",Automobile,196.59,198.54,189.68,191.28,184.02,79165052
2024-07-30,TSLA,"Tesla, Inc.",Automobile,191.52,202.8,179.16,183.07,176.11,67870433
2024-07-31,TSLA,"Tesla, Inc.",Automobile,184.44,189.57,179.02,180.72,173.84,52308006
2024-08-01,TSLA,"Tesla, Inc.",Automobile,182.17,183.89,177.18,179.64,172.79,80471238
2024-08-02,TSLA,"Tesla, Inc.",Automobile,180.09,184.52,177.04,180.03,173.15,81698154
2024-08-05,TSLA,"Tesla, Inc.",Automobile,180.22,183.65,178.02,183.4,176.39,50263756
2024-08-06,TSLA,"Tesla, Inc.",Automobile,182.77,192.75,181.32,186.48,179.34,66043217
2024-08-07,TSLA,"Tesla, Inc.",Automobile,186.31,195.56,185.41,192.19,184.83,58830801
2024-08-08,TSLA,"Tesla, Inc.",Automobile,191.17,194.63,183.85,187.76,180.55,64262393
2024-08-09,TSLA,"Tesla, Inc.",Automobile,190.89,190.93,186.76,187.93,180.71,69204369
2024-08-12,TSLA,"Tesla, Inc.",Automobile,188.37,188.94,180.43,183.05,176.01,51663339
2024-08-13,TSLA,"Tesla, Inc.",Automobile,180.61,188.21,176.57,185.09,177.96,59692737
2024-08-14,TSLA,"Tesla, Inc.",Automobile,183.28,195.81,182.35,194.16,186.68,80962759
2024-08-15,TSLA,"Tesla, Inc.",Automobile,197.42,198.92,187.51,188.14,180.87,37066800
2024-08-16,TSLA,"Tesla, Inc.",Automobile,187.09,192.82,185.73,191.62,184.21,47395938
2024-08-19,TSLA,"Tesla, Inc.",Automobile,191.76,199.66,189.34,197.03,189.4,82477356
2024-08-20,TSLA,"Tesla, Inc.",Automobile,196.42,201.48,186.27,192.46,184.99,75533064
2024-08-21,TSLA,"Tesla, Inc.",Automobile,193.92,200.05,189.79,194.72,187.16,73535443
2024-08-22,TSLA,"Tesla, Inc.",Automobile,194.92,195.34,192.57,192.9,185.4,55737383
2024-08-23,TSLA,"Tesla, Inc.",Automobile,192.59,193.38,189.23,192.3,184.82,61457681
2024-08-26,TSLA,"Tesla, Inc.",Automobile,191.07,194.12,188.12,190.34,182.92,52338649
2024-08-27,TSLA,"Tesla, Inc.",Automobile,192.95,193.13,188.61,189.23,181.85,61935391
2024-08-28,TSLA,"Tesla, Inc.",Automobile,190.25,195.84,178.64,195.13,187.5,68452479
2024-08-29,TSLA,"Tesla, Inc.",Automobile,194.35,195.77,193.56,194.75,187.13,86393513
2024-08-30,TSLA,"Tesla, Inc.",Automobile,195.63,201.38,189.82,191.7,184.18,55477413
2024-09-02,TSLA,"Tesla, Inc.",Automobile,190.84,198.76,185.96,192.07,184.53,83829847
2024-09-03,TSLA,"Tesla, Inc.",Automobile,190.95,192.51,180.38,181.61,174.47,62671941
2024-09-04,TSLA,"Tesla, Inc.",Automobile,182.74,185.42,174.63,177.75,170.75,72338596
2024-09-05,TSLA,"Tesla, Inc.",Automobile,174.97,185.26,166.74,183.74,176.5,69662191
2024-09-06,TSLA,"Tesla, Inc.",Automobile,183.89,184.3,179.33,183.06,175.84,76628460
2024-09-09,TSLA,"Tesla, Inc.",Automobile,182.52,187.84,172.78,180.78,173.64,70099456
2024-09-10,TSLA,"Tesla, Inc.",Automobile,180.85,185.6,176.55,181.63,174.45,43095711
2024-09-11,TSLA,"Tesla, Inc.",Automobile,180.61,185.65,178.33,185.23,177.9,52103185
2024-09-12,TSLA,"Tesla, Inc.",Automobile,183.03,200.25,174.26,191.88,184.27,64936218
2024-09-13,TSLA,"Tesla, Inc.",Automobile,195.82,196.58,181.64,189.63,182.1,86920579
2024-09-16,TSLA,"Tesla, Inc.",Automobile,191.4,194.1,185.96,187.52,180.06,38286775
2024-09-17,TSLA,"Tesla, Inc.",Automobile,187.59,193.73,186.3,186.44,179.02,59320284
2024-09-18,TSLA,"Tesla, Inc.",Automobile,186.16,191.91,184.24,191.61,183.97,56464079
2024-09-19,TSLA,"Tesla, Inc.",Automobile,188.69,202.04,184.82,191.92,184.26,52582866
2024-09-20,TSLA,"Tesla, Inc.",Automobile,191.42,208.52,189.25,203.26,195.14,73084446
2021-09-20,XOM,Exxon Mobil Corporation,Energy,54.89,55.37,53.92,54.27,54.27,10357290
2021-09-21,XOM,Exxon Mobil Corporation,Energy,54.19,56.03,53.69,55.53,55.53,21528765
2021-09-22,XOM,Exxon Mobil Corporation,Energy,55.54,55.84,54.61,55.31,55.3,15815196
2021-09-23,XOM,Exxon Mobil Corporation,Energy,55.34,56.45,54.44,55.0,54.99,19029821
2021-09-24,XOM,Exxon Mobil Corporation,Energy,55.37,57.36,55.17,56.98,56.97,16965493
2021-09-27,XOM,Exxon Mobil Corporation,Energy,56.52,58.67,55.69,57.51,57.5,19302529
2021-09-28,XOM,Exxon Mobil Corporation,Energy,57.11,60.26,56.12,58.43,58.42,23982137
2021-09-29,XOM,Exxon Mobil Corporation,Energy,58.86,60.14,57.98,59.79,59.77,16523508
2021-09-30,XOM,Exxon Mobil Corporation,Energy,59.78,60.22,58.93,59.2,59.18,20320264
2021-10-01,XOM,Exxon Mobil Corporation,Energy,58.72,60.95,57.6,60.47,60.44,21593076
2021-10-04,XOM,Exxon Mobil Corporation,Energy,60.52,60.95,59.68,60.02,59.99,25075703
2021-10-05,XOM,Exxon Mobil Corporation,Energy,59.8,60.3,59.36,59.53,59.5,19460269
2021-10-06,XOM,Exxon Mobil Corporation,Energy,59.19,60.16,57.37,59.31,59.27,18155917
2021-10-07,XOM,Exxon Mobil Corporation,Energy,59.2,59.26,58.66,58.75,58.71,18355832
2021-10-08,XOM,Exxon Mobil Corporation,Energy,58.85,61.48,58.54,59.59,59.55,27921535
2021-10-11,XOM,Exxon Mobil Corporation,Energy,59.44,61.15,59.11,59.9,59.85,18263717
2021-10-12,XOM,Exxon Mobil Corporation,Energy,60.23,60.73,58.18,59.46,59.41,17066829
2021-10-13,XOM,Exxon Mobil Corporation,Energy,59.25,60.29,58.98,60.16,60.11,19953932
2021-10-14,XOM,Exxon Mobil Corporation,Energy,60.46,60.95,58.5,59.94,59.88,26448516
2021-10-15,XOM,Exxon Mobil Corporation,Energy,59.71,60.08,59.35,59.66,59.6,28596201
2021-10-18,XOM,Exxon Mobil Corporation,Energy,59.49,60.06,59.45,59.75,59.69,27637640
2021-10-19,XOM,Exxon Mobil Corporation,Energy,60.29,61.35,59.3,60.25,60.19,18808497
2021-10-20,XOM,Exxon Mobil Corporation,Energy,60.54,60.89,60.34,60.68,60.62,17316189
2021-10-21,XOM,Exxon Mobil Corporation,Energy,60.78,62.21,60.32,60.37,60.3,23526518
2021-10-22,XOM,Exxon Mobil Corporation,Energy,60.7,61.93,60.5,61.26,61.18,16021688
2021-10-25,XOM,Exxon Mobil Corporation,Energy,60.88,62.01,59.53,61.08,61.0,18631916
2021-10-26,XOM,Exxon Mobil Corporation,Energy,61.21,63.02,59.84,60.47,60.39,15404634
2021-10-27,XOM,Exxon Mobil Corporation,Energy,60.07,61.35,58.94,59.08,59.0,24121327
2021-10-28,XOM,Exxon Mobil Corporation,Energy,58.82,60.17,58.46,60.08,60.0,24311457
2021-10-29,XOM,Exxon Mobil Corporation,Energy,60.45,61.17,59.87,60.14,60.05,26795981
2021-11-01,XOM,Exxon Mobil Corporation,Energy,59.77,60.73,59.74,60.39,60.3,12854926
2021-11-02,XOM,Exxon Mobil Corporation,Energy,60.48,61.52,60.46,61.48,61.38,12683514
2021-11-03,XOM,Exxon Mobil Corporation,Energy,61.46,61.66,59.87,61.05,60.95,15741389
2021-11-04,XOM,Exxon Mobil Corporation,Energy,60.84,60.93,59.27,59.73,59.63,15188786
2021-11-05,XOM,Exxon Mobil Corporation,Energy,59.78,61.04,59.16,59.84,59.74,9114561
2021-11-08,XOM,Exxon Mobil Corporation,Energy,60.06,60.53,59.76,60.19,60.08,18505520
2021-11-09,XOM,Exxon Mobil Corporation,Energy,60.9,61.13,58.97,59.98,59.87,27284325
2021-11-10,XOM,Exxon Mobil Corporation,Energy,59.9,61.57,59.61,61.49,61.37,11330670
2021-11-11,XOM,Exxon Mobil Corporation,Energy,61.54,62.2,59.0,59.08,58.96,25838377
2021-11-12,XOM,Exxon Mobil Corporation,Energy,58.82,61.55,58.43,60.22,60.1,11037246
2021-11-15,XOM,Exxon Mobil Corporation,Energy,59.86,61.59,58.03,61.05,60.92,12825385
2021-11-16,XOM,Exxon Mobil Corporation,Energy,60.98,61.75,60.83,61.55,61.42,16547955
2021-11-17,XOM,Exxon Mobil Corporation,Energy,61.6,62.35,57.33,58.32,58.2,20684312
2021-11-18,XOM,Exxon Mobil Corporation,Energy,58.13,61.05,57.2,59.6,59.47,16541675
2021-11-19,XOM,Exxon Mobil Corporation,Energy,59.15,60.22,58.16,58.65,58.52,22322179
2021-11-22,XOM,Exxon Mobil Corporation,Energy,58.44,58.8,56.83,58.21,58.08,21537542
2021-11-23,XOM,Exxon Mobil Corporation,Energy,58.73,58.89,57.91,58.09,57.96,20451682
2021-11-24,XOM,Exxon Mobil Corporation,Energy,57.67,58.9,57.1,58.52,58.38,15881263
2021-11-25,XOM,Exxon Mobil Corporation,Energy,58.68,60.23,58.44,59.18,59.04,15862528
2021-11-26,XOM,Exxon Mobil Corporation,Energy,59.15,60.27,58.81,60.1,59.95,11442128
2021-11-29,XOM,Exxon Mobil Corporation,Energy,60.23,61.29,59.99,60.95,60.8,17517154
2021-11-30,XOM,Exxon Mobil Corporation,Energy,61.3,61.94,60.67,61.25,61.09,20437123
2021-12-01,XOM,Exxon Mobil Corporation,Energy,61.31,62.98,59.72,61.72,61.55,16658621
2021-12-02,XOM,Exxon Mobil Corporation,Energy,61.56,61.62,60.33,60.67,60.5,21227264
2021-12-03,XOM,Exxon Mobil Corporation,Energy,60.5,60.57,59.6,59.97,59.81,21720349
2021-12-06,XOM,Exxon Mobil Corporation,Energy,59.74,60.99,58.93,60.9,60.73,15000496
2021-12-07,XOM,Exxon Mobil Corporation,Energy,61.16,62.32,61.09,61.79,61.61,18783664
2021-12-08,XOM,Exxon Mobil Corporation,Energy,61.76,63.53,61.0,62.57,62.39,11600661
2021-12-09,XOM,Exxon Mobil Corporation,Energy,62.75,62.96,61.76,62.09,61.91,20325129
2021-12-10,XOM,Exxon Mobil Corporation,Energy,61.7,63.16,60.79,63.07,62.88,15687016
2021-12-13,XOM,Exxon Mobil Corporation,Energy,62.99,63.42,61.85,61.93,61.74,11279143
2021-12-14,XOM,Exxon Mobil Corporation,Energy,61.75,63.25,61.57,63.08,62.88,12874245
2021-12-15,XOM,Exxon Mobil Corporation,Energy,63.02,63.41,62.59,62.86,62.66,13332623
2021-12-16,XOM,Exxon Mobil Corporation,Energy,62.73,65.0,62.69,64.66,64.45,11986786
2021-12-17,XOM,Exxon Mobil Corporation,Energy,65.18,65.58,62.8,63.12,62.91,11393378
2021-12-20,XOM,Exxon Mobil Corporation,Energy,63.49,66.35,62.76,65.01,64.8,14480159
2021-12-21,XOM,Exxon Mobil Corporation,Energy,65.06,66.06,63.25,64.68,64.46,25637001
2021-12-22,XOM,Exxon Mobil Corporation,Energy,64.54,67.45,64.18,64.33,64.11,17510157
2021-12-23,XOM,Exxon Mobil Corporation,Energy,64.38,65.14,64.16,64.58,64.35,16170214
2021-12-24,XOM,Exxon Mobil Corporation,Energy,64.77,65.53,63.02,63.89,63.67,24371597
2021-12-27,XOM,Exxon Mobil Corporation,Energy,64.21,64.38,63.47,63.86,63.64,19553126
2021-12-28,XOM,Exxon Mobil Corporation,Energy,63.95,65.25,62.02,63.14,62.92,13273271
2021-12-29,XOM,Exxon Mobil Corporation,Energy,62.9,62.97,61.28,62.47,62.24,22985921
2021-12-30,XOM,Exxon Mobil Corporation,Energy,62.31,63.19,61.89,63.02,62.78,23194056
2021-12-31,XOM,Exxon Mobil Corporation,Energy,62.98,63.29,60.93,62.14,61.9,13075632
2022-01-03,XOM,Exxon Mobil Corporation,Energy,62.27,63.46,60.91,61.41,61.17,19308920
2022-01-04,XOM,Exxon Mobil Corporation,Energy,61.21,61.47,59.33,60.09,59.85,20275339
2022-01-05,XOM,Exxon Mobil Corporation,Energy,60.14,60.57,59.33,59.64,59.4,15337603
2022-01-06,XOM,Exxon Mobil Corporation,Energy,59.63,61.56,59.5,60.98,60.73,29519546
2022-01-07,XOM,Exxon Mobil Corporation,Energy,60.8,62.07,58.98,60.18,59.94,16535455
2022-01-10,XOM,Exxon Mobil Corporation,Energy,60.3,60.73,58.55,59.51,59.27,27285504
2022-01-11,XOM,Exxon Mobil Corporation,Energy,59.21,60.78,58.71,59.74,59.5,14792499
2022-01-12,XOM,Exxon Mobil Corporation,Energy,59.74,59.91,59.16,59.42,59.18,13334907
2022-01-13,XOM,Exxon Mobil Corporation,Energy,59.74,62.11,59.67,61.68,61.42,25857348
2022-01-14,XOM,Exxon Mobil Corporation,Energy,61.27,62.27,60.6,61.56,61.3,18063717
2022-01-17,XOM,Exxon Mobil Corporation,Energy,62.09,63.22,61.93,61.94,61.68,16590773
2022-01-18,XOM,Exxon Mobil Corporation,Energy,62.79,64.6,61.07,62.96,62.68,30328569
2022-01-19,XOM,Exxon Mobil Corporation,Energy,63.61,65.64,62.49,63.96,63.68,28107846
2022-01-20,XOM,Exxon Mobil Corporation,Energy,64.14,65.45,63.82,64.26,63.97,17669635
2022-01-21,XOM,Exxon Mobil Corporation,Energy,64.19,64.69,63.95,64.13,63.84,11816219
2022-01-24,XOM,Exxon Mobil Corporation,Energy,64.11,66.38,63.93,66.34,66.04,17174767
2022-01-25,XOM,Exxon Mobil Corporation,Energy,66.57,66.57,65.46,66.29,65.98,17357512
2022-01-26,XOM,Exxon Mobil Corporation,Energy,65.85,66.46,64.94,65.86,65.55,10242744
2022-01-27,XOM,Exxon Mobil Corporation,Energy,66.24,66.9,64.86,65.21,64.9,14102844
2022-01-28,XOM,Exxon Mobil Corporation,Energy,65.3,65.55,63.2,63.44,63.14,22971493
2022-01-31,XOM,Exxon Mobil Corporation,Energy,64.07,64.36,63.99,64.35,64.04,19474376
2022-02-01,XOM,Exxon Mobil Corporation,Energy,64.37,64.44,61.42,61.96,61.66,18001479
2022-02-02,XOM,Exxon Mobil Corporation,Energy,61.09,62.95,60.75,62.0,61.7,17738932
2022-02-03,XOM,Exxon Mobil Corporation,Energy,61.87,63.09,61.26,61.84,61.53,15407304
2022-02-04,XOM,Exxon Mobil Corporation,Energy,61.02,64.96,60.19,64.2,63.88,15917262
2022-02-07,XOM,Exxon Mobil Corporation,Energy,64.41,64.67,61.39,62.35,62.03,19857184
2022-02-08,XOM,Exxon Mobil Corporation,Energy,62.51,63.25,59.72,61.48,61.17,15366192
2022-02-09,XOM,Exxon Mobil Corporation,Energy,61.38,61.79,60.53,61.39,61.07,22972999
2022-02-10,XOM,Exxon Mobil Corporation,Energy,61.55,61.75,60.96,61.24,60.92,14048392
2022-02-11,XOM,Exxon Mobil Corporation,Energy,61.79,62.62,59.33,60.73,60.41,16906301
2022-02-14,XOM,Exxon Mobil Corporation,Energy,61.15,61.85,60.52,60.7,60.37,17238538
2022-02-15,XOM,Exxon Mobil Corporation,Energy,60.69,60.81,58.61,59.5,59.18,17926050
2022-02-16,XOM,Exxon Mobil Corporation,Energy,59.42,61.33,59.09,59.9,59.57,21848350
2022-02-17,XOM,Exxon Mobil Corporation,Energy,60.03,60.18,56.18,57.7,57.39,17995137
2022-02-18,XOM,Exxon Mobil Corporation,Energy,57.53,58.9,56.79,57.72,57.4,18236799
2022-02-21,XOM,Exxon Mobil Corporation,Energy,57.77,58.05,57.0,57.2,56.88,21591976
2022-02-22,XOM,Exxon Mobil Corporation,Energy,57.5,58.49,57.42,58.2,57.87,10436491
2022-02-23,XOM,Exxon Mobil Corporation,Energy,58.42,60.31,57.9,59.94,59.6,13840392
2022-02-24,XOM,Exxon Mobil Corporation,Energy,60.13,60.45,59.13,59.66,59.32,15143420
2022-02-25,XOM,Exxon Mobil Corporation,Energy,59.19,61.29,58.96,61.08,60.73,13185176
2022-02-28,XOM,Exxon Mobil Corporation,Energy,61.49,63.0,60.75,60.81,60.46,18288461
2022-03-01,XOM,Exxon Mobil Corporation,Energy,60.77,62.75,59.47,59.9,59.55,27869748
2022-03-02,XOM,Exxon Mobil Corporation,Energy,60.09,62.64,59.58,61.69,61.32,16057055
2022-03-03,XOM,Exxon Mobil Corporation,Energy,61.18,62.72,60.25,62.26,61.89,15758427
2022-03-04,XOM,Exxon Mobil Corporation,Energy,62.05,62.43,61.15,62.31,61.93,15001572
2022-03-07,XOM,Exxon Mobil Corporation,Energy,62.82,63.09,61.47,63.06,62.68,19032076
2022-03-08,XOM,Exxon Mobil Corporation,Energy,63.53,63.98,63.23,63.39,63.0,18568151
2022-03-09,XOM,Exxon Mobil Corporation,Energy,63.2,63.99,63.02,63.37,62.97,19344398
2022-03-10,XOM,Exxon Mobil Corporation,Energy,63.7,65.18,61.67,62.05,61.66,14554560
2022-03-11,XOM,Exxon Mobil Corporation,Energy,61.97,62.84,60.75,61.82,61.43,14879416
2022-03-14,XOM,Exxon Mobil Corporation,Energy,61.27,62.51,61.18,62.5,62.11,18166564
2022-03-15,XOM,Exxon Mobil Corporation,Energy,62.37,63.29,61.2,62.43,62.02,19765236
2022-03-16,XOM,Exxon Mobil Corporation,Energy,62.15,64.41,61.97,63.4,62.99,13787322
2022-03-17,XOM,Exxon Mobil Corporation,Energy,63.15,64.97,62.69,63.85,63.43,20038732
2022-03-18,XOM,Exxon Mobil Corporation,Energy,63.77,67.19,61.79,62.98,62.57,12733039
2022-03-21,XOM,Exxon Mobil Corporation,Energy,62.75,62.78,60.61,61.68,61.27,14404432
2022-03-22,XOM,Exxon Mobil Corporation,Energy,61.76,63.04,61.16,61.57,61.16,14514293
2022-03-23,XOM,Exxon Mobil Corporation,Energy,61.27,61.54,60.97,61.09,60.68,18531364
2022-03-24,XOM,Exxon Mobil Corporation,Energy,61.08,61.52,61.07,61.47,61.05,13959310
2022-03-25,XOM,Exxon Mobil Corporation,Energy,61.66,62.17,60.5,60.8,60.38,16899811
2022-03-28,XOM,Exxon Mobil Corporation,Energy,60.69,60.72,60.1,60.23,59.82,22042557
2022-03-29,XOM,Exxon Mobil Corporation,Energy,60.62,61.78,60.5,61.32,60.9,24147134
2022-03-30,XOM,Exxon Mobil Corporation,Energy,60.74,62.07,60.01,61.52,61.09,19129244
2022-03-31,XOM,Exxon Mobil Corporation,Energy,61.63,61.74,58.74,60.86,60.43,20798914
2022-04-01,XOM,Exxon Mobil Corporation,Energy,60.46,60.95,59.66,60.92,60.49,22124824
2022-04-04,XOM,Exxon Mobil Corporation,Energy,61.01,62.71,60.98,62.36,61.92,13542412
2022-04-05,XOM,Exxon Mobil Corporation,Energy,62.33,62.76,61.81,62.71,62.26,18164278
2022-04-06,XOM,Exxon Mobil Corporation,Energy,62.1,63.66,60.77,63.37,62.91,14328181
2022-04-07,XOM,Exxon Mobil Corporation,Energy,63.64,64.2,62.24,62.64,62.18,20894559
2022-04-08,XOM,Exxon Mobil Corporation,Energy,62.76,63.8,62.16,63.75,63.28,17669996
2022-04-11,XOM,Exxon Mobil Corporation,Energy,63.82,67.11,62.58,66.26,65.77,7267460
2022-04-12,XOM,Exxon Mobil Corporation,Energy,66.2,66.28,65.13,65.46,64.97,15953303
2022-04-13,XOM,Exxon Mobil Corporation,Energy,65.53,66.51,64.13,64.25,63.77,25087204
2022-04-14,XOM,Exxon Mobil Corporation,Energy,63.94,64.88,63.17,64.48,64.0,13207124
2022-04-15,XOM,Exxon Mobil Corporation,Energy,64.21,65.5,63.95,65.46,64.96,646311
2022-04-18,XOM,Exxon Mobil Corporation,Energy,65.81,66.7,64.26,65.41,64.91,8531719
2022-04-19,XOM,Exxon Mobil Corporation,Energy,65.42,66.25,62.59,64.34,63.85,11358580
2022-04-20,XOM,Exxon Mobil Corporation,Energy,64.4,65.9,63.14,64.27,63.78,18948048
2022-04-21,XOM,Exxon Mobil Corporation,Energy,64.48,65.5,64.36,64.95,64.45,15032579
2022-04-22,XOM,Exxon Mobil Corporation,Energy,64.96,65.38,63.91,64.57,64.06,27267942
2022-04-25,XOM,Exxon Mobil Corporation,Energy,64.63,65.31,64.39,65.26,64.75,18331833
2022-04-26,XOM,Exxon Mobil Corporation,Energy,65.59,67.31,64.21,66.57,66.04,10056955
2022-04-27,XOM,Exxon Mobil Corporation,Energy,66.41,67.55,66.33,66.88,66.35,16636311
2022-04-28,XOM,Exxon Mobil Corporation,Energy,66.7,67.76,65.41,66.9,66.36,11506546
2022-04-29,XOM,Exxon Mobil Corporation,Energy,67.0,68.58,66.59,67.87,67.32,18485909
2022-05-02,XOM,Exxon Mobil Corporation,Energy,68.02,69.54,66.06,66.97,66.42,20538409
2022-05-03,XOM,Exxon Mobil Corporation,Energy,67.69,69.42,65.77,65.98,65.44,17241543
2022-05-04,XOM,Exxon Mobil Corporation,Energy,66.11,67.48,65.34,65.74,65.2,20018363
2022-05-05,XOM,Exxon Mobil Corporation,Energy,65.21,65.75,65.07,65.26,64.72,18235677
2022-05-06,XOM,Exxon Mobil Corporation,Energy,65.63,65.96,64.15,64.46,63.92,11532807
2022-05-09,XOM,Exxon Mobil Corporation,Energy,64.05,67.48,63.26,66.47,65.91,24991176
2022-05-10,XOM,Exxon Mobil Corporation,Energy,66.59,71.96,66.25,68.93,68.34,28726539
2022-05-11,XOM,Exxon Mobil Corporation,Energy,69.41,70.96,67.82,68.58,67.99,11538202
2022-05-12,XOM,Exxon Mobil Corporation,Energy,68.51,68.94,67.8,68.73,68.14,17023920
2022-05-13,XOM,Exxon Mobil Corporation,Energy,68.81,69.34,68.46,68.57,67.98,20124435
2022-05-16,XOM,Exxon Mobil Corporation,Energy,68.62,70.23,68.55,69.88,69.27,8389994
2022-05-17,XOM,Exxon Mobil Corporation,Energy,69.76,73.96,69.68,71.44,70.82,22020628
2022-05-18,XOM,Exxon Mobil Corporation,Energy,71.26,71.35,67.97,69.44,68.83,10783603
2022-05-19,XOM,Exxon Mobil Corporation,Energy,69.21,70.35,69.2,70.04,69.42,26589493
2022-05-20,XOM,Exxon Mobil Corporation,Energy,70.28,70.33,68.07,68.61,68.0,17366032
2022-05-23,XOM,Exxon Mobil Corporation,Energy,68.76,71.04,67.57,70.66,70.03,22677486
2022-05-24,XOM,Exxon Mobil Corporation,Energy,70.76,71.43,70.54,71.23,70.59,18181755
2022-05-25,XOM,Exxon Mobil Corporation,Energy,71.04,71.76,70.26,70.32,69.69,13742709
2022-05-26,XOM,Exxon Mobil Corporation,Energy,70.64,71.89,67.67,70.1,69.46,13924198
2022-05-27,XOM,Exxon Mobil Corporation,Energy,70.67,71.06,69.56,69.82,69.18,13969401
2022-05-30,XOM,Exxon Mobil Corporation,Energy,70.08,72.91,68.22,70.47,69.83,17369986
2022-05-31,XOM,Exxon Mobil Corporation,Energy,70.95,71.88,69.54,71.74,71.08,17590856
2022-06-01,XOM,Exxon Mobil Corporation,Energy,72.27,73.88,70.22,70.46,69.8,14209062
2022-06-02,XOM,Exxon Mobil Corporation,Energy,70.92,73.34,70.33,72.66,71.99,14214953
2022-06-03,XOM,Exxon Mobil Corporation,Energy,73.29,75.1,73.07,74.65,73.95,17884126
2022-06-06,XOM,Exxon Mobil Corporation,Energy,75.18,76.51,73.28,73.65,72.95,16699984
2022-06-07,XOM,Exxon Mobil Corporation,Energy,73.65,74.94,72.57,73.79,73.09,12105076
2022-06-08,XOM,Exxon Mobil Corporation,Energy,74.34,76.22,73.83,75.94,75.22,23667308
2022-06-09,XOM,Exxon Mobil Corporation,Energy,76.21,78.08,76.2,77.55,76.81,17384436
2022-06-10,XOM,Exxon Mobil Corporation,Energy,77.67,78.15,77.08,77.18,76.44,24922777
2022-06-13,XOM,Exxon Mobil Corporation,Energy,77.13,80.22,77.11,78.27,77.51,15453597
2022-06-14,XOM,Exxon Mobil Corporation,Energy,78.13,82.27,77.5,82.27,81.47,24091694
2022-06-15,XOM,Exxon Mobil Corporation,Energy,82.87,83.77,82.0,82.47,81.67,14199203
2022-06-16,XOM,Exxon Mobil Corporation,Energy,82.4,82.93,80.09,81.68,80.88,14698764
2022-06-17,XOM,Exxon Mobil Corporation,Energy,81.39,82.08,81.13,81.98,81.17,13026446
2022-06-20,XOM,Exxon Mobil Corporation,Energy,82.32,84.06,81.36,82.37,81.55,18545596
2022-06-21,XOM,Exxon Mobil Corporation,Energy,82.14,83.27,80.75,81.72,80.91,25573161
2022-06-22,XOM,Exxon Mobil Corporation,Energy,81.99,82.94,81.87,82.38,81.55,19526137
2022-06-23,XOM,Exxon Mobil Corporation,Energy,81.98,83.61,80.08,80.76,79.95,16057015
2022-06-24,XOM,Exxon Mobil Corporation,Energy,81.61,83.74,78.67,79.95,79.14,18275637
2022-06-27,XOM,Exxon Mobil Corporation,Energy,79.28,81.38,77.07,81.01,80.18,21121615
2022-06-28,XOM,Exxon Mobil Corporation,Energy,80.61,81.53,76.62,78.77,77.96,20292726
2022-06-29,XOM,Exxon Mobil Corporation,Energy,79.29,80.5,78.91,80.0,79.18,15177910
2022-06-30,XOM,Exxon Mobil Corporation,Energy,79.57,81.42,74.66,77.47,76.66,17202047
2022-07-01,XOM,Exxon Mobil Corporation,Energy,77.56,78.04,73.99,75.36,74.57,17450165
2022-07-04,XOM,Exxon Mobil Corporation,Energy,75.75,76.08,74.51,74.8,74.02,20092327
2022-07-05,XOM,Exxon Mobil Corporation,Energy,74.88,75.46,74.66,75.2,74.42,15883986
2022-07-06,XOM,Exxon Mobil Corporation,Energy,75.1,78.06,72.52,76.91,76.1,25862567
2022-07-07,XOM,Exxon Mobil Corporation,Energy,77.12,77.36,77.0,77.04,76.22,14316548
2022-07-08,XOM,Exxon Mobil Corporation,Energy,77.32,81.73,75.68,76.79,75.97,21221398
2022-07-11,XOM,Exxon Mobil Corporation,Energy,77.14,77.72,76.36,77.58,76.75,15906231
2022-07-12,XOM,Exxon Mobil Corporation,Energy,78.03,79.29,75.13,76.54,75.71,13209766
2022-07-13,XOM,Exxon Mobil Corporation,Energy,76.78,77.5,75.99,76.77,75.94,19465601
2022-07-14,XOM,Exxon Mobil Corporation,Energy,77.04,78.09,75.23,75.33,74.51,18563098
2022-07-15,XOM,Exxon Mobil Corporation,Energy,74.99,75.63,73.84,75.49,74.66,13135059
2022-07-18,XOM,Exxon Mobil Corporation,Energy,76.07,77.26,74.18,75.38,74.56,22286657
2022-07-19,XOM,Exxon Mobil Corporation,Energy,75.53,75.96,73.01,74.45,73.63,15243270
2022-07-20,XOM,Exxon Mobil Corporation,Energy,74.5,75.24,74.06,74.71,73.88,13785660
2022-07-21,XOM,Exxon Mobil Corporation,Energy,74.92,75.08,74.5,74.96,74.12,19926065
2022-07-22,XOM,Exxon Mobil Corporation,Energy,74.35,76.68,72.48,76.47,75.62,21613274
2022-07-25,XOM,Exxon Mobil Corporation,Energy,76.64,77.07,73.4,74.54,73.71,17508110
2022-07-26,XOM,Exxon Mobil Corporation,Energy,74.68,75.47,73.01,74.5,73.66,27959750
2022-07-27,XOM,Exxon Mobil Corporation,Energy,74.58,75.06,73.19,73.64,72.8,12508716
2022-07-28,XOM,Exxon Mobil Corporation,Energy,73.41,77.47,72.14,74.75,73.9,17627227
2022-07-29,XOM,Exxon Mobil Corporation,Energy,74.58,77.73,72.44,75.73,74.87,16232618
2022-08-01,XOM,Exxon Mobil Corporation,Energy,75.22,77.76,75.01,76.42,75.54,23477084
2022-08-02,XOM,Exxon Mobil Corporation,Energy,75.85,75.87,75.21,75.6,74.73,25031395
2022-08-03,XOM,Exxon Mobil Corporation,Energy,75.47,77.27,74.89,76.76,75.87,21678686
2022-08-04,XOM,Exxon Mobil Corporation,Energy,76.15,77.24,73.53,74.92,74.05,19251132
2022-08-05,XOM,Exxon Mobil Corporation,Energy,74.89,75.26,72.32,72.87,72.02,21549888
2022-08-08,XOM,Exxon Mobil Corporation,Energy,73.27,74.62,71.12,71.42,70.58,21106363
2022-08-09,XOM,Exxon Mobil Corporation,Energy,71.71,72.68,70.45,71.43,70.59,20851077
2022-08-10,XOM,Exxon Mobil Corporation,Energy,71.6,73.0,71.43,72.28,71.42,15822341
2022-08-11,XOM,Exxon Mobil Corporation,Energy,72.42,72.83,68.12,68.89,68.07,23972360
2022-08-12,XOM,Exxon Mobil Corporation,Energy,68.78,70.64,68.42,70.45,69.61,13453497
2022-08-15,XOM,Exxon Mobil Corporation,Energy,70.69,74.73,68.99,70.66,69.81,26076100
2022-08-16,XOM,Exxon Mobil Corporation,Energy,70.44,71.09,68.81,68.92,68.09,27678288
2022-08-17,XOM,Exxon Mobil Corporation,Energy,69.06,69.47,68.38,69.08,68.25,13643159
2022-08-18,XOM,Exxon Mobil Corporation,Energy,69.7,71.17,67.42,70.38,69.53,22898852
2022-08-19,XOM,Exxon Mobil Corporation,Energy,70.09,71.91,69.77,71.13,70.26,25024603
2022-08-22,XOM,Exxon Mobil Corporation,Energy,71.42,73.5,70.59,72.47,71.59,18530662
2022-08-23,XOM,Exxon Mobil Corporation,Energy,72.98,73.27,70.11,70.92,70.05,19339510
2022-08-24,XOM,Exxon Mobil Corporation,Energy,70.85,71.46,70.22,70.49,69.62,10834322
2022-08-25,XOM,Exxon Mobil Corporation,Energy,70.99,71.81,69.12,69.49,68.62,22847366
2022-08-26,XOM,Exxon Mobil Corporation,Energy,69.97,73.6,69.68,71.52,70.63,22794327
2022-08-29,XOM,Exxon Mobil Corporation,Energy,71.98,72.76,71.47,72.33,71.42,19438944
2022-08-30,XOM,Exxon Mobil Corporation,Energy,72.26,77.91,71.84,75.84,74.88,16870734
2022-08-31,XOM,Exxon Mobil Corporation,Energy,76.36,76.89,74.22,75.31,74.36,12804216
2022-09-01,XOM,Exxon Mobil Corporation,Energy,74.88,76.28,74.46,74.48,73.54,8729752
2022-09-02,XOM,Exxon Mobil Corporation,Energy,74.16,76.4,72.79,74.36,73.42,15091572
2022-09-05,XOM,Exxon Mobil Corporation,Energy,73.97,76.24,73.76,76.11,75.14,18696001
2022-09-06,XOM,Exxon Mobil Corporation,Energy,75.87,76.41,74.49,75.71,74.75,21358776
2022-09-07,XOM,Exxon Mobil Corporation,Energy,75.81,76.23,75.67,75.92,74.95,21618949
2022-09-08,XOM,Exxon Mobil Corporation,Energy,75.86,76.45,73.53,76.1,75.12,17403998
2022-09-09,XOM,Exxon Mobil Corporation,Energy,76.48,76.76,75.77,76.21,75.22,24864616
2022-09-12,XOM,Exxon Mobil Corporation,Energy,76.79,77.42,74.94,75.45,74.47,18697374
2022-09-13,XOM,Exxon Mobil Corporation,Energy,75.74,76.82,74.21,75.34,74.36,17005280
2022-09-14,XOM,Exxon Mobil Corporation,Energy,74.62,75.27,73.88,75.17,74.19,25747616
2022-09-15,XOM,Exxon Mobil Corporation,Energy,75.07,77.18,71.48,75.22,74.23,12534354
2022-09-16,XOM,Exxon Mobil Corporation,Energy,75.05,76.54,74.26,76.45,75.44,21030564
2022-09-19,XOM,Exxon Mobil Corporation,Energy,76.81,80.58,76.48,78.74,77.7,23804661
2022-09-20,XOM,Exxon Mobil Corporation,Energy,77.85,78.18,77.13,77.72,76.69,27052747
2022-09-21,XOM,Exxon Mobil Corporation,Energy,77.41,77.64,77.06,77.28,76.25,5290320
2022-09-22,XOM,Exxon Mobil Corporation,Energy,76.86,77.93,75.82,76.3,75.28,18033467
2022-09-23,XOM,Exxon Mobil Corporation,Energy,76.38,76.84,75.91,76.59,75.56,14076633
2022-09-26,XOM,Exxon Mobil Corporation,Energy,76.8,77.49,72.93,75.98,74.95,15774783
2022-09-27,XOM,Exxon Mobil Corporation,Energy,75.99,78.11,75.91,76.33,75.3,15472920
2022-09-28,XOM,Exxon Mobil Corporation,Energy,76.58,78.52,76.42,77.78,76.72,15810017
2022-09-29,XOM,Exxon Mobil Corporation,Energy,77.48,78.94,73.99,74.68,73.66,22493677
2022-09-30,XOM,Exxon Mobil Corporation,Energy,74.55,75.35,74.03,75.34,74.31,14190278
2022-10-03,XOM,Exxon Mobil Corporation,Energy,75.11,77.9,73.86,74.83,73.8,21694362
2022-10-04,XOM,Exxon Mobil Corporation,Energy,75.17,75.52,74.58,75.46,74.41,21576052
2022-10-05,XOM,Exxon Mobil Corporation,Energy,74.6,74.89,73.19,74.41,73.38,12546655
2022-10-06,XOM,Exxon Mobil Corporation,Energy,73.92,76.08,73.79,75.94,74.88,21713883
2022-10-07,XOM,Exxon Mobil Corporation,Energy,75.84,78.24,75.36,77.14,76.06,15394276
2022-10-10,XOM,Exxon Mobil Corporation,Energy,76.91,79.67,76.57,77.92,76.83,14548764
2022-10-11,XOM,Exxon Mobil Corporation,Energy,77.72,79.01,76.94,79.0,77.89,11450448
2022-10-12,XOM,Exxon Mobil Corporation,Energy,79.44,80.38,76.93,78.1,76.99,13705291
2022-10-13,XOM,Exxon Mobil Corporation,Energy,78.25,79.61,75.54,77.36,76.27,13983871
2022-10-14,XOM,Exxon Mobil Corporation,Energy,77.41,78.57,76.13,78.38,77.27,19545166
2022-10-17,XOM,Exxon Mobil Corporation,Energy,78.67,79.1,77.05,77.46,76.35,10558114
2022-10-18,XOM,Exxon Mobil Corporation,Energy,77.92,79.85,76.98,79.37,78.24,10872469
2022-10-19,XOM,Exxon Mobil Corporation,Energy,78.91,79.13,78.75,79.01,77.88,21898706
2022-10-20,XOM,Exxon Mobil Corporation,Energy,79.13,79.87,78.61,79.72,78.57,12631967
2022-10-21,XOM,Exxon Mobil Corporation,Energy,80.3,83.09,79.8,82.57,81.38,23300415
2022-10-24,XOM,Exxon Mobil Corporation,Energy,82.41,82.42,80.93,81.68,80.5,24460830
2022-10-25,XOM,Exxon Mobil Corporation,Energy,81.21,82.92,80.5,81.84,80.64,13546371
2022-10-26,XOM,Exxon Mobil Corporation,Energy,81.58,83.34,79.55,83.32,82.1,26586048
2022-10-27,XOM,Exxon Mobil Corporation,Energy,83.43,85.01,82.24,84.69,83.45,19538846
2022-10-28,XOM,Exxon Mobil Corporation,Energy,84.99,86.97,82.89,84.3,83.06,16554815
2022-10-31,XOM,Exxon Mobil Corporation,Energy,84.74,85.34,82.84,83.65,82.42,10381915
2022-11-01,XOM,Exxon Mobil Corporation,Energy,83.8,84.5,81.11,83.4,82.16,21205725
2022-11-02,XOM,Exxon Mobil Corporation,Energy,83.07,85.65,81.63,85.46,84.19,20288357
2022-11-03,XOM,Exxon Mobil Corporation,Energy,85.55,85.96,85.04,85.13,83.86,16573918
2022-11-04,XOM,Exxon Mobil Corporation,Energy,85.79,87.03,84.67,85.31,84.03,21063708
2022-11-07,XOM,Exxon Mobil Corporation,Energy,85.33,86.17,84.73,84.77,83.5,16582213
2022-11-08,XOM,Exxon Mobil Corporation,Energy,84.8,87.63,83.37,85.82,84.53,31250608
2022-11-09,XOM,Exxon Mobil Corporation,Energy,85.4,87.82,82.38,86.11,84.8,7525803
2022-11-10,XOM,Exxon Mobil Corporation,Energy,86.43,86.68,82.84,84.76,83.48,16433208
2022-11-11,XOM,Exxon Mobil Corporation,Energy,84.55,84.86,83.17,83.49,82.22,20459359
2022-11-14,XOM,Exxon Mobil Corporation,Energy,83.53,83.84,80.85,80.86,79.63,20458749
2022-11-15,XOM,Exxon Mobil Corporation,Energy,81.17,81.62,79.06,79.83,78.6,28558805
2022-11-16,XOM,Exxon Mobil Corporation,Energy,80.09,81.99,78.63,80.93,79.69,17666270
2022-11-17,XOM,Exxon Mobil Corporation,Energy,80.63,84.1,79.22,82.77,81.49,17021117
2022-11-18,XOM,Exxon Mobil Corporation,Energy,82.36,84.22,79.29,83.76,82.47,16949266
2022-11-21,XOM,Exxon Mobil Corporation,Energy,84.1,86.4,82.04,84.59,83.28,13914037
2022-11-22,XOM,Exxon Mobil Corporation,Energy,84.74,84.74,82.15,84.48,83.16,20573710
2022-11-23,XOM,Exxon Mobil Corporation,Energy,83.97,85.93,83.24,85.62,84.28,22356133
2022-11-24,XOM,Exxon Mobil Corporation,Energy,86.6,90.62,83.72,86.09,84.74,17244598
2022-11-25,XOM,Exxon Mobil Corporation,Energy,86.2,89.18,86.05,88.73,87.34,12876918
2022-11-28,XOM,Exxon Mobil Corporation,Energy,87.91,89.81,87.52,88.66,87.26,24738730
2022-11-29,XOM,Exxon Mobil Corporation,Energy,88.97,91.44,87.43,90.7,89.26,12263167
2022-11-30,XOM,Exxon Mobil Corporation,Energy,90.76,92.41,90.72,92.07,90.61,20084889
2022-12-01,XOM,Exxon Mobil Corporation,Energy,92.38,94.06,91.92,93.26,91.77,17706101
2022-12-02,XOM,Exxon Mobil Corporation,Energy,92.95,94.87,89.82,90.3,88.86,12234001
2022-12-05,XOM,Exxon Mobil Corporation,Energy,89.8,91.92,88.05,91.75,90.28,19976266
2022-12-06,XOM,Exxon Mobil Corporation,Energy,92.04,92.4,90.03,91.63,90.15,15828443
2022-12-07,XOM,Exxon Mobil Corporation,Energy,91.55,91.7,90.78,91.03,89.56,20338368
2022-12-08,XOM,Exxon Mobil Corporation,Energy,90.97,91.59,88.04,88.91,87.47,21477613
2022-12-09,XOM,Exxon Mobil Corporation,Energy,88.2,90.33,88.15,88.97,87.53,20851721
2022-12-12,XOM,Exxon Mobil Corporation,Energy,89.24,90.53,88.61,89.09,87.63,14177979
2022-12-13,XOM,Exxon Mobil Corporation,Energy,89.54,89.87,86.5,87.27,85.84,23393170
2022-12-14,XOM,Exxon Mobil Corporation,Energy,87.14,87.39,85.18,85.25,83.85,22681573
2022-12-15,XOM,Exxon Mobil Corporation,Energy,85.59,89.36,85.37,86.0,84.58,24228450
2022-12-16,XOM,Exxon Mobil Corporation,Energy,85.81,87.36,85.52,87.3,85.86,17186762
2022-12-19,XOM,Exxon Mobil Corporation,Energy,87.37,88.96,86.5,87.64,86.19,21968182
2022-12-20,XOM,Exxon Mobil Corporation,Energy,87.65,89.83,86.45,89.37,87.89,16305977
2022-12-21,XOM,Exxon Mobil Corporation,Energy,89.4,89.58,88.36,89.31,87.82,21781636
2022-12-22,XOM,Exxon Mobil Corporation,Energy,89.19,89.4,87.8,89.3,87.8,17646437
2022-12-23,XOM,Exxon Mobil Corporation,Energy,88.91,90.57,85.51,88.03,86.55,14525258
2022-12-26,XOM,Exxon Mobil Corporation,Energy,87.85,88.62,84.67,85.87,84.43,20701804
2022-12-27,XOM,Exxon Mobil Corporation,Energy,86.8,88.76,84.84,88.59,87.09,17750591
2022-12-28,XOM,Exxon Mobil Corporation,Energy,88.42,91.04,87.49,90.31,88.78,15434802
2022-12-29,XOM,Exxon Mobil Corporation,Energy,89.37,89.98,88.14,88.34,86.84,19587376
2022-12-30,XOM,Exxon Mobil Corporation,Energy,88.52,89.66,86.15,88.63,87.12,19249385
2023-01-02,XOM,Exxon Mobil Corporation,Energy,89.01,89.26,86.9,88.55,87.04,17726092
2023-01-03,XOM,Exxon Mobil Corporation,Energy,88.65,88.9,87.3,88.22,86.71,19430284
2023-01-04,XOM,Exxon Mobil Corporation,Energy,88.46,88.59,87.59,87.69,86.19,22503613
2023-01-05,XOM,Exxon Mobil Corporation,Energy,87.39,88.34,86.69,88.31,86.79,18505967
2023-01-06,XOM,Exxon Mobil Corporation,Energy,89.19,92.04,88.27,89.57,88.02,21962119
2023-01-09,XOM,Exxon Mobil Corporation,Energy,89.38,90.96,86.98,90.23,88.66,21297866
2023-01-10,XOM,Exxon Mobil Corporation,Energy,89.55,92.36,88.73,90.11,88.55,17355751
2023-01-11,XOM,Exxon Mobil Corporation,Energy,89.65,90.64,88.66,89.95,88.38,21683806
2023-01-12,XOM,Exxon Mobil Corporation,Energy,89.06,92.72,88.54,91.41,89.81,12984717
2023-01-13,XOM,Exxon Mobil Corporation,Energy,90.7,92.82,90.23,92.17,90.56,27979854
2023-01-16,XOM,Exxon Mobil Corporation,Energy,92.18,92.65,92.03,92.35,90.73,11210180
2023-01-17,XOM,Exxon Mobil Corporation,Energy,92.16,92.97,91.13,92.36,90.74,16917369
2023-01-18,XOM,Exxon Mobil Corporation,Energy,92.18,93.22,90.98,92.96,91.31,17665427
2023-01-19,XOM,Exxon Mobil Corporation,Energy,93.12,93.41,92.02,92.31,90.68,20695912
2023-01-20,XOM,Exxon Mobil Corporation,Energy,92.0,93.64,91.92,93.63,91.97,8547685
2023-01-23,XOM,Exxon Mobil Corporation,Energy,93.93,96.97,91.57,92.07,90.42,19320866
2023-01-24,XOM,Exxon Mobil Corporation,Energy,91.99,93.72,90.79,91.52,89.88,20660940
2023-01-25,XOM,Exxon Mobil Corporation,Energy,91.09,93.25,90.09,92.5,90.84,19227474
2023-01-26,XOM,Exxon Mobil Corporation,Energy,91.9,93.84,88.32,90.87,89.24,13851635
2023-01-27,XOM,Exxon Mobil Corporation,Energy,91.29,92.11,88.02,88.62,87.03,27942600
2023-01-30,XOM,Exxon Mobil Corporation,Energy,88.49,89.25,87.7,88.78,87.18,18277968
2023-01-31,XOM,Exxon Mobil Corporation,Energy,88.76,89.7,86.17,86.41,84.85,14315489
2023-02-01,XOM,Exxon Mobil Corporation,Energy,86.08,86.46,82.88,84.66,83.12,14626008
2023-02-02,XOM,Exxon Mobil Corporation,Energy,85.54,86.33,84.98,85.78,84.21,22488923
2023-02-03,XOM,Exxon Mobil Corporation,Energy,86.06,86.7,84.46,85.55,83.99,11803319
2023-02-06,XOM,Exxon Mobil Corporation,Energy,85.05,88.56,84.23,87.44,85.83,25287344
2023-02-07,XOM,Exxon Mobil Corporation,Energy,86.98,87.79,85.39,85.79,84.21,19402329
2023-02-08,XOM,Exxon Mobil Corporation,Energy,86.08,87.6,85.44,85.72,84.14,15929710
2023-02-09,XOM,Exxon Mobil Corporation,Energy,86.03,86.62,84.86,86.35,84.75,20556393
2023-02-10,XOM,Exxon Mobil Corporation,Energy,86.74,86.96,84.73,84.77,83.2,12694590
2023-02-13,XOM,Exxon Mobil Corporation,Energy,85.05,88.16,83.91,86.28,84.68,20233648
2023-02-14,XOM,Exxon Mobil Corporation,Energy,86.43,87.62,84.64,87.07,85.45,13656721
2023-02-15,XOM,Exxon Mobil Corporation,Energy,86.67,87.09,84.41,84.87,83.28,14368103
2023-02-16,XOM,Exxon Mobil Corporation,Energy,84.73,86.52,83.99,84.88,83.29,15429848
2023-02-17,XOM,Exxon Mobil Corporation,Energy,83.88,86.03,83.58,85.48,83.87,21804572
2023-02-20,XOM,Exxon Mobil Corporation,Energy,84.72,85.19,84.22,84.72,83.12,22660469
2023-02-21,XOM,Exxon Mobil Corporation,Energy,84.24,87.0,81.06,82.75,81.19,14420535
2023-02-22,XOM,Exxon Mobil Corporation,Energy,82.81,86.47,81.21,83.19,81.61,15635695
2023-02-23,XOM,Exxon Mobil Corporation,Energy,83.05,86.74,82.48,86.32,84.68,19126177
2023-02-24,XOM,Exxon Mobil Corporation,Energy,85.93,87.31,85.01,85.84,84.21,22931952
2023-02-27,XOM,Exxon Mobil Corporation,Energy,85.33,88.44,83.35,88.14,86.46,12773939
2023-02-28,XOM,Exxon Mobil Corporation,Energy,87.72,90.7,85.69,87.13,85.46,11946963
2023-03-01,XOM,Exxon Mobil Corporation,Energy,87.34,89.41,86.91,87.5,85.82,16892280
2023-03-02,XOM,Exxon Mobil Corporation,Energy,87.45,89.09,87.09,88.68,86.97,20395366
2023-03-03,XOM,Exxon Mobil Corporation,Energy,88.06,89.86,87.82,88.73,87.02,17631640
2023-03-06,XOM,Exxon Mobil Corporation,Energy,88.78,89.17,87.95,88.36,86.65,18546629
2023-03-07,XOM,Exxon Mobil Corporation,Energy,88.11,91.47,86.49,89.49,87.75,11610641
2023-03-08,XOM,Exxon Mobil Corporation,Energy,88.96,94.15,88.94,92.37,90.57,10750015
2023-03-09,XOM,Exxon Mobil Corporation,Energy,91.91,93.62,90.96,92.9,91.08,22208709
2023-03-10,XOM,Exxon Mobil Corporation,Energy,92.65,92.98,91.07,92.18,90.38,15859529
2023-03-13,XOM,Exxon Mobil Corporation,Energy,91.97,92.67,91.44,91.96,90.16,21130738
2023-03-14,XOM,Exxon Mobil Corporation,Energy,91.62,97.3,90.84,95.91,94.02,15572681
2023-03-15,XOM,Exxon Mobil Corporation,Energy,95.12,97.38,94.75,96.19,94.3,13095886
2023-03-16,XOM,Exxon Mobil Corporation,Energy,96.5,98.76,95.12,95.33,93.45,10744313
2023-03-17,XOM,Exxon Mobil Corporation,Energy,96.53,99.83,93.54,93.63,91.77,22456738
2023-03-20,XOM,Exxon Mobil Corporation,Energy,93.68,94.64,88.82,90.94,89.13,22577070
2023-03-21,XOM,Exxon Mobil Corporation,Energy,91.77,92.2,91.43,91.55,89.72,18278242
2023-03-22,XOM,Exxon Mobil Corporation,Energy,91.51,93.3,90.6,92.6,90.75,14130427
2023-03-23,XOM,Exxon Mobil Corporation,Energy,92.22,92.49,90.27,92.07,90.23,19316693
2023-03-24,XOM,Exxon Mobil Corporation,Energy,92.04,93.74,91.8,92.12,90.27,16769583
2023-03-27,XOM,Exxon Mobil Corporation,Energy,91.9,92.04,89.97,90.44,88.62,18416522
2023-03-28,XOM,Exxon Mobil Corporation,Energy,91.04,91.76,90.34,90.7,88.87,16789440
2023-03-29,XOM,Exxon Mobil Corporation,Energy,90.41,93.19,89.65,91.49,89.63,11964555
2023-03-30,XOM,Exxon Mobil Corporation,Energy,91.35,91.9,89.83,90.75,88.91,14678351
2023-03-31,XOM,Exxon Mobil Corporation,Energy,90.85,93.68,89.84,93.37,91.47,17220246
2023-04-03,XOM,Exxon Mobil Corporation,Energy,93.37,95.8,90.68,92.17,90.29,15499904
2023-04-04,XOM,Exxon Mobil Corporation,Energy,91.96,94.1,88.87,92.66,90.77,19538236
2023-04-05,XOM,Exxon Mobil Corporation,Energy,93.07,94.3,92.65,94.03,92.1,20928765
2023-04-06,XOM,Exxon Mobil Corporation,Energy,93.46,97.19,93.41,93.98,92.05,16843995
2023-04-07,XOM,Exxon Mobil Corporation,Energy,93.8,95.19,90.68,93.76,91.83,19020302
2023-04-10,XOM,Exxon Mobil Corporation,Energy,94.63,94.8,90.92,91.66,89.77,19787698
2023-04-11,XOM,Exxon Mobil Corporation,Energy,92.01,93.99,91.78,93.79,91.85,17327508
2023-04-12,XOM,Exxon Mobil Corporation,Energy,94.06,94.17,89.54,93.6,91.66,11331695
2023-04-13,XOM,Exxon Mobil Corporation,Energy,93.67,94.7,93.61,94.5,92.53,10844650
2023-04-14,XOM,Exxon Mobil Corporation,Energy,94.81,96.25,93.85,95.61,93.62,19003671
2023-04-17,XOM,Exxon Mobil Corporation,Energy,95.65,97.68,91.66,94.7,92.73,21669701
2023-04-18,XOM,Exxon Mobil Corporation,Energy,94.78,95.42,92.54,94.47,92.49,17820695
2023-04-19,XOM,Exxon Mobil Corporation,Energy,94.19,96.63,91.84,96.63,94.6,16950050
2023-04-20,XOM,Exxon Mobil Corporation,Energy,96.25,97.63,92.9,94.94,92.95,21844204
2023-04-21,XOM,Exxon Mobil Corporation,Energy,95.37,98.99,90.89,98.38,96.31,21512100
2023-04-24,XOM,Exxon Mobil Corporation,Energy,98.36,98.62,97.03,97.26,95.21,16557670
2023-04-25,XOM,Exxon Mobil Corporation,Energy,97.93,98.02,95.26,95.47,93.45,22243213
2023-04-26,XOM,Exxon Mobil Corporation,Energy,95.32,96.27,93.25,95.75,93.72,22187298
2023-04-27,XOM,Exxon Mobil Corporation,Energy,95.9,100.04,95.17,99.35,97.23,18137181
2023-04-28,XOM,Exxon Mobil Corporation,Energy,98.05,99.24,95.11,96.36,94.3,16856907
2023-05-01,XOM,Exxon Mobil Corporation,Energy,96.64,99.42,95.7,96.21,94.15,15828131
2023-05-02,XOM,Exxon Mobil Corporation,Energy,95.87,97.3,95.4,97.03,94.95,22132634
2023-05-03,XOM,Exxon Mobil Corporation,Energy,97.3,98.48,95.65,97.16,95.07,17801288
2023-05-04,XOM,Exxon Mobil Corporation,Energy,96.43,98.1,95.68,97.84,95.73,17699531
2023-05-05,XOM,Exxon Mobil Corporation,Energy,98.19,99.66,95.72,96.77,94.68,18883090
2023-05-08,XOM,Exxon Mobil Corporation,Energy,96.34,96.97,94.87,95.89,93.82,29311395
2023-05-09,XOM,Exxon Mobil Corporation,Energy,96.46,97.57,95.73,95.73,93.65,23408641
2023-05-10,XOM,Exxon Mobil Corporation,Energy,95.86,96.91,93.72,94.05,92.0,19695225
2023-05-11,XOM,Exxon Mobil Corporation,Energy,94.37,94.55,93.55,94.05,92.0,20050774
2023-05-12,XOM,Exxon Mobil Corporation,Energy,94.12,94.52,89.33,93.52,91.47,29300096
2023-05-15,XOM,Exxon Mobil Corporation,Energy,93.51,94.91,91.89,92.87,90.84,15505332
2023-05-16,XOM,Exxon Mobil Corporation,Energy,93.24,93.91,90.1,93.43,91.38,19010657
2023-05-17,XOM,Exxon Mobil Corporation,Energy,93.35,94.12,89.54,90.75,88.75,20316406
2023-05-18,XOM,Exxon Mobil Corporation,Energy,90.89,92.19,89.65,90.48,88.48,14471267
2023-05-19,XOM,Exxon Mobil Corporation,Energy,89.35,94.13,85.56,94.05,91.97,18204000
2023-05-22,XOM,Exxon Mobil Corporation,Energy,93.99,94.28,91.78,92.46,90.41,18665859
2023-05-23,XOM,Exxon Mobil Corporation,Energy,92.06,95.62,90.96,94.49,92.39,14838936
2023-05-24,XOM,Exxon Mobil Corporation,Energy,93.43,95.48,93.29,94.65,92.54,17620034
2023-05-25,XOM,Exxon Mobil Corporation,Energy,94.35,94.65,93.08,93.79,91.69,10223292
2023-05-26,XOM,Exxon Mobil Corporation,Energy,93.45,95.26,91.27,91.85,89.79,20747377
2023-05-29,XOM,Exxon Mobil Corporation,Energy,91.92,93.92,91.75,92.13,90.06,15394929
2023-05-30,XOM,Exxon Mobil Corporation,Energy,92.31,96.62,91.24,94.42,92.29,15646122
2023-05-31,XOM,Exxon Mobil Corporation,Energy,94.08,98.81,92.05,93.89,91.77,21416157
2023-06-01,XOM,Exxon Mobil Corporation,Energy,94.61,96.5,89.21,93.83,91.71,24132418
2023-06-02,XOM,Exxon Mobil Corporation,Energy,93.92,95.76,93.83,95.47,93.31,11323924
2023-06-05,XOM,Exxon Mobil Corporation,Energy,96.15,98.72,95.73,96.07,93.89,24861045
2023-06-06,XOM,Exxon Mobil Corporation,Energy,96.07,96.24,92.73,93.7,91.57,8652401
2023-06-07,XOM,Exxon Mobil Corporation,Energy,93.96,94.86,92.67,93.92,91.78,23659546
2023-06-08,XOM,Exxon Mobil Corporation,Energy,94.19,98.11,91.03,96.35,94.15,22800927
2023-06-09,XOM,Exxon Mobil Corporation,Energy,96.28,97.61,95.8,96.36,94.15,16067952
2023-06-12,XOM,Exxon Mobil Corporation,Energy,95.85,97.57,90.66,92.2,90.08,20137450
2023-06-13,XOM,Exxon Mobil Corporation,Energy,92.28,93.24,90.64,92.85,90.72,22839750
2023-06-14,XOM,Exxon Mobil Corporation,Energy,92.91,94.72,91.21,92.62,90.49,26096078
2023-06-15,XOM,Exxon Mobil Corporation,Energy,92.71,93.24,89.87,89.95,87.88,22997237
2023-06-16,XOM,Exxon Mobil Corporation,Energy,89.39,90.14,86.89,87.58,85.55,14871745
2023-06-19,XOM,Exxon Mobil Corporation,Energy,87.69,89.61,86.91,89.05,86.99,13602290
2023-06-20,XOM,Exxon Mobil Corporation,Energy,89.01,89.88,87.03,88.06,86.01,22612718
2023-06-21,XOM,Exxon Mobil Corporation,Energy,87.97,88.12,84.55,86.82,84.8,18720607
2023-06-22,XOM,Exxon Mobil Corporation,Energy,86.57,87.57,85.85,86.84,84.81,18146731
2023-06-23,XOM,Exxon Mobil Corporation,Energy,86.79,87.25,85.48,85.99,83.98,18414545
2023-06-26,XOM,Exxon Mobil Corporation,Energy,85.22,88.3,84.24,86.19,84.17,12976043
2023-06-27,XOM,Exxon Mobil Corporation,Energy,86.04,86.77,85.27,85.97,83.95,15150661
2023-06-28,XOM,Exxon Mobil Corporation,Energy,85.75,86.22,83.43,84.36,82.37,17837477
2023-06-29,XOM,Exxon Mobil Corporation,Energy,84.03,85.49,82.99,83.72,81.74,15374278
2023-06-30,XOM,Exxon Mobil Corporation,Energy,83.23,86.4,81.59,84.39,82.39,23253426
2023-07-03,XOM,Exxon Mobil Corporation,Energy,84.69,85.31,83.93,84.51,82.51,15877608
2023-07-04,XOM,Exxon Mobil Corporation,Energy,84.6,85.09,83.04,84.46,82.45,19707940
2023-07-05,XOM,Exxon Mobil Corporation,Energy,83.92,87.43,83.08,87.25,85.17,23348696
2023-07-06,XOM,Exxon Mobil Corporation,Energy,87.96,89.61,87.52,88.36,86.25,20715723
2023-07-07,XOM,Exxon Mobil Corporation,Energy,87.78,90.35,87.24,89.67,87.53,20423112
2023-07-10,XOM,Exxon Mobil Corporation,Energy,89.04,89.81,87.03,89.49,87.35,17319903
2023-07-11,XOM,Exxon Mobil Corporation,Energy,89.86,91.51,88.97,89.88,87.73,14839662
2023-07-12,XOM,Exxon Mobil Corporation,Energy,90.12,91.61,88.71,89.32,87.17,10022116
2023-07-13,XOM,Exxon Mobil Corporation,Energy,89.73,90.74,89.54,90.53,88.35,26624044
2023-07-14,XOM,Exxon Mobil Corporation,Energy,90.93,91.26,88.62,90.43,88.25,18428039
2023-07-17,XOM,Exxon Mobil Corporation,Energy,90.38,91.56,89.63,90.83,88.63,13801374
2023-07-18,XOM,Exxon Mobil Corporation,Energy,90.36,91.5,89.21,91.13,88.92,15406441
2023-07-19,XOM,Exxon Mobil Corporation,Energy,90.79,91.92,90.68,91.18,88.96,19110991
2023-07-20,XOM,Exxon Mobil Corporation,Energy,90.95,95.92,88.9,95.74,93.41,17147055
2023-07-21,XOM,Exxon Mobil Corporation,Energy,95.84,96.1,94.45,94.77,92.46,15438736
2023-07-24,XOM,Exxon Mobil Corporation,Energy,94.56,95.36,91.3,93.8,91.5,15029657
2023-07-25,XOM,Exxon Mobil Corporation,Energy,93.47,98.19,93.44,94.94,92.61,10973956
2023-07-26,XOM,Exxon Mobil Corporation,Energy,94.81,96.85,93.73,94.09,91.78,10344329
2023-07-27,XOM,Exxon Mobil Corporation,Energy,93.66,94.15,92.76,93.71,91.4,14702340
2023-07-28,XOM,Exxon Mobil Corporation,Energy,94.01,95.38,90.39,92.12,89.85,22668861
2023-07-31,XOM,Exxon Mobil Corporation,Energy,92.59,94.51,91.96,92.94,90.64,18634098
2023-08-01,XOM,Exxon Mobil Corporation,Energy,92.75,94.04,92.14,93.78,91.46,19764530
2023-08-02,XOM,Exxon Mobil Corporation,Energy,94.18,94.41,93.02,93.36,91.05,11164521
2023-08-03,XOM,Exxon Mobil Corporation,Energy,92.87,95.0,92.2,94.53,92.18,18369919
2023-08-04,XOM,Exxon Mobil Corporation,Energy,93.63,93.79,91.51,91.77,89.48,19002887
2023-08-07,XOM,Exxon Mobil Corporation,Energy,92.0,92.1,89.38,90.78,88.51,21127837
2023-08-08,XOM,Exxon Mobil Corporation,Energy,90.86,92.46,90.05,90.59,88.33,13505331
2023-08-09,XOM,Exxon Mobil Corporation,Energy,90.04,90.56,88.78,88.94,86.71,17256920
2023-08-10,XOM,Exxon Mobil Corporation,Energy,88.65,88.69,85.17,86.49,84.32,11482398
2023-08-11,XOM,Exxon Mobil Corporation,Energy,86.36,86.52,84.88,86.12,83.95,23412925
2023-08-14,XOM,Exxon Mobil Corporation,Energy,86.5,87.31,85.86,87.17,84.97,19120205
2023-08-15,XOM,Exxon Mobil Corporation,Energy,87.24,89.25,86.52,89.08,86.83,18538555
2023-08-16,XOM,Exxon Mobil Corporation,Energy,88.99,89.17,87.68,88.35,86.11,7419788
2023-08-17,XOM,Exxon Mobil Corporation,Energy,87.94,90.44,86.41,89.49,87.21,9681677
2023-08-18,XOM,Exxon Mobil Corporation,Energy,89.68,90.68,87.38,90.49,88.19,20071075
2023-08-21,XOM,Exxon Mobil Corporation,Energy,91.24,93.14,86.55,92.38,90.03,12983388
2023-08-22,XOM,Exxon Mobil Corporation,Energy,92.69,93.01,91.84,91.92,89.58,27139291
2023-08-23,XOM,Exxon Mobil Corporation,Energy,91.34,92.03,88.16,89.32,87.04,14888113
2023-08-24,XOM,Exxon Mobil Corporation,Energy,89.32,89.83,89.08,89.49,87.2,20306624
2023-08-25,XOM,Exxon Mobil Corporation,Energy,89.75,90.62,87.52,88.08,85.82,5345710
2023-08-28,XOM,Exxon Mobil Corporation,Energy,88.44,88.56,86.02,87.11,84.87,17547292
2023-08-29,XOM,Exxon Mobil Corporation,Energy,87.02,87.25,86.14,86.74,84.51,19430422
2023-08-30,XOM,Exxon Mobil Corporation,Energy,87.97,88.43,84.24,86.33,84.1,17325170
2023-08-31,XOM,Exxon Mobil Corporation,Energy,86.61,87.15,84.69,86.59,84.35,15930041
2023-09-01,XOM,Exxon Mobil Corporation,Energy,86.19,87.85,83.87,87.66,85.38,27025957
2023-09-04,XOM,Exxon Mobil Corporation,Energy,88.2,90.17,86.1,87.2,84.93,23355851
2023-09-05,XOM,Exxon Mobil Corporation,Energy,87.32,88.7,86.35,87.83,85.54,7832831
2023-09-06,XOM,Exxon Mobil Corporation,Energy,87.57,88.06,86.33,87.91,85.62,26578271
2023-09-07,XOM,Exxon Mobil Corporation,Energy,86.96,89.5,86.48,89.34,87.0,18658534
2023-09-08,XOM,Exxon Mobil Corporation,Energy,89.78,92.23,87.26,89.13,86.79,18914189
2023-09-11,XOM,Exxon Mobil Corporation,Energy,89.74,92.52,87.32,89.08,86.74,13118585
2023-09-12,XOM,Exxon Mobil Corporation,Energy,88.68,92.91,86.86,88.6,86.27,8831141
2023-09-13,XOM,Exxon Mobil Corporation,Energy,89.55,90.47,87.15,88.43,86.1,17818900
2023-09-14,XOM,Exxon Mobil Corporation,Energy,88.47,88.83,87.3,87.37,85.06,10107515
2023-09-15,XOM,Exxon Mobil Corporation,Energy,87.5,89.09,85.99,86.18,83.9,14125396
2023-09-18,XOM,Exxon Mobil Corporation,Energy,85.53,87.96,83.23,87.34,85.03,24037044
2023-09-19,XOM,Exxon Mobil Corporation,Energy,87.11,88.2,85.53,85.87,83.59,15176351
2023-09-20,XOM,Exxon Mobil Corporation,Energy,85.81,86.23,85.48,85.49,83.21,21251059
2023-09-21,XOM,Exxon Mobil Corporation,Energy,85.57,87.9,85.21,86.98,84.67,24522361
2023-09-22,XOM,Exxon Mobil Corporation,Energy,86.91,87.21,85.9,86.55,84.24,18881027
2023-09-25,XOM,Exxon Mobil Corporation,Energy,85.66,87.8,83.05,87.79,85.45,13601361
2023-09-26,XOM,Exxon Mobil Corporation,Energy,87.94,88.14,86.98,87.01,84.68,16217576
2023-09-27,XOM,Exxon Mobil Corporation,Energy,86.66,86.8,85.0,85.59,83.29,10603646
2023-09-28,XOM,Exxon Mobil Corporation,Energy,85.58,85.68,83.0,83.45,81.2,15649035
2023-09-29,XOM,Exxon Mobil Corporation,Energy,83.54,86.64,82.81,85.32,83.02,13700165
2023-10-02,XOM,Exxon Mobil Corporation,Energy,85.22,87.61,82.05,83.81,81.55,19521114
2023-10-03,XOM,Exxon Mobil Corporation,Energy,83.32,85.89,81.81,84.9,82.61,16293557
2023-10-04,XOM,Exxon Mobil Corporation,Energy,84.83,85.47,83.45,83.59,81.32,23533516
2023-10-05,XOM,Exxon Mobil Corporation,Energy,83.42,85.67,82.58,85.47,83.15,23749285
2023-10-06,XOM,Exxon Mobil Corporation,Energy,85.56,90.43,83.86,88.68,86.27,22818790
2023-10-09,XOM,Exxon Mobil Corporation,Energy,89.14,89.55,85.21,86.33,83.98,17792960
2023-10-10,XOM,Exxon Mobil Corporation,Energy,86.59,87.57,83.3,84.87,82.56,12340066
2023-10-11,XOM,Exxon Mobil Corporation,Energy,85.33,87.76,85.28,86.02,83.67,16516155
2023-10-12,XOM,Exxon Mobil Corporation,Energy,86.35,86.81,83.77,86.81,84.43,16262653
2023-10-13,XOM,Exxon Mobil Corporation,Energy,86.96,88.1,85.6,87.99,85.57,15558025
2023-10-16,XOM,Exxon Mobil Corporation,Energy,87.81,87.84,86.38,87.23,84.83,19271512
2023-10-17,XOM,Exxon Mobil Corporation,Energy,87.82,90.77,87.81,90.18,87.69,24611460
2023-10-18,XOM,Exxon Mobil Corporation,Energy,90.53,91.08,89.71,90.42,87.92,9987208
2023-10-19,XOM,Exxon Mobil Corporation,Energy,90.54,91.8,87.61,88.7,86.25,20271516
2023-10-20,XOM,Exxon Mobil Corporation,Energy,88.41,90.11,86.26,88.4,85.95,18960507
2023-10-23,XOM,Exxon Mobil Corporation,Energy,89.16,91.73,85.42,86.74,84.33,20964108
2023-10-24,XOM,Exxon Mobil Corporation,Energy,86.05,89.37,86.0,89.1,86.62,22883511
2023-10-25,XOM,Exxon Mobil Corporation,Energy,88.94,89.4,87.23,88.2,85.74,10796926
2023-10-26,XOM,Exxon Mobil Corporation,Energy,88.23,89.23,87.66,88.98,86.5,13493899
2023-10-27,XOM,Exxon Mobil Corporation,Energy,89.88,90.7,88.21,88.36,85.89,13903120
2023-10-30,XOM,Exxon Mobil Corporation,Energy,87.69,87.77,87.35,87.54,85.09,21685400
2023-10-31,XOM,Exxon Mobil Corporation,Energy,87.46,88.93,84.62,84.91,82.53,21803719
2023-11-01,XOM,Exxon Mobil Corporation,Energy,84.91,86.78,82.73,85.81,83.39,18519127
2023-11-02,XOM,Exxon Mobil Corporation,Energy,85.61,87.85,83.89,87.72,85.25,19609897
2023-11-03,XOM,Exxon Mobil Corporation,Energy,87.68,88.96,86.18,86.48,84.04,29642392
2023-11-06,XOM,Exxon Mobil Corporation,Energy,87.05,87.72,83.6,84.38,81.99,16935540
2023-11-07,XOM,Exxon Mobil Corporation,Energy,84.44,86.31,84.14,85.56,83.13,16124565
2023-11-08,XOM,Exxon Mobil Corporation,Energy,85.63,86.01,82.87,83.34,80.98,22009854
2023-11-09,XOM,Exxon Mobil Corporation,Energy,83.49,85.64,83.46,85.09,82.67,21767122
2023-11-10,XOM,Exxon Mobil Corporation,Energy,85.76,86.05,83.35,83.9,81.51,16534531
2023-11-13,XOM,Exxon Mobil Corporation,Energy,83.61,85.16,81.76,82.46,80.1,18097393
2023-11-14,XOM,Exxon Mobil Corporation,Energy,83.06,84.07,82.47,82.85,80.49,15186753
2023-11-15,XOM,Exxon Mobil Corporation,Energy,82.74,83.5,80.5,81.52,79.18,17560436
2023-11-16,XOM,Exxon Mobil Corporation,Energy,81.49,82.86,78.85,80.64,78.33,19606519
2023-11-17,XOM,Exxon Mobil Corporation,Energy,80.1,81.44,79.43,81.17,78.84,20743698
2023-11-20,XOM,Exxon Mobil Corporation,Energy,80.87,82.5,75.99,78.06,75.81,19007310
2023-11-21,XOM,Exxon Mobil Corporation,Energy,78.61,80.4,77.03,80.25,77.93,19587719
2023-11-22,XOM,Exxon Mobil Corporation,Energy,81.2,82.4,79.03,80.36,78.04,18817268
2023-11-23,XOM,Exxon Mobil Corporation,Energy,80.28,80.47,76.51,78.74,76.46,18421464
2023-11-24,XOM,Exxon Mobil Corporation,Energy,78.36,80.48,75.75,77.49,75.25,20649549
2023-11-27,XOM,Exxon Mobil Corporation,Energy,77.41,79.58,77.24,78.82,76.53,10396769
2023-11-28,XOM,Exxon Mobil Corporation,Energy,78.2,80.58,76.42,79.66,77.34,25802474
2023-11-29,XOM,Exxon Mobil Corporation,Energy,80.16,82.65,79.57,81.55,79.17,20317385
2023-11-30,XOM,Exxon Mobil Corporation,Energy,81.6,81.76,80.24,80.7,78.35,14880015
2023-12-01,XOM,Exxon Mobil Corporation,Energy,79.81,81.38,77.46,81.16,78.78,15785581
2023-12-04,XOM,Exxon Mobil Corporation,Energy,81.17,82.39,79.6,81.79,79.39,25904219
2023-12-05,XOM,Exxon Mobil Corporation,Energy,81.98,83.8,80.99,82.78,80.35,19308279
2023-12-06,XOM,Exxon Mobil Corporation,Energy,82.58,86.43,81.92,84.39,81.91,22761475
2023-12-07,XOM,Exxon Mobil Corporation,Energy,84.54,84.66,81.9,83.46,81.01,12540654
2023-12-08,XOM,Exxon Mobil Corporation,Energy,84.23,85.08,83.33,83.37,80.91,16802531
2023-12-11,XOM,Exxon Mobil Corporation,Energy,82.76,83.23,80.0,82.6,80.16,15268232
2023-12-12,XOM,Exxon Mobil Corporation,Energy,82.84,84.71,80.8,82.59,80.15,20566137
2023-12-13,XOM,Exxon Mobil Corporation,Energy,82.9,84.53,81.41,83.6,81.12,24100264
2023-12-14,XOM,Exxon Mobil Corporation,Energy,83.93,84.04,80.9,81.43,79.01,21511780
2023-12-15,XOM,Exxon Mobil Corporation,Energy,81.02,83.17,79.63,82.98,80.51,13110974
2023-12-18,XOM,Exxon Mobil Corporation,Energy,83.37,84.3,80.93,81.51,79.08,25308860
2023-12-19,XOM,Exxon Mobil Corporation,Energy,81.39,81.86,80.73,81.16,78.74,16502437
2023-12-20,XOM,Exxon Mobil Corporation,Energy,81.12,83.91,80.1,82.89,80.41,17118937
2023-12-21,XOM,Exxon Mobil Corporation,Energy,82.73,84.32,80.71,83.4,80.9,14852431
2023-12-22,XOM,Exxon Mobil Corporation,Energy,83.22,84.0,82.97,83.93,81.41,25759882
2023-12-25,XOM,Exxon Mobil Corporation,Energy,84.01,84.33,82.14,82.38,79.9,16465954
2023-12-26,XOM,Exxon Mobil Corporation,Energy,82.77,83.5,80.15,81.04,78.6,16490893
2023-12-27,XOM,Exxon Mobil Corporation,Energy,80.83,82.39,80.24,82.36,79.88,18440352
2023-12-28,XOM,Exxon Mobil Corporation,Energy,83.06,83.95,81.38,81.63,79.17,12685477
2023-12-29,XOM,Exxon Mobil Corporation,Energy,81.43,84.1,80.02,81.03,78.58,13980452
2024-01-01,XOM,Exxon Mobil Corporation,Energy,81.62,82.78,80.89,82.38,79.89,15267028
2024-01-02,XOM,Exxon Mobil Corporation,Energy,82.14,82.86,79.98,81.04,78.58,21004379
2024-01-03,XOM,Exxon Mobil Corporation,Energy,81.13,81.61,80.56,81.46,78.98,12685663
2024-01-04,XOM,Exxon Mobil Corporation,Energy,80.72,81.6,79.93,81.58,79.09,17222951
2024-01-05,XOM,Exxon Mobil Corporation,Energy,81.85,82.33,81.16,81.63,79.14,14463379
2024-01-08,XOM,Exxon Mobil Corporation,Energy,81.18,81.63,79.35,81.0,78.53,12683275
2024-01-09,XOM,Exxon Mobil Corporation,Energy,80.56,80.67,79.97,80.3,77.84,20004656
2024-01-10,XOM,Exxon Mobil Corporation,Energy,80.28,81.05,77.81,78.95,76.53,11852964
2024-01-11,XOM,Exxon Mobil Corporation,Energy,78.92,80.24,78.86,79.63,77.19,23847440
2024-01-12,XOM,Exxon Mobil Corporation,Energy,80.19,80.78,77.8,78.83,76.4,18336110
2024-01-15,XOM,Exxon Mobil Corporation,Energy,78.43,82.04,77.59,80.15,77.67,15192386
2024-01-16,XOM,Exxon Mobil Corporation,Energy,79.82,80.58,79.02,79.91,77.44,12671109
2024-01-17,XOM,Exxon Mobil Corporation,Energy,80.38,81.54,78.43,78.59,76.16,18662759
2024-01-18,XOM,Exxon Mobil Corporation,Energy,78.93,79.59,77.8,78.35,75.92,18911082
2024-01-19,XOM,Exxon Mobil Corporation,Energy,78.42,78.51,77.85,77.88,75.46,17848865
2024-01-22,XOM,Exxon Mobil Corporation,Energy,78.38,81.35,77.18,79.24,76.77,21165875
2024-01-23,XOM,Exxon Mobil Corporation,Energy,78.95,80.73,77.44,78.82,76.36,19250292
2024-01-24,XOM,Exxon Mobil Corporation,Energy,79.72,79.74,77.31,78.52,76.07,13074276
2024-01-25,XOM,Exxon Mobil Corporation,Energy,78.37,81.64,78.15,80.41,77.9,13759824
2024-01-26,XOM,Exxon Mobil Corporation,Energy,81.15,81.41,80.06,81.15,78.61,25034391
2024-01-29,XOM,Exxon Mobil Corporation,Energy,81.29,84.38,81.08,83.45,80.83,22157884
2024-01-30,XOM,Exxon Mobil Corporation,Energy,83.67,86.89,82.99,85.25,82.57,15627426
2024-01-31,XOM,Exxon Mobil Corporation,Energy,85.36,86.15,83.13,84.08,81.44,10776733
2024-02-01,XOM,Exxon Mobil Corporation,Energy,83.71,85.98,82.99,85.52,82.83,17900526
2024-02-02,XOM,Exxon Mobil Corporation,Energy,85.36,88.11,84.96,87.75,84.98,25144114
2024-02-05,XOM,Exxon Mobil Corporation,Energy,87.5,90.18,87.17,90.05,87.2,23082398
2024-02-06,XOM,Exxon Mobil Corporation,Energy,90.29,91.82,90.06,91.58,88.68,23304258
2024-02-07,XOM,Exxon Mobil Corporation,Energy,91.8,93.82,91.47,93.11,90.16,16865374
2024-02-08,XOM,Exxon Mobil Corporation,Energy,92.38,93.42,91.2,92.72,89.78,14476756
2024-02-09,XOM,Exxon Mobil Corporation,Energy,92.9,93.29,90.43,91.53,88.62,14488572
2024-02-12,XOM,Exxon Mobil Corporation,Energy,91.73,93.22,89.6,91.07,88.17,16405549
2024-02-13,XOM,Exxon Mobil Corporation,Energy,92.06,92.33,88.33,88.68,85.85,20995969
2024-02-14,XOM,Exxon Mobil Corporation,Energy,89.45,90.96,89.2,90.72,87.82,20091578
2024-02-15,XOM,Exxon Mobil Corporation,Energy,91.27,91.79,87.5,90.37,87.48,7759364
2024-02-16,XOM,Exxon Mobil Corporation,Energy,90.51,92.72,88.46,92.37,89.41,18003696
2024-02-19,XOM,Exxon Mobil Corporation,Energy,92.38,93.44,90.38,90.59,87.68,20539238
2024-02-20,XOM,Exxon Mobil Corporation,Energy,90.67,93.79,89.01,92.28,89.31,17211487
2024-02-21,XOM,Exxon Mobil Corporation,Energy,92.12,93.23,91.6,91.6,88.65,12286679
2024-02-22,XOM,Exxon Mobil Corporation,Energy,91.17,92.02,89.19,89.76,86.87,21870541
2024-02-23,XOM,Exxon Mobil Corporation,Energy,89.9,92.96,89.41,92.25,89.27,17818508
2024-02-26,XOM,Exxon Mobil Corporation,Energy,92.24,94.26,92.21,94.01,90.97,15705384
2024-02-27,XOM,Exxon Mobil Corporation,Energy,94.59,96.11,93.83,94.41,91.35,20129134
2024-02-28,XOM,Exxon Mobil Corporation,Energy,95.16,96.03,93.95,94.53,91.46,20818099
2024-02-29,XOM,Exxon Mobil Corporation,Energy,94.07,95.81,93.97,95.28,92.19,16164868
2024-03-01,XOM,Exxon Mobil Corporation,Energy,94.63,95.84,94.27,95.66,92.54,11890653
2024-03-04,XOM,Exxon Mobil Corporation,Energy,95.6,96.15,93.5,94.5,91.41,18284746
2024-03-05,XOM,Exxon Mobil Corporation,Energy,94.45,94.76,92.92,93.93,90.86,14396215
2024-03-06,XOM,Exxon Mobil Corporation,Energy,94.65,97.2,94.42,97.07,93.89,17890577
2024-03-07,XOM,Exxon Mobil Corporation,Energy,96.22,101.65,95.12,101.48,98.16,11417771
2024-03-08,XOM,Exxon Mobil Corporation,Energy,101.53,105.41,98.55,104.19,100.77,15602934
2024-03-11,XOM,Exxon Mobil Corporation,Energy,103.36,106.02,101.73,105.09,101.64,11972285
2024-03-12,XOM,Exxon Mobil Corporation,Energy,105.03,107.63,103.05,104.59,101.14,18178639
2024-03-13,XOM,Exxon Mobil Corporation,Energy,104.91,105.31,103.07,103.3,99.9,20536354
2024-03-14,XOM,Exxon Mobil Corporation,Energy,103.05,106.22,100.34,102.15,98.78,18611360
2024-03-15,XOM,Exxon Mobil Corporation,Energy,102.39,103.14,100.2,101.3,97.95,18790891
2024-03-18,XOM,Exxon Mobil Corporation,Energy,100.66,105.26,98.85,105.01,101.53,15423818
2024-03-19,XOM,Exxon Mobil Corporation,Energy,105.5,109.01,103.61,108.25,104.65,16313472
2024-03-20,XOM,Exxon Mobil Corporation,Energy,108.5,110.25,107.57,109.66,106.01,21686120
2024-03-21,XOM,Exxon Mobil Corporation,Energy,108.98,109.58,104.34,108.03,104.43,20619751
2024-03-22,XOM,Exxon Mobil Corporation,Energy,107.96,110.23,106.74,109.7,106.04,23518261
2024-03-25,XOM,Exxon Mobil Corporation,Energy,110.27,111.04,107.97,109.35,105.7,25345103
2024-03-26,XOM,Exxon Mobil Corporation,Energy,109.19,110.61,101.62,105.64,102.11,16778006
2024-03-27,XOM,Exxon Mobil Corporation,Energy,106.04,107.26,104.52,106.22,102.66,21080812
2024-03-28,XOM,Exxon Mobil Corporation,Energy,106.09,106.28,101.47,104.84,101.32,25127784
2024-03-29,XOM,Exxon Mobil Corporation,Energy,104.16,105.2,103.49,103.54,100.06,25266281
2024-04-01,XOM,Exxon Mobil Corporation,Energy,103.19,103.91,102.52,103.19,99.72,13902227
2024-04-02,XOM,Exxon Mobil Corporation,Energy,103.6,104.22,100.48,102.43,98.98,13805275
2024-04-03,XOM,Exxon Mobil Corporation,Energy,103.04,104.53,100.68,102.45,98.99,18566021
2024-04-04,XOM,Exxon Mobil Corporation,Energy,101.92,102.43,101.11,102.38,98.92,25059068
2024-04-05,XOM,Exxon Mobil Corporation,Energy,102.69,104.2,99.35,99.36,96.0,14544300
2024-04-08,XOM,Exxon Mobil Corporation,Energy,99.38,102.6,98.1,101.94,98.48,22159336
2024-04-09,XOM,Exxon Mobil Corporation,Energy,101.29,101.54,100.2,100.38,96.98,15863829
2024-04-10,XOM,Exxon Mobil Corporation,Energy,100.48,100.61,97.92,98.9,95.54,13964511
2024-04-11,XOM,Exxon Mobil Corporation,Energy,98.55,99.91,97.96,98.45,95.09,7673117
2024-04-12,XOM,Exxon Mobil Corporation,Energy,98.79,99.2,97.0,98.34,94.99,8917829
2024-04-15,XOM,Exxon Mobil Corporation,Energy,97.68,101.84,96.71,100.8,97.36,18409583
2024-04-16,XOM,Exxon Mobil Corporation,Energy,101.11,101.57,100.97,101.32,97.85,23095903
2024-04-17,XOM,Exxon Mobil Corporation,Energy,101.94,102.91,101.01,102.34,98.83,21230951
2024-04-18,XOM,Exxon Mobil Corporation,Energy,101.55,102.91,100.28,102.87,99.35,12456591
2024-04-19,XOM,Exxon Mobil Corporation,Energy,102.23,103.89,100.71,103.34,99.79,16287654
2024-04-22,XOM,Exxon Mobil Corporation,Energy,103.21,103.98,102.99,103.94,100.37,12203501
2024-04-23,XOM,Exxon Mobil Corporation,Energy,103.79,104.5,100.65,100.78,97.31,10088027
2024-04-24,XOM,Exxon Mobil Corporation,Energy,100.58,102.42,100.37,100.44,96.98,19360217
2024-04-25,XOM,Exxon Mobil Corporation,Energy,100.18,102.45,99.18,102.45,98.91,15151764
2024-04-26,XOM,Exxon Mobil Corporation,Energy,102.88,109.62,102.65,109.36,105.58,20177910
2024-04-29,XOM,Exxon Mobil Corporation,Energy,109.43,109.78,106.46,107.3,103.59,22192997
2024-04-30,XOM,Exxon Mobil Corporation,Energy,107.55,108.95,107.37,108.13,104.38,16149569
2024-05-01,XOM,Exxon Mobil Corporation,Energy,107.43,107.99,102.7,107.2,103.48,14190799
2024-05-02,XOM,Exxon Mobil Corporation,Energy,107.3,113.56,107.07,110.94,107.08,28576526
2024-05-03,XOM,Exxon Mobil Corporation,Energy,111.63,112.15,106.98,108.59,104.8,16679838
2024-05-06,XOM,Exxon Mobil Corporation,Energy,108.59,111.25,107.49,109.79,105.96,14842226
2024-05-07,XOM,Exxon Mobil Corporation,Energy,109.61,109.64,107.35,107.37,103.61,11289049
2024-05-08,XOM,Exxon Mobil Corporation,Energy,107.4,107.7,105.34,106.89,103.14,15113478
2024-05-09,XOM,Exxon Mobil Corporation,Energy,106.96,108.22,105.95,106.9,103.16,24618702
2024-05-10,XOM,Exxon Mobil Corporation,Energy,107.82,109.68,106.55,108.87,105.05,18908729
2024-05-13,XOM,Exxon Mobil Corporation,Energy,108.1,109.56,106.19,107.05,103.29,19281776
2024-05-14,XOM,Exxon Mobil Corporation,Energy,106.84,110.05,105.52,108.3,104.49,20189861
2024-05-15,XOM,Exxon Mobil Corporation,Energy,107.68,108.83,107.25,108.41,104.59,17886867
2024-05-16,XOM,Exxon Mobil Corporation,Energy,108.55,109.51,107.9,108.98,105.13,8539625
2024-05-17,XOM,Exxon Mobil Corporation,Energy,109.05,111.45,107.79,110.78,106.87,20821417
2024-05-20,XOM,Exxon Mobil Corporation,Energy,110.38,112.53,108.3,108.56,104.72,21763039
2024-05-21,XOM,Exxon Mobil Corporation,Energy,108.82,110.91,107.66,110.09,106.19,20371257
2024-05-22,XOM,Exxon Mobil Corporation,Energy,109.47,109.66,107.47,109.15,105.28,19409630
2024-05-23,XOM,Exxon Mobil Corporation,Energy,108.72,112.04,107.16,111.21,107.26,13955138
2024-05-24,XOM,Exxon Mobil Corporation,Energy,111.2,113.51,110.54,111.91,107.92,15604399
2024-05-27,XOM,Exxon Mobil Corporation,Energy,112.44,113.99,110.13,111.6,107.62,19807438
2024-05-28,XOM,Exxon Mobil Corporation,Energy,112.55,113.21,109.24,110.61,106.66,16137595
2024-05-29,XOM,Exxon Mobil Corporation,Energy,110.12,113.07,108.42,112.2,108.18,20807780
2024-05-30,XOM,Exxon Mobil Corporation,Energy,111.92,115.46,111.77,114.62,110.52,22528702
2024-05-31,XOM,Exxon Mobil Corporation,Energy,115.01,115.97,112.69,113.71,109.63,24209106
2024-06-03,XOM,Exxon Mobil Corporation,Energy,113.34,113.6,109.04,111.7,107.69,20728446
2024-06-04,XOM,Exxon Mobil Corporation,Energy,110.92,113.2,110.38,113.06,109.0,20394594
2024-06-05,XOM,Exxon Mobil Corporation,Energy,113.15,113.8,110.22,110.49,106.51,11848773
2024-06-06,XOM,Exxon Mobil Corporation,Energy,110.5,110.65,106.25,108.24,104.33,13086466
2024-06-07,XOM,Exxon Mobil Corporation,Energy,108.82,108.89,106.13,106.45,102.6,21523684
2024-06-10,XOM,Exxon Mobil Corporation,Energy,106.37,108.79,104.78,105.8,101.98,19856143
2024-06-11,XOM,Exxon Mobil Corporation,Energy,105.72,108.04,103.34,103.59,99.84,15974444
2024-06-12,XOM,Exxon Mobil Corporation,Energy,103.85,104.25,100.08,100.43,96.78,18535117
2024-06-13,XOM,Exxon Mobil Corporation,Energy,100.69,105.69,96.93,98.65,95.07,17668565
2024-06-14,XOM,Exxon Mobil Corporation,Energy,98.31,100.62,97.62,99.77,96.14,12664060
2024-06-17,XOM,Exxon Mobil Corporation,Energy,99.1,99.42,97.73,97.78,94.22,20501354
2024-06-18,XOM,Exxon Mobil Corporation,Energy,97.75,98.71,95.86,97.31,93.76,15273387
2024-06-19,XOM,Exxon Mobil Corporation,Energy,96.78,100.85,96.22,100.54,96.86,18791987
2024-06-20,XOM,Exxon Mobil Corporation,Energy,100.55,100.65,99.87,100.53,96.85,10101510
2024-06-21,XOM,Exxon Mobil Corporation,Energy,100.8,102.92,100.09,101.17,97.47,21094961
2024-06-24,XOM,Exxon Mobil Corporation,Energy,100.88,102.88,98.0,99.69,96.03,9752822
2024-06-25,XOM,Exxon Mobil Corporation,Energy,99.5,103.85,98.27,103.36,99.56,15952460
2024-06-26,XOM,Exxon Mobil Corporation,Energy,103.91,106.26,102.01,102.53,98.75,14417780
2024-06-27,XOM,Exxon Mobil Corporation,Energy,103.11,105.33,101.09,102.22,98.45,15707524
2024-06-28,XOM,Exxon Mobil Corporation,Energy,101.87,104.74,100.73,104.52,100.67,7432174
2024-07-01,XOM,Exxon Mobil Corporation,Energy,103.93,104.91,103.36,104.29,100.44,23194603
2024-07-02,XOM,Exxon Mobil Corporation,Energy,105.0,107.35,103.64,104.45,100.59,17925402
2024-07-03,XOM,Exxon Mobil Corporation,Energy,104.87,106.72,103.39,104.05,100.19,12129093
2024-07-04,XOM,Exxon Mobil Corporation,Energy,104.24,104.35,103.18,103.66,99.81,14108827
2024-07-05,XOM,Exxon Mobil Corporation,Energy,102.75,104.58,102.45,104.36,100.49,19900113
2024-07-08,XOM,Exxon Mobil Corporation,Energy,104.33,105.43,102.47,105.39,101.47,22148505
2024-07-09,XOM,Exxon Mobil Corporation,Energy,105.94,108.28,104.06,104.36,100.48,27554942
2024-07-10,XOM,Exxon Mobil Corporation,Energy,104.1,105.62,101.99,103.14,99.29,12440865
2024-07-11,XOM,Exxon Mobil Corporation,Energy,102.96,104.89,99.4,102.19,98.37,16994995
2024-07-12,XOM,Exxon Mobil Corporation,Energy,102.41,102.8,98.56,99.94,96.21,14214821
2024-07-15,XOM,Exxon Mobil Corporation,Energy,100.31,103.21,97.07,97.45,93.8,16142427
2024-07-16,XOM,Exxon Mobil Corporation,Energy,97.3,98.01,96.16,97.99,94.32,20380873
2024-07-17,XOM,Exxon Mobil Corporation,Energy,97.93,100.15,97.11,99.59,95.85,17965012
2024-07-18,XOM,Exxon Mobil Corporation,Energy,98.8,103.1,98.61,101.09,97.29,21273332
2024-07-19,XOM,Exxon Mobil Corporation,Energy,101.57,101.66,96.49,97.3,93.63,8897057
2024-07-22,XOM,Exxon Mobil Corporation,Energy,97.45,102.15,96.31,96.98,93.32,17901570
2024-07-23,XOM,Exxon Mobil Corporation,Energy,97.9,99.61,94.35,95.31,91.71,17348704
2024-07-24,XOM,Exxon Mobil Corporation,Energy,95.48,95.74,95.36,95.61,91.99,24304509
2024-07-25,XOM,Exxon Mobil Corporation,Energy,95.81,96.16,92.85,95.03,91.43,16576755
2024-07-26,XOM,Exxon Mobil Corporation,Energy,94.89,97.22,92.17,96.02,92.38,29338686
2024-07-29,XOM,Exxon Mobil Corporation,Energy,96.01,96.35,95.42,96.06,92.42,19613464
2024-07-30,XOM,Exxon Mobil Corporation,Energy,96.08,99.2,90.94,93.2,89.65,16784793
2024-07-31,XOM,Exxon Mobil Corporation,Energy,92.78,93.24,88.23,91.8,88.3,20134759
2024-08-01,XOM,Exxon Mobil Corporation,Energy,91.57,92.23,90.57,91.88,88.37,16105217
2024-08-02,XOM,Exxon Mobil Corporation,Energy,91.82,92.96,89.87,92.08,88.57,15798004
2024-08-05,XOM,Exxon Mobil Corporation,Energy,93.04,94.27,89.37,90.05,86.61,13366832
2024-08-06,XOM,Exxon Mobil Corporation,Energy,90.59,92.74,87.8,87.88,84.51,19003636
2024-08-07,XOM,Exxon Mobil Corporation,Energy,87.67,88.93,85.89,88.02,84.65,22169016
2024-08-08,XOM,Exxon Mobil Corporation,Energy,87.85,89.25,84.74,86.09,82.78,15944995
2024-08-09,XOM,Exxon Mobil Corporation,Energy,86.12,86.84,82.86,83.83,80.61,16918086
2024-08-12,XOM,Exxon Mobil Corporation,Energy,83.98,84.13,83.13,83.28,80.08,24029999
2024-08-13,XOM,Exxon Mobil Corporation,Energy,83.13,84.68,82.58,82.68,79.49,24000047
2024-08-14,XOM,Exxon Mobil Corporation,Energy,82.54,83.3,81.05,81.56,78.41,17108877
2024-08-15,XOM,Exxon Mobil Corporation,Energy,81.67,84.04,79.35,80.68,77.57,20246033
2024-08-16,XOM,Exxon Mobil Corporation,Energy,80.95,81.8,80.47,80.76,77.64,16202011
2024-08-19,XOM,Exxon Mobil Corporation,Energy,81.18,82.79,79.53,79.87,76.78,25088605
2024-08-20,XOM,Exxon Mobil Corporation,Energy,79.94,80.64,78.85,80.02,76.92,25021650
2024-08-21,XOM,Exxon Mobil Corporation,Energy,80.37,81.4,78.54,79.58,76.49,17699838
2024-08-22,XOM,Exxon Mobil Corporation,Energy,79.61,80.31,79.09,79.86,76.76,9176196
2024-08-23,XOM,Exxon Mobil Corporation,Energy,79.88,81.82,79.74,81.08,77.92,21125475
2024-08-26,XOM,Exxon Mobil Corporation,Energy,80.78,82.26,80.51,82.26,79.06,15540654
2024-08-27,XOM,Exxon Mobil Corporation,Energy,82.27,84.34,80.14,84.08,80.8,11507405
2024-08-28,XOM,Exxon Mobil Corporation,Energy,83.34,86.52,82.79,85.3,81.97,24632456
2024-08-29,XOM,Exxon Mobil Corporation,Energy,85.3,86.22,84.38,85.7,82.35,16285498
2024-08-30,XOM,Exxon Mobil Corporation,Energy,85.58,86.31,85.09,85.16,81.82,18967661
2024-09-02,XOM,Exxon Mobil Corporation,Energy,84.56,85.0,84.18,84.68,81.36,21180900
2024-09-03,XOM,Exxon Mobil Corporation,Energy,84.92,85.52,82.6,83.53,80.25,14403887
2024-09-04,XOM,Exxon Mobil Corporation,Energy,83.68,86.0,82.83,83.6,80.31,17466974
2024-09-05,XOM,Exxon Mobil Corporation,Energy,84.17,85.56,82.71,84.63,81.29,23659823
2024-09-06,XOM,Exxon Mobil Corporation,Energy,84.33,85.21,81.98,83.69,80.39,22465236
2024-09-09,XOM,Exxon Mobil Corporation,Energy,83.18,84.11,81.17,83.7,80.39,18453164
2024-09-10,XOM,Exxon Mobil Corporation,Energy,82.75,82.88,82.7,82.84,79.56,19011822
2024-09-11,XOM,Exxon Mobil Corporation,Energy,82.54,84.86,82.05,83.18,79.89,20498272
2024-09-12,XOM,Exxon Mobil Corporation,Energy,82.68,85.2,81.64,82.5,79.23,24360884
2024-09-13,XOM,Exxon Mobil Corporation,Energy,82.41,82.45,81.5,81.56,78.33,13435102
2024-09-16,XOM,Exxon Mobil Corporation,Energy,81.35,81.86,79.25,80.72,77.51,16715594
2024-09-17,XOM,Exxon Mobil Corporation,Energy,80.52,81.83,80.24,81.45,78.21,11997150
2024-09-18,XOM,Exxon Mobil Corporation,Energy,81.67,82.64,80.24,81.38,78.14,19624179
2024-09-19,XOM,Exxon Mobil Corporation,Energy,81.8,83.16,80.26,80.87,77.64,22353004
2024-09-20,XOM,Exxon Mobil Corporation,Energy,80.93,81.54,80.16,81.28,78.03,22602389
